1,0,0.8,1.51,1.74,0.53,1.94,2.21,1.69,1.4
2,0,0.89,0.87,1.14,1.08,1.47,1.85,2.39,1.92
3,0,1.22,1.11,1.34,3.02,2.06,1.82,1.95,2.73
4,0,0.94,0.6,1.63,1.12,1.66,1.41,2.48,1.64
5,0,0.25,0.45,0,0.36,0,0.36,0.82,0.8
6,0,1.73,0.64,0.71,1.03,1,0.72,0.72,0.64
7,0,0.67,0.74,0.21,1.04,0.95,1.04,1.41,1.92
8,0,2.71,1.85,2.78,1.67,3.16,3.64,2.8,2.25
9,0,1.97,2.65,1.58,2.71,3.08,2.78,2.43,2.53
10,0,1.41,2.01,2.89,1.99,1.11,1.6,2.34,1.92
11,0,1.42,1.41,0.94,1.6,2.65,2.57,2.42,2.16
12,0,1.6,1.18,1.62,2.12,3.23,2.91,2.29,2.74
13,0,1.32,2.23,2.62,3.19,2.25,2.17,2.48,2.4
14,0,0.96,1.4,1.02,1.63,1.99,1.93,1.76,1.69
15,0,0.93,2,1.92,2.33,1.38,2.17,2.54,2.41
16,0,1.81,1.49,2.82,2.37,2.98,2.32,2.08,1.52
17,0,1.01,1.67,2,1.87,1.18,2,1.12,1.65
18,0,1.21,0.76,2.02,1.57,2.06,2.69,2.7,2.26
19,0,2.23,2.24,2.9,2.48,2.64,2.63,2.51,2.64
20,0,2.36,1.24,1.81,2.47,1.84,1.29,1.56,1.88
21,0,1.18,1.49,1.63,1.85,2.5,2.72,3.28,2.61
22,0,1.72,2.39,2.95,2.15,1.67,1.4,2.98,1.86
23,0,0.97,3.07,2.23,2.07,0.6,2.06,2.7,2.57
24,0,2.33,2.66,2.44,1.47,2.26,1.93,1.63,0.35
25,0,1.4,1.88,2.9,2.11,2,1.61,2.16,0.96
26,0,2.36,2.53,2.62,2.96,3.07,3.32,4.07,3.94
27,0,1.62,0.9,1.61,1.66,2.54,1.37,1.92,2.24
28,0,1.87,1.7,2.12,2.74,3.25,3.23,4.19,3.93
29,0,1.92,1.73,3.46,2.62,1.81,2.19,2.42,2.25
30,0,0.44,1.27,1.47,1.07,0,1.26,1.7,1.91
31,0,1.85,1.97,1.56,2.46,2.88,2.74,3.27,3.12
32,0,1.87,1.96,2.09,2.52,2.45,2.51,1.77,2.2
33,0,2.37,1.08,1.84,1.87,2.57,1.79,2.11,1.19
34,0,1.73,1.38,1.45,1.54,2.58,2.67,2.41,3.38
35,0,2.5,2.68,3.23,2.25,3.06,3.22,2.99,2.95
36,0,0.77,1.6,1.17,2,1.38,1.95,1.42,1.89
37,0,0.74,1.72,2.46,2.4,1.16,2,3.43,3.6
38,0,0.79,1.23,1.7,2.06,1.44,1.53,2.03,2.66
39,0,1.67,1.57,1.93,2.94,2.33,2.78,3.38,3.23
40,0,1.27,1.67,1.53,2.37,2.16,2.8,1.92,2.08
41,0,1.43,1.29,1.18,0.74,1.81,1.56,2.33,1.33
42,0,2.09,1.47,2.01,2.24,1.94,2.15,2.09,1.66
43,0,1.69,2.56,1.93,1.88,2.4,2.79,3.13,3.3
44,0,1.19,1.66,0.56,0.29,1.25,1.32,0.34,1.51
45,0,1.31,1.36,0.84,2.31,3.12,2.19,2.4,3.67
46,0,2.24,2.86,1.98,2.07,2.21,2.96,1.8,2.57
47,0,1.59,2.54,1.26,1.08,2.08,2.16,1.6,2.01
48,0,0.96,0.83,1.5,1.56,0.36,0.21,1.41,2.32
49,0,2.02,2.31,2.61,1.79,1.23,1.87,2.65,0.29
50,0,1.4,2.29,2.23,2.38,2.38,2.6,2.35,2
51,0,0.81,1.35,1.32,1.15,2.11,2.19,2.72,1.55
52,0,0.74,0.82,0.38,1.03,0.84,0.37,1.08,1.09
53,0,2.04,1.5,2.09,2.04,1.59,2.08,2.22,2.34
54,0,1.74,1.75,2.43,1.72,1.21,1.9,1.24,0.73
55,0,1.22,1.27,1.31,2.62,2.98,2.63,1.66,2.49
56,0,1.6,1.61,1.75,1.33,1.58,2.56,2.29,1.92
57,0,2.44,3.03,2.66,3.05,3.18,2.63,3.1,2.63
58,0,0.7,0.88,1.59,2.76,1.9,1.72,2.34,2.83
59,0,0.29,0.5,0.19,0.8,1.3,1.67,2.48,2.43
60,0,1.65,1.46,1.89,2.07,2.05,2.57,2.79,1.85
61,0,0.94,2.11,0.56,1.67,2.32,3.44,0.53,1.6
62,0,2.37,2.42,2.06,1.37,3.02,1.62,1.67,1.95
63,0,3.38,2.43,2.9,3.32,3.09,2.08,3.14,2.9
64,0,2.33,1.39,0.8,1.76,2.26,1.79,1.27,1.53
65,0,1.26,2.06,1.57,1.54,0.75,2.13,2.39,2.88
66,0,2.42,1.75,2.52,2.12,1.75,1.6,2.13,2.29
67,0,1.62,1.94,2.09,2.25,2.25,2.97,2.57,1.92
68,0,1.5,1.98,1.57,2.1,2.53,2.91,2.03,2.45
69,0,0.74,0.55,0.09,1.2,1.97,1.86,0.76,1.04
70,0,0.72,0.83,1.58,2.03,0.97,0.44,2.31,2.28
71,0,1.08,1.08,1.31,1.85,2.55,2.8,1.86,2.46
72,0,1.92,0.85,1.01,0.54,1.85,1.28,1.15,1.02
73,0,1.25,0.31,1.03,0.99,1.44,1.82,2.03,1.78
74,0,1.64,1.17,0.69,2.3,2.03,1.86,2.15,2.81
75,0,1.73,2.06,1.66,1.47,1.9,2.32,1.57,1.47
76,0,1.87,2,1.24,2.54,2.5,2.47,3.11,3.67
77,0,0.85,1.81,1.07,1.64,1.96,2,1.08,1.61
78,0,2.44,1.76,1.22,1.52,2.84,2.37,1.75,2.19
79,0,2.36,2.67,1.79,2.16,3.09,2.66,3.48,3.47
80,0,0.4,1.36,0.51,0.94,1.85,2.13,1.97,2.67
81,0,1.54,1.07,1.5,1.47,1.73,1.31,1.88,1.95
82,0,0.97,1.41,1.11,1.37,1.85,2.22,1.91,2.16
83,0,1.8,1.46,1.61,1.85,1.36,1.88,1.58,1.35
84,0,0.49,0.73,0.62,1.02,2.51,1.67,2.48,2.36
85,0,0.68,0.96,1.1,1.32,1.49,1.94,1.4,0.58
86,0,0.99,0.34,1.68,0.93,0.89,1.03,1.81,0.46
87,0,1.75,1.36,1.83,2.22,2.72,2.95,2.48,2.19
88,0,3.01,2.05,2.62,2.59,2.93,2.98,2.5,2.02
89,0,1.56,1.36,1.96,1.77,2.53,2.01,3.5,3.37
90,0,0.81,1.39,1.21,1.19,0.47,1.65,1.94,2.74
91,0,0.4,1.05,1.91,1.93,1.69,1.7,2.15,1.96
92,0,1.95,1.58,2.5,2.65,2.84,2.2,2.34,2.33
93,0,2.63,1.78,2.32,2.31,2.89,2.4,3.76,2.34
94,0,0.99,1.83,2.69,2.2,2.19,2.75,2.52,2.52
95,0,1.88,1.36,1.19,1.64,1.1,0.82,1.47,1.12
96,0,1.92,1.8,1.65,2.74,2.45,2.9,2.35,2.53
97,0,2.21,2.67,3.52,1.98,2.4,3.04,3.03,2.49
98,0,0.85,1.2,1.15,1.69,2.54,1.91,1.25,2.24
99,0,1.22,1.22,1.56,0.22,1.49,1.75,2.21,1.51
100,0,0.97,1.47,1.34,1.55,2.15,1.63,1.1,1.08
101,0,0.8,0.87,1.5,2.57,1.88,2.22,1.52,2.12
102,0,2.06,1.69,2.64,2.54,2,1.98,3.74,2.66
103,0,1.2,1.42,1.08,1.23,1.42,2.21,1.48,2.25
104,0,2.29,2.27,1.8,1.7,1.66,2.01,2.05,2.24
105,0,1.8,2.22,2.37,2.79,3.47,2.83,2.41,2.72
106,0,0.37,1.1,1.08,1.5,1.14,0.95,1.46,0.93
107,0,1.54,0.71,1.38,1.78,1.31,2.15,1.47,1.68
108,0,1.31,1.23,0.96,1.65,1.64,1.93,1.49,1.43
109,0,1.27,1.96,1.88,1.7,1.1,2.46,2.01,1.64
110,0,1.47,1.77,1.16,2.14,2.54,2.89,2.78,2.38
111,0,1.4,1.21,1.34,2.42,3.15,2.78,1.52,2.89
112,0,2.42,2.25,1.69,2.75,3.01,2.88,2.47,3.29
113,0,1.27,1.57,2.36,2.27,0.22,1.24,1.2,2.12
114,0,1.38,1.97,1.98,1.79,1.81,1.86,2.11,1.51
115,0,2,1.2,1.09,1.59,2.81,1.35,1.83,2.09
116,0,1.22,1.49,1.95,2.14,1.83,2.41,2.49,2.79
117,0,0.68,0.99,1.52,2.26,1.49,1.49,2.46,2.52
118,0,1.39,2.46,2.4,1.28,2.73,1.66,2.19,1.38
119,0,0.69,1.04,1.33,0.93,0.1,1.21,1.2,1.54
120,0,1.05,1.91,1.82,2.16,1.41,1.92,2.28,2.22
121,0,2.32,0.74,1.67,1.83,2.47,1.74,0.73,2.04
122,0,1.68,1.22,1.24,2.19,3.62,2.75,2.19,3.65
123,0,1.39,1.15,0.94,1.48,3.35,2.94,2.77,2.62
124,0,1.95,1.99,1.99,2.01,2.64,2.24,2.4,1.89
125,0,2.58,2.41,1.14,1.79,2.82,2.65,2.67,2.33
126,0,0.83,1.27,0.77,1.87,1.97,1.18,2.26,2.01
127,0,1.31,1.99,2.69,2.91,1.38,1.88,2.43,2.5
128,0,0.72,0,0.74,0.62,1.42,1.02,1.41,1.01
129,0,1.39,1.38,2.49,2.16,1.63,1.37,2.57,1.39
130,0,0.73,0.84,0.64,1.16,2.45,2.03,1.62,2.31
131,0,1.95,1.34,1.67,2.36,3.72,3.45,3.2,2.97
132,0,0.64,1.17,1.68,2.19,2.14,2.39,3.34,2.87
133,0,1.37,1.19,1.38,1.21,2.5,1.88,1.67,1.41
134,0,1.74,0.87,1.14,1.7,1.88,1.78,1.18,1.64
135,0,0.43,0.85,1.84,1.66,1.41,1.24,1.46,1.16
136,0,1.83,2.13,2.07,1.74,2.58,2.61,2.86,2.25
137,0,1.17,1.85,2.2,3.2,2.37,2.8,2.82,4.12
138,0,2.25,1.51,1.67,1.77,2.13,1.71,2.09,1.74
139,0,1.15,1.88,1.9,1.52,2.48,2.15,1.96,1.57
140,0,1.9,1.86,2.14,2.57,3.04,2.89,3.35,3.54
141,0,0,0.74,1.16,0.56,0.63,1.46,1.09,0.35
142,0,2.48,1.65,2.31,2.64,3.47,2.88,3.3,3.61
143,0,1.02,0.84,1.74,2.44,1.38,2.26,2.15,2.39
144,0,1.57,2.43,2.85,2.86,1.67,2.47,2.18,1.96
145,0,2.31,2.07,2.69,3.45,3.04,2.44,3.03,3.81
146,0,2,0.84,2.01,1.76,1.6,1.28,1.99,2.34
147,0,2.62,1.87,1.91,2.13,2.83,1.98,2.67,3.07
148,0,1.93,1.58,0.98,1.42,1.56,1.26,1.99,2.64
149,0,0.19,1.63,1.26,1.19,2.13,2.44,1.99,1.54
150,0,0.84,0.45,2.14,1.5,0.82,0.4,1.44,1.17
151,0,1.34,3,2.43,1.6,2.98,3.38,3.08,2.89
152,0,1.41,1.71,1.07,1.43,1.49,1.87,2.07,2.39
153,0,2.52,2.79,2.76,3.15,3.12,2.59,3.27,3.3
154,0,1.72,1.48,2.26,2.27,2.33,2.83,3.22,3.22
155,0,0.04,0.88,1.83,1.31,1.9,2.17,2.64,1.72
156,0,1.78,1.86,2.52,2.07,2.13,1.68,2.72,2.45
157,0,2.12,1.69,2.82,2.05,2.29,2.19,2.9,2.01
158,0,1.5,1.83,1.17,1.64,1.91,2.62,2.28,1.34
159,0,1.67,1.55,1.11,1.39,1.22,1.73,0.91,1.61
160,0,2.33,1.86,2.49,2.08,3.42,2.22,3.25,1.74
161,0,0.89,1.1,0.82,2.43,2.75,2.87,1.92,2.59
162,0,2.2,2.33,2.27,2.05,1.61,2.13,2.11,1.88
163,0,2.88,1.84,2.52,2.72,3.44,3.01,4.03,3.44
164,0,1.13,1.44,1.63,0.67,1.76,1.97,1.89,1.79
165,0,0,1.22,1.24,1.17,0,1.15,1.56,1.51
166,0,1.4,1.85,1.47,2.26,2.8,2.92,2.82,2.53
167,0,2.11,2.54,2.45,2.67,3.05,2.52,2.85,3.52
168,0,1.44,1.68,1.68,2.42,2.07,2.08,1.77,2.06
169,0,0.77,1.69,1.92,1.26,2.12,2.4,2.36,2.17
170,0,3.1,2.43,3.37,2.86,3.05,2.63,4.43,3.18
171,0,1.37,1.88,2.26,2.35,1.66,2.13,3.11,2.29
172,0,1.34,1.8,1.29,2.26,2.11,2.03,1.17,1.92
173,0,2.51,1.68,2.28,1.35,1.52,2.17,2.86,1.35
174,0,2.01,1.9,1.93,2.69,1.67,1.92,2.45,1.88
175,0,2.04,1.52,2.17,1.83,1.33,1.03,1.22,1.64
176,0,0.69,1.08,2.61,2.05,2.93,3.27,2.79,2.6
177,0,1.73,2.01,2,1.02,2.19,2.51,2.25,2.21
178,0,2.09,1.85,2.85,2.43,1.41,1.95,2.74,2.51
179,0,0.54,0.57,1.49,2.18,1.64,2.17,2.57,2.92
180,0,1.79,1.6,0.7,1.46,2.61,2.35,1.62,2.31
181,0,1.68,2.22,1.95,1.86,1.96,1.92,2.95,2.51
182,0,1.1,1.65,1.77,1.56,1.52,1.77,0.93,1.81
183,0,1.57,1.51,1.55,2.37,2.08,2.3,3.34,2.39
184,0,0.97,1.35,1.1,1.14,1.85,1.84,1.11,0.93
185,0,1.94,1.31,1.49,2.71,2.41,2.09,2.89,3.45
186,0,1.69,0.96,1.25,1.77,1.23,1.43,1.84,1.93
187,0,1.66,1.78,2.21,1.95,1.6,1.93,2.11,2.18
188,0,2.99,2.34,3.08,2.91,3.15,1.88,2.25,2.24
189,0,1.07,1.09,1.46,0.9,1.31,1.37,1.52,1.26
190,0,2.79,2.33,2.16,1.35,4.14,3.27,3.23,1.64
191,0,1.62,1.99,2.01,2.16,2.25,1.96,2,1.74
192,0,2.01,0.89,1.72,2.19,2.38,2.72,2.76,2.1
193,0,1.56,1.68,1.97,1.88,1.89,2.15,2.92,3.05
194,0,0.71,1.01,0.43,1,0.99,0.83,0.42,1.73
195,0,1.7,1.63,2.76,3.09,1.19,2.56,3.21,2.9
196,0,0.56,0.49,0.76,0.9,0.4,0.99,1.9,1.16
197,0,2.44,1.82,2.01,2.5,1.82,1.79,2.27,3.39
198,0,1.54,1.25,0.79,1.36,1.96,1.57,1.2,1.26
199,0,1.32,1.5,1.94,1.23,1.15,0.9,2.01,2.13
200,0,2.14,2.46,2.31,1.83,3.12,2.82,2.82,2.06
201,0,1.22,0.92,1.68,2.23,1.68,1.81,2.31,1.37
202,0,0.61,0.64,1.28,1.29,1.91,1.07,1.25,0.43
203,0,2.65,2.57,1.83,2.09,2.76,3.35,2.7,2.98
204,0,1.59,1.7,0.63,1.9,1.39,1.62,0.72,1.95
205,0,0.43,0,0.07,0.46,1.98,1.84,1.95,1.44
206,0,2.12,2.27,2.17,1.91,3.53,3.82,4.12,3.65
207,0,1.28,1.18,1.26,1.54,1.55,0.91,1.81,1.96
208,0,0.64,0.25,0.48,0,2.54,2.18,1.29,1.48
209,0,0.99,0.5,0.9,2.11,1.16,1.26,1.5,2.63
210,0,1.47,2.01,2.18,2.02,1.58,2.26,2.29,3.1
211,0,1.12,1.32,1.75,1.28,1.8,2.06,1.71,1.21
212,0,1.35,0.93,0.25,1.46,1.62,0.85,1.22,1.61
213,0,0.89,1.54,0.56,0.89,1.73,2.48,1.64,1.34
214,0,2.79,2.18,2.54,3.13,3.11,3.28,2.67,3.9
215,0,0.3,0.89,1.15,1.84,1.69,2.29,2.35,2.65
216,0,2.04,0.75,1.85,1.52,1.18,0.62,1.31,1.4
217,0,0.3,0.97,1.41,1.09,1.44,1.29,1.89,2.24
218,0,0.82,2.55,1.2,2.52,2.99,2.29,2.01,3.12
219,0,1.52,1.83,3.27,3.37,2.75,3.82,4.13,3.37
220,0,1.29,1.4,2.47,2.28,2.35,2.23,2.48,2.13
221,0,2.59,2.05,3.16,2.47,3.07,3.1,2.65,1.7
222,0,1.78,2.39,2.86,2.64,3.08,3.34,3.58,3.48
223,0,1.51,2.16,1.68,2.11,1.97,2.46,2.52,2.41
224,0,1.48,1.68,1.14,1.97,2.13,2.17,1.72,1.14
225,0,2.05,1.95,2.51,3.18,1.92,2.77,2.38,2.71
226,0,0.92,0.93,0.55,1.41,1.85,1.58,0.79,1.46
227,0,1.95,1.33,1.69,1.61,2.79,2.35,4.27,3.37
228,0,1.19,1.17,0.85,1.69,1.46,0.84,0.71,1.93
229,0,0.44,1.54,2.4,1.44,2.39,3.28,3.03,3.21
230,0,1.7,2.22,2.32,2.94,3.74,3.02,3.37,2.88
231,0,1.02,1.04,0.69,1.42,1.88,2.12,1.65,1.48
232,0,2.19,3.11,2.78,2.63,3.47,3.92,3.94,3.07
233,0,1.42,1.33,1.54,2.21,1.68,1.5,2.09,3.01
234,0,2.65,1.69,2.17,2.22,2.19,1.83,1.71,3.2
235,0,2.05,1.02,1.85,2.93,2.58,2.44,3.09,3.42
236,0,2.39,2.35,3.09,3.32,2.57,2.45,2.83,3.07
237,0,0.88,1.8,1.25,2.86,0.71,1.85,1.95,2.67
238,0,1.84,3.02,2.07,2.22,3.01,3.08,2.69,2.64
239,0,1.37,1.09,2.2,2.39,1.7,2.1,3.21,3.3
240,0,0.58,1.62,1.32,1.64,0.96,1.41,0.51,1.14
241,0,1.54,2.13,1.33,2.24,2.1,1.76,2.46,3.31
242,0,1.86,2.08,1.79,2.3,0.63,1.07,1.78,2.08
243,0,1.83,1.92,1.49,1.74,1.91,1.88,2.14,2.68
244,0,1.4,1.19,0.86,1.31,1.74,2.11,0.51,1.11
245,0,2.35,2.07,1.78,2.1,3.34,2.28,3.51,2.98
246,0,2.07,1.35,1.07,2.13,2.42,1.94,1.81,3
247,0,0.96,2,0.95,0.73,2.96,2.52,1.47,1.7
248,0,1.14,1.58,1.62,1.31,2.04,1.92,2.53,2.47
249,0,1.5,1.26,1.3,1.37,2.78,2.93,2.41,2.54
250,0,1.75,1.92,2.65,2.12,2.66,2.32,1.61,1.51
251,0,0.6,1.18,1.26,2.15,0.55,0.94,0.75,1.94
252,0,0.87,0.38,0.59,1.06,2.01,2.05,1.29,2.36
253,0,2.3,2.14,2.28,2.88,3.11,2.64,3.1,4.52
254,0,0.95,1.32,0.67,1.99,2.16,1.14,1.78,3.35
255,0,1.15,0.88,1.72,1.32,2.87,2.72,2.63,1.5
256,0,1.74,1.65,0.69,2.29,2.32,1.82,2.16,3.57
257,0,2.06,1.18,2.11,2.84,2.28,1.93,2.96,2.42
258,0,1.85,2.41,3.02,2.19,2.31,2.65,3.39,3.57
259,0,2.38,1.53,2.02,1.53,1.63,1.26,1.53,2.13
260,0,1.59,1.33,1.08,1.62,0.92,0.66,1.27,1.42
261,0,1.07,0.84,1.47,2.49,2.98,3.32,2.89,4.14
262,0,2.21,1.9,1.4,3.48,3.59,3.19,3.45,3.97
263,0,2.32,2.46,2.51,2.2,2.33,2.57,2.39,3.71
264,0,0.23,0.92,0.32,0.84,1.09,1.05,0,0
265,0,1.99,1.33,1.88,2.58,2.14,1.88,2.38,3.37
266,0,2.37,2.68,2.6,1.08,1.03,1.78,1.86,0.96
267,0,0.64,2.13,2.5,1.96,1.72,2,1.79,1.28
268,0,1.63,1.53,2.28,2.73,2.62,3.34,3.83,3.82
269,0,0.57,0.44,1.23,1.69,1.83,1.17,1.73,2.07
270,0,1.17,2.06,2.87,1.83,3.18,3.47,3.66,3.65
271,0,1.93,1.94,1.61,2.54,3.27,2.91,3.39,3.7
272,0,0.68,1.34,1.24,1.43,1.48,1.35,2.2,1.44
273,0,1.55,0.66,1.41,1.71,1.79,1.86,2.72,2.59
274,0,1.18,1.46,1.81,1.81,2.09,2.22,3.48,2.73
275,0,1.96,1.45,2.12,1.93,2.45,2.28,3.23,1.44
276,0,1.57,1.64,1.02,1.78,1.3,1.35,0.73,2.43
277,0,1.71,2.5,2.28,3.54,3.07,3.94,3.23,4.19
278,0,1.74,1.88,1.52,2.12,2.6,2.54,1.59,2.99
279,0,1.22,1.85,1.56,1.76,2.01,1.66,1.91,1.68
280,0,1.52,1.33,0.67,1.05,1.33,1.19,1.37,0.62
281,0,2.36,1.4,0.4,1.01,1.89,0.67,1.3,1.61
282,0,2.95,3.36,3.45,3.71,2.82,3.51,3.42,4.38
283,0,2.25,2.42,2.48,3.16,2.85,2.68,3.19,4.69
284,0,0.61,1.49,1.8,2.02,0.2,0.84,1.63,1.25
285,0,1.45,2.13,1.98,1.64,2.36,3.26,3.34,2.43
286,0,2.27,2.15,2.23,1.44,1.49,2.45,1.8,1.67
287,0,1.46,0.61,1.77,2.28,1.51,0.81,1.51,1.57
288,0,2.54,2.64,2.46,2.41,2.74,3.11,3.44,3.94
289,0,0.61,1.34,1.19,0.72,1.36,1.48,1.13,1.63
290,0,0.74,2.33,2.78,2.88,2.54,2.75,2.73,2.69
291,0,1.01,1.47,1.8,1.01,1.56,1.72,2.04,1.34
292,0,2.45,1.71,2.61,2.05,3.02,2.39,3.04,2.75
293,0,1.9,2.57,2.45,2.46,2.32,2.43,3.72,2.76
294,0,1.46,1.7,1.79,2.4,1.18,1.5,1.27,1.6
295,0,2.4,2.59,3.79,2.96,2.18,2.12,3.15,3.26
296,0,1.59,1.7,2.04,1.87,2.46,1.81,3.42,2.55
297,0,1.52,1.28,0.88,1.57,1.6,1.16,1.68,0.78
298,0,2.44,1.75,2.31,3.22,2.14,3.1,3.22,3.46
299,0,0.1,0.87,0.53,1.09,1.79,1.58,2.31,2
300,0,0.83,1.84,1.26,1.36,2.66,2.62,2.54,2.52
301,0,0.82,1.44,1.33,1.5,1.05,2.03,1.73,2.69
302,0,2.35,2.15,2.5,2.78,2.9,3.99,3.25,3.08
303,0,1.89,1.9,2.78,2.78,2.3,2.25,2.82,2.32
304,0,1.06,1.18,0.51,1.1,1.29,2,1.06,1.64
305,0,1.19,1.87,1.9,3.3,2.22,2.77,2.78,3.31
306,0,1.61,1.17,0.85,1.46,1.42,1.98,0.89,0.31
307,0,1.44,1.51,2.91,2.59,2.77,1.9,3.1,2.27
308,0,1.97,0.97,2.25,1.9,2.36,2.76,2.74,2.52
309,0,2.21,1.43,1.28,2.71,3.38,2.86,2.71,3.68
310,0,1.41,1.62,1.72,1.89,1.1,1.38,1.58,0.98
311,0,1.93,1.6,1.36,1.85,2.06,1.64,1.97,1.71
312,0,1.56,0.69,1.42,1.8,1.7,1.14,1.05,0.81
313,0,1.57,1.7,1.67,2.07,1.27,1.94,1.28,1.83
314,0,0.15,0.56,0.99,1.8,2.08,2.51,2.38,2.58
315,0,0.52,0.5,0.6,0.49,1.48,1.51,1.37,1.61
316,0,0.28,0.27,1.27,1.15,1.06,1.39,1.49,2.31
317,0,2.18,1.65,1.59,1.39,2.66,2.23,2.17,1.33
318,0,2.44,1.81,2.35,2.33,3.5,3.39,3.57,2.98
319,0,1.14,1.35,1.6,1.51,0.8,1.03,1.05,1.19
320,0,2.43,1.59,2.05,1.93,2.4,1.26,1.92,2.02
321,0,1.96,1.67,1.84,2.68,2.61,2.23,2.46,3
322,0,0.78,1.8,2.22,1.66,1.57,1.37,2.03,2.09
323,0,1.12,1.55,1.3,2.03,2.2,2.63,2.88,3.52
324,0,2.11,1.7,2.28,2.96,1.87,2.21,3.71,2.72
325,0,0.55,1.15,0.45,0.85,1.41,1.28,1.49,2.35
326,0,2.26,1.21,1.32,1.67,1.43,1.5,1.22,1.35
327,0,1.65,1.52,2.09,1.9,2.17,1.46,2.46,2.67
328,0,1.62,1.62,1.57,1.94,2.73,2.75,2.45,2.21
329,0,2.2,1.86,1.18,1.74,0.91,0.79,1.23,1.74
330,0,2.27,3.14,3.8,3.68,3.74,3.93,4.36,5
331,0,1.03,0.96,2.86,1.6,0.94,1.22,2.45,1.58
332,0,1.7,1.75,2.48,2.33,2.87,2.72,3.4,3.27
333,0,1.64,1.6,0.66,1.6,1.63,1.2,1.9,2.34
334,0,2.18,1.39,2.05,2.23,3.1,1.92,2.77,2.32
335,0,1.2,0.63,0.63,0.52,1.68,1.67,1.46,1.11
336,0,1.95,2.29,2.08,2.66,1.71,2.45,2.69,2.17
337,0,2.04,2.2,2.58,2.48,1.71,1.94,2.24,2.93
338,0,1.58,1.32,2.1,2.58,3.5,3.02,2.73,2.89
339,0,1.39,2.53,1.56,2.08,2.35,1.8,2.72,2.63
340,0,1.43,1.55,1.25,0.52,2.27,1.95,2.73,1.52
341,0,1.78,1.58,1.33,1,1.72,1.13,1.3,1.19
342,0,2.04,0.77,1.16,0.98,2.52,2.31,3.02,1.86
343,0,2.64,2.28,2.27,2.86,2.03,2.25,2.4,3.84
344,0,0.88,1.02,1.3,0.18,1.53,0.74,1.61,0.32
345,0,1.42,1.57,1.39,1.25,3.23,2.71,3.37,2.19
346,0,1.61,2.54,1.76,2.02,2.57,2.1,1.58,2.4
347,0,1.05,1.52,1.76,1.17,1.32,2.51,2.29,2.64
348,0,1.78,2.08,2.06,1.73,3.01,2.97,2.66,2.52
349,0,2.64,0.81,1.27,2.66,1.99,1.02,1.86,2.59
350,0,2.28,1.79,1.21,0.99,2.97,2.21,1.79,1.72
351,0,2.05,1.07,1.66,2.43,2.6,2.32,2.37,2.11
352,0,1.69,1.62,2.56,2.59,2.41,3.1,3.67,3.55
353,0,2.37,1.79,2.43,1.63,3.15,3.2,2.94,2.54
354,0,1.12,0.63,1.17,1.48,2.27,1.42,1.81,1.68
355,0,1.46,1.75,1.67,1.92,2,1.39,2,2.16
356,0,1.14,1.75,0.81,0.49,1.61,2.44,3.11,3.05
357,0,1.06,1.47,2.46,2.42,2.67,3.04,3.49,3.8
358,0,1.4,1.26,0.56,1.97,1.75,1.25,1.87,2.35
359,0,0.85,1.28,1.71,1.5,2.17,2.45,3.31,3.21
360,0,1.01,2.13,1.78,0.81,1.03,1.41,1.67,1.31
361,0,0.97,1.08,2.38,2.19,2.12,2.25,2.89,2.77
362,0,2.19,3,1.8,2.48,2.95,2.64,1.7,2.27
363,0,1.77,1.41,1.64,1.43,2.46,2.63,1.75,1.45
364,0,1.22,1.23,1.05,0.94,2.76,1.98,2.44,1.55
365,0,1.37,1.74,1.63,2.07,2.19,2.1,1.86,1.47
366,0,0.9,0.72,1.14,1.58,1.99,1.57,1.44,1.88
367,0,1.53,1.89,3.19,2.5,1.65,2.32,1.9,1.29
368,0,2.65,2.03,2.14,1.94,3.29,2.81,3.43,2.99
369,0,1.5,1.24,1.85,1.37,1.02,2.27,2.97,2.46
370,0,1.44,1.53,0.61,1.27,1.76,1.96,2.22,2.81
371,0,2.63,2.03,2.4,2.01,2.65,2.77,2.81,2.31
372,0,2.26,2.36,1.77,2.51,3.12,3.05,2.62,3.28
373,0,1.81,0.77,0.47,1.69,1.46,1.18,1.9,1.18
374,0,1.88,2.72,1.23,1.69,2.39,2.38,1.58,2.3
375,0,1.34,1.47,2.57,3.02,1.58,2.64,2.72,3.01
376,0,1.79,2.09,2.14,3.13,3.02,2.38,2.01,2.95
377,0,1.19,2.21,1.79,3.02,3.14,3.6,2.71,4.19
378,0,1.23,1.07,1.61,2.24,2.82,2.57,2.08,2.94
379,0,1.21,2.18,2.18,2.25,1.59,1.97,2.89,2.71
380,0,1.13,1.75,2.43,1.65,1.03,2.08,2.11,1.62
381,0,0.99,1.48,1.42,1.63,1.7,2.08,1.4,1.48
382,0,2.22,2.23,1.6,1.29,0.84,2.19,2.17,2.26
383,0,2.05,1.94,2.66,2.56,2.81,2.6,3.15,2.98
384,0,1.26,1.59,1.83,0.88,0.72,1.69,1.45,0.57
385,0,1.95,1.28,1.96,2.22,2.22,1.21,1.62,2.6
386,0,1.87,2.65,1.91,1.4,2.76,2.51,3.62,3.68
387,0,2.11,1.62,1.2,1.72,1.62,1.42,1.2,1.95
388,0,2.19,1.82,1.59,1.94,2.65,2.34,2.55,1.6
389,0,1.75,1.63,2.24,2.92,2.66,2.72,2.41,3.12
390,0,1.57,1.35,1.52,1.62,3.19,2.55,1.92,2.06
391,0,2.47,1.13,1.17,2.34,2.79,1.47,2.55,3.72
392,0,1.49,1.8,1.43,1.33,1.1,1.32,1.05,1.61
393,0,1.29,1.83,1.65,1.74,2.86,3,3.73,2.85
394,0,0.83,1.3,2.23,2.11,2.89,3.16,3.88,3.08
395,0,1.56,1.34,1.54,1.87,2.77,2.33,1.37,1.44
396,0,0.56,1.97,1.07,1.58,1.63,2.85,3.05,2.95
397,0,0.82,1.25,1.78,1.72,1.18,1.69,2.54,1.53
398,0,2.03,1.73,1.9,2.33,2.5,2.89,1.73,2.58
399,0,2.12,1.87,1.63,2.88,2.92,2.78,1.8,2.37
400,0,0.02,0.86,0,0.26,1.47,0.97,1.13,1.55
401,0,1.13,1.49,0.97,1.23,0.84,0.9,1.5,1.4
402,0,2.03,1.45,1.73,3.42,2.73,2.65,2.25,3.98
403,0,2.34,2.46,2.45,2.01,1.8,1.74,2.43,1.91
404,0,1.62,1.54,1.72,1.64,1.87,1.51,1.48,1.7
405,0,1.28,1.78,2.6,2.05,2.16,1.96,2.82,2.35
406,0,0.39,1.83,2.06,2.36,2.01,2.65,2.45,3.05
407,0,1.08,2.07,2.19,2.43,2.03,2.52,2.74,2.63
408,0,0.87,1.8,1.25,1.29,2.6,3.14,2.47,2.82
409,0,1.67,1.74,2.46,2.36,2.67,2.4,3,3.96
410,0,2.48,3.08,3.2,2.62,1.81,2.51,2.54,2.06
411,0,0,0.34,0.85,1.65,0.3,1.67,0.54,1.34
412,0,2.43,2.18,2.1,2.1,2.48,2.14,2.37,2.41
413,0,2.97,2.83,2.94,2.67,3.04,3.1,3.11,2.71
414,0,1.92,1.71,1.38,1.67,1.37,1.15,1.79,2.41
415,0,2.29,2.01,2.27,1.56,1.28,1.62,2.17,1.77
416,0,2.16,1.87,1.72,2.71,1.78,1.52,2.32,2.68
417,0,0.14,0.88,0.13,1.28,1.27,1.3,0.87,1.5
418,0,1.6,2.79,2.99,3.15,2.78,3.19,4.14,2.35
419,0,0.56,1.03,2.08,1.02,2.96,3.06,3.52,1.33
420,0,1.04,2.02,1.83,2.37,1.52,2.31,2.29,2.48
421,0,2.03,1.12,1.51,1.06,1.59,0.92,1.47,1.64
422,0,1.98,1.68,2.02,2.66,1.48,2.02,2.39,3.09
423,0,1.45,1.13,0.69,1.3,3.12,3.28,2.98,2.12
424,0,1.3,1.64,0.97,0.93,1.41,1.13,0.63,0.91
425,0,2.64,2.41,2.34,2.41,2.37,2.49,2.94,3.73
426,0,2.04,1.91,2.19,2.81,3.27,2.83,2.33,2.99
427,0,1.37,1.06,0.78,1.98,2.35,1.96,1.56,1.99
428,0,0.84,1.23,1.23,1.99,1.92,2.3,1.1,3.22
429,0,2.23,1.94,1.35,2.01,1.22,2.4,2.43,1.63
430,0,1.76,1.48,1.57,1.22,2.02,2.13,1.25,0.09
431,0,2.47,1.01,2.06,2.13,2.79,2.79,2.64,2.83
432,0,0.97,1.45,1.37,1.86,2.01,1.69,1.12,1.23
433,0,1.22,1.56,1.3,1.85,2.61,2.12,2.51,2.27
434,0,1.59,1.51,1.82,2.02,2.91,2.62,3.05,3.55
435,0,1.58,0.61,0.67,1.42,2.45,1.82,1.84,2.29
436,0,1.72,1.81,1.91,2.63,2.31,2.49,2.73,2.87
437,0,1.88,1.72,3.24,2.81,2,3.12,2.89,3.6
438,0,1.64,1.22,1.49,1.18,0.72,1.05,1.71,1.45
439,0,1.41,1.27,0.96,1.16,0.88,2.02,2.13,2.1
440,0,1.56,1.63,1.24,1.2,2.06,1.93,2.37,2.49
441,0,0.4,0.5,1.6,0.97,0.86,1.44,1.08,1.65
442,0,1.04,2.2,0.98,1.95,2.03,3.05,1.79,1.79
443,0,0.77,1.12,0.81,0.81,1.28,1.39,0.04,0.33
444,0,0.99,1.85,1.74,1.87,2.74,2.11,3.44,2.47
445,0,0.44,0.76,1.06,1.86,1.39,1.3,1.26,2.19
446,0,1.81,1.92,1.83,1.63,3.05,2.88,3.62,3.73
447,0,1.33,1.34,0.22,1.66,2.26,2.76,1.81,2.92
448,0,1.32,1.65,2.22,2.48,2.35,2.93,3.41,2.72
449,0,0.88,1.49,2,1.49,1.89,2.28,1.97,1.67
450,0,1.21,1.65,0.63,1.45,1.43,1.36,1.67,3.39
451,0,0.07,0.25,0.37,0.72,0.74,1.59,1.18,0.61
452,0,1.09,1.24,1.69,2.21,1.52,1.13,2.11,1.79
453,0,1.07,2.2,1.49,2.49,2.21,2.83,2.71,2.6
454,0,2.98,2.48,2.07,2.42,3,3.43,3.7,3.99
455,0,3.08,2.41,2.42,3.08,3.23,3.07,2.95,3.79
456,0,1.7,2.08,1.56,1.59,1.49,2.11,1.16,1.12
457,0,2.16,0.41,1.74,1.35,2.84,2.28,2.48,2.53
458,0,1.2,0.99,0.65,1.25,1.46,1.72,0.9,0.75
459,0,2.01,2.53,2.09,1.98,2.41,2.92,2.2,2.49
460,0,1.72,1.7,2.36,2.35,1.97,1.45,2.3,2.6
461,0,1.47,1.15,1.33,1.53,1.82,2.5,2.78,2.82
462,0,1.06,1.35,1.57,2.1,1.59,1.54,0.66,1.66
463,0,0.8,1.36,0.95,1.64,1.22,1.1,0.34,1
464,0,1.63,1.24,1.47,0.65,2.05,1.94,2.03,2.43
465,0,2.15,2.07,2.95,2.33,2.62,2.33,2.47,2.95
466,0,1.54,1.32,1.53,2.07,2.55,2.43,2.64,3.55
467,0,0.78,1.13,1.32,1.05,3.17,2.24,2.7,1.92
468,0,0.69,0.48,0.32,0,1.95,1.55,1.67,1.32
469,0,1.53,1.1,1.31,2.03,2.18,1.91,1.27,2.38
470,0,1.92,2.46,1.1,1.83,2.29,2.76,2.14,1.73
471,0,1.24,1.6,0.94,0.51,2.98,2.53,2.46,1.66
472,0,1.17,0.65,2.49,2.15,1.42,1.86,2.43,1.64
473,0,1.25,2,2.25,2.56,2,2.17,2.98,2.9
474,0,1.26,0.19,0.27,1.02,1.9,2.03,1.8,1.53
475,0,1.44,2.85,2.36,2.29,2.46,2.34,1.74,1.91
476,0,0.98,2.51,0.82,1.31,1.94,1.95,0.96,1.95
477,0,0.65,0.71,0.83,2.12,1.79,2.05,1.62,2.1
478,0,1.96,3.04,3.86,2.9,1.62,2.23,2.76,2.77
479,0,1.15,1.62,1.87,1.81,1.89,1.31,2.19,2.46
480,0,1.19,1.28,1.52,2.79,1.79,1.92,1.53,2.84
481,0,1.25,2.46,1.43,2.29,1.61,2.93,2.57,3.21
482,0,2.29,2.68,2.87,1.49,2.3,1.9,2.13,1.33
483,0,1.22,0.72,1.17,1.55,1.58,1.78,2.42,1.85
484,0,1.68,1.4,1.57,1.7,2.2,1.94,1.04,1.13
485,0,2.27,1.67,1.93,2.18,2.74,3.24,2.03,3.27
486,0,1.86,1.8,1.44,2.49,2.48,2.35,1.85,2.96
487,0,1.41,1.64,2.36,2.47,1.86,2.38,2.03,2.79
488,0,1.11,0.65,2.26,1.8,2.08,1.53,2.22,2.42
489,0,2.26,2.18,2.08,1.92,2.47,2.54,1.67,2.12
490,0,1.22,1.03,2.45,2.6,1.85,1.81,2.93,2.53
491,0,1.08,1.01,0.16,1.44,3.09,2.14,1.59,2.6
492,0,1.87,1.75,1.49,1.8,2.34,1.79,2.58,2.58
493,0,0.78,1.29,0.82,1.43,1.64,1.43,1.07,1.35
494,0,1.33,1.25,1.27,1.5,2.29,1.66,2.58,2.53
495,0,1.01,1.85,1.37,1.27,1.42,1.74,1.29,0.65
496,0,1.6,2.19,3.04,3.03,3.07,3.17,3.6,3.94
497,0,0.45,0.56,1.07,1.42,0.98,1.91,1.53,3.59
498,0,1.74,1.98,2.15,1.65,1.97,1.77,2.55,2.65
499,0,1.37,0.35,1.7,1.37,2.69,2.11,1.85,1.53
500,0,1.55,1.12,1.88,2,2.17,2.37,1.63,1.62
501,0,1.05,1.24,1.66,2.62,2.44,2.55,2.08,1.72
502,0,2.03,1.48,1.71,2.56,2.16,1.09,1.12,2.98
503,0,0.42,0.58,0.45,1.21,1.22,1.33,1.24,2.46
504,0,2.08,2.01,1.49,1.85,2.05,2.19,2.11,3.06
505,0,1.28,1.64,1.82,1.83,3.11,2.24,1.45,1.66
506,0,2.3,2.26,1.49,1.05,2.89,2.34,2.09,1.55
507,0,1.76,2.12,2.45,2.17,2.46,2.89,2.12,2.05
508,0,1.61,1.81,1.98,2.21,3.06,2.62,2.81,2.83
509,0,1.74,2.22,2.29,2.95,2.06,2.61,3.01,2.51
510,0,1.4,1.72,1.44,1.46,2.43,1.6,1.89,2.15
511,0,0.54,2.07,2.25,2.39,1.76,2.89,2.83,2.98
512,0,2.82,2.04,2.93,2.16,2.98,2.67,2.66,2.3
513,0,1.58,1.05,1.7,1.97,2.94,1.86,2.11,1.72
514,0,1.45,1.56,1.83,3.41,3.04,3.02,2.45,4.03
515,0,2.35,1.46,1.9,2.11,1.28,2.15,1.85,2.64
516,0,1.94,1.84,2.09,2.23,2.05,1.57,1.6,1.6
517,0,1.59,1.69,1.8,2.61,2.04,1.58,3.42,3.45
518,0,2.75,2.32,1.23,2.07,2.98,2.76,2.89,3.05
519,0,0.14,1.14,1.24,1.5,0.79,1.55,2,1.51
520,0,1.8,2.2,2.64,2.24,3.25,3.09,4.06,4.3
521,0,2.51,2.13,2.11,1.66,3.35,3.44,2.64,2.71
522,0,1.28,0.95,1.9,1.05,2.17,1.36,1.86,1.52
523,0,1.55,2.07,2.06,2.64,3.12,3.53,3.36,2.93
524,0,2.43,1.18,2.31,1.87,1.73,2.39,2.72,2.37
525,0,1.35,1.35,1.38,1.7,1.45,1.95,1.84,2.44
526,0,0.77,0.9,1.46,0.45,1.56,2.03,1.29,1.53
527,0,1.16,0.16,0.21,0,1.56,1.15,1.61,0.17
528,0,2.24,2.09,2.36,3.1,3.02,2.98,2.95,3.68
529,0,1.91,1.6,1.92,1.43,2.43,1.9,2.11,1.99
530,0,0.84,0.02,0.87,0.91,1.57,1.68,1.38,0.6
531,0,0.93,0.2,0.76,0.35,2.11,2.05,1.87,2.01
532,0,1.21,2.19,2.16,2.26,2.84,2.65,3.71,2.34
533,0,1.63,1.82,0.86,0.96,1.3,1.19,1.9,2.16
534,0,0.44,0.83,0.58,0.74,0.99,1.15,1.27,1.08
535,0,2.11,0.97,1.36,1.77,2.45,1.8,1.64,2.28
536,0,1.3,2.24,1.07,1.99,2.01,3.04,1.63,2.88
537,0,2.08,1.18,1.35,2.24,2.34,1.91,2.71,2.92
538,0,2,2.03,1.83,2.73,3.43,3.18,2.6,3.63
539,0,1.55,1.45,1.19,2.18,1.74,0.95,2.34,2.91
540,0,1.14,1.64,1,0.75,1.29,1.81,1.22,1.89
541,0,1.7,1.87,1.19,2.4,1.61,1.12,1.96,2.52
542,0,2.47,1.99,2.45,2.46,2.77,3.42,2.69,2.57
543,0,0.92,1.46,1.43,1.16,1.58,2.41,2.24,1.67
544,0,1.38,1.37,1.22,1.56,1.73,2.05,1.27,2.04
545,0,2.32,1.72,1.64,1.51,3.03,2.61,2.03,2.7
546,0,1.75,2.62,2.9,2.68,2.91,3.04,2.56,1.71
547,0,1.51,2.1,1.41,1.91,3.06,2.45,2.98,3.61
548,0,2.26,2.12,1.96,2.04,3.35,1.85,2.4,1.64
549,0,2.48,1.47,1.23,2.07,2.79,1.1,0.43,1.71
550,0,0.09,1.68,1.21,1.06,1.6,2.52,1.78,2.17
551,0,2.52,2.29,3.38,2.41,2.25,3.01,2.83,1.78
552,0,1.62,2.33,1.83,3.14,2.47,2.36,2.82,3.63
553,0,1.09,1.78,1.94,1.84,1.49,1.61,1.94,1.7
554,0,1.95,2.12,3.09,2.13,2.02,2.23,2.55,2.61
555,0,2.98,1.9,1.64,1.94,3.03,2.1,1.61,2.08
556,0,0.75,1.28,1.67,1.12,1.62,2.08,2.35,2.77
557,0,1.7,0.93,1.18,0.59,0.95,0.94,1.65,1.03
558,0,2.35,2.15,2.67,2.83,2.27,2.09,1.76,2.69
559,0,1.67,1.94,1.79,2.71,2.6,2.59,1.92,2.38
560,0,0.82,1.77,1.4,1.99,0.75,1.71,1.26,1.97
561,0,1.55,0.9,1.22,0.85,1.11,0.62,1.48,1.27
562,0,1.85,1.73,1.54,1.74,1.39,1.6,0.83,0.79
563,0,2.03,1.71,2.66,1.72,1.2,1.37,2.77,1.08
564,0,1.04,2.01,1.5,0.79,1.78,2.3,2.51,1.48
565,0,2.85,2.03,2.21,1.8,3.27,3.04,2.28,2.08
566,0,1.59,2.53,2.24,2.41,2.68,2.39,2.47,3.09
567,0,0.45,1.36,0.52,0.88,1.8,1.81,1.9,1.25
568,0,1.53,1.37,1.51,1.42,2.97,1.79,1.64,1.92
569,0,0.98,1.21,1.79,2.13,2.11,1.76,2.35,2.18
570,0,1.35,0.89,1.69,1.46,3.4,2.28,3.1,3.16
571,0,2.63,2.74,3.06,2.83,2.64,2.81,2.98,2.48
572,0,1.38,0.65,1.25,0.85,1.41,1.39,2.87,1.3
573,0,1.18,1.08,1.4,0.84,1.44,1.34,2.46,1.93
574,0,2.22,2.09,2.64,1.64,1.41,1.68,2.21,1.47
575,0,1.88,1.21,1.73,1.57,2.5,1.67,2.01,1.71
576,0,1.97,2.17,2.14,1.69,2.72,2.59,2.4,1.92
577,0,1.39,0.56,0.49,1.14,1.35,1.77,2.56,1.76
578,0,1.52,1.72,0.6,1.12,3.03,2.24,2.12,2.92
579,0,1.5,0.39,1.62,1.3,0.94,0.48,0.59,1.32
580,0,1.65,0.6,0.6,1.86,2.21,1.96,1.4,1.8
581,0,0.79,1.52,1.26,1.27,2.14,1.92,2.4,1.92
582,0,2.04,2.03,2.49,1.92,2.99,2.86,3.6,2.1
583,0,1.3,1.76,1.64,2.33,1.71,1.86,1.97,2.2
584,0,1.72,1.11,1.38,2.58,3.1,2.51,1.74,3.29
585,0,2.35,1.9,2.08,2.43,2.77,2.67,1.58,1.63
586,0,1.17,0.97,1.8,1.96,1.51,1.27,0.95,1.38
587,0,0.53,0.99,1.23,1.35,2.08,2.43,1.93,0.87
588,0,1.34,1.95,1.71,1.69,2.62,2.41,2.81,2.27
589,0,2.06,1.82,2.26,2.41,2.51,2.99,2.65,2.89
590,0,2.09,1.49,1.34,0.85,2.25,0.99,2.03,1.07
591,0,0.89,0.91,0.23,0.85,0.78,0.85,1.18,1.18
592,0,1.33,0.76,0.93,1.31,0.73,1.2,1.36,1.1
593,1,0.75,0.25,0.67,1.18,1.06,0.8,0.39,1.48
594,1,1.01,1.66,1.96,2.46,1.76,1.7,1.77,2.81
595,1,1.98,1.68,1.38,2.71,2.87,3.28,3.42,4.21
596,1,0.86,0.84,0.76,1.07,2.26,2.14,2.26,1.38
597,1,2.18,2.79,2.8,3.36,1.97,2.89,2.82,3.01
598,1,1.34,2.85,2.85,2.68,2.12,3.37,2.76,2.93
599,1,1.19,1.08,0,0.43,2.3,1.37,0.62,0.61
600,1,2.62,2.33,3.95,3.62,2.93,2.62,2.51,2.93
601,1,2.55,2.4,2.15,3.42,2.71,2.36,2.65,3.14
602,1,2.17,0.69,0.92,1.71,2.23,1.33,1.76,1.06
603,1,1.68,2.63,2.28,2.73,1.44,2.13,1.5,2.2
604,1,0.78,0.58,1.34,2.77,1.23,1.27,1.47,1.78
605,1,1.72,2.3,2.23,2.77,2.65,2.7,2.54,2.78
606,1,2.24,1.8,1.62,0.91,1.46,2.03,1.23,1.55
607,1,2.21,2.99,2.68,2.45,3.12,3.02,2.98,3.37
608,1,2.53,2.93,2.26,2.55,2.75,2.08,2.06,1.56
609,1,1.45,1.22,1.46,1.43,1.55,1.48,1.5,1.58
610,1,2.62,1.64,2.35,1.84,2.29,1.63,1.75,2.22
611,1,1.51,1.03,1.97,1.52,1.85,1.93,1.45,1.51
612,1,2.88,2.62,1.5,1.94,1.94,2.91,2.25,2.08
613,1,2.67,2.86,1.09,2.56,2.36,2.79,1.93,2.73
614,1,1.96,2.52,1.6,2.09,3.7,3.37,3,2.2
615,1,2.87,2.83,1.94,2.05,2.14,2.78,1.92,1.98
616,1,0.65,1.49,0.69,0.66,0.68,1.24,1.42,0.82
617,1,3.14,2.68,2.22,2.48,2.9,2.76,2.71,2.56
618,1,2.28,1.99,1.8,1.19,2.97,2.14,2.61,1.88
619,1,2.86,2.11,2.29,2.53,2.83,3.19,3.63,3.33
620,1,1.97,2.03,0.99,2,2.63,2.95,1.83,1.61
621,1,1.72,1.45,1.26,1.58,2.2,2.48,2.55,2.76
622,1,1.59,1.31,2.17,2.34,1.69,1.91,2.17,2.45
623,1,1.36,2.32,3.13,1.59,2.01,3.2,4.04,2.45
624,1,1.88,0.96,1.53,1.69,1.09,2.19,2.57,1.22
625,1,2.43,1.18,0.97,1.04,2.23,1.78,1.82,1.69
626,1,1.46,2.19,1.75,1.91,1.96,2.84,2.93,2.21
627,1,3.11,3.78,2.99,3.2,3.18,2.74,2.43,3.11
628,1,1.64,1.64,0.97,0.17,2.34,2.1,1.63,0.82
629,1,2.09,1.89,1.84,2.7,2.79,2.54,2.32,2.61
630,1,1.76,1.58,2.04,2,2.25,2.43,3.25,1.43
631,1,0.64,1.82,2.02,2.31,1.14,1,2,2.4
632,1,1.4,3.02,3.18,2.62,2.87,2.7,2.93,3.07
633,1,2.25,2.9,2.01,1.62,2.79,3.82,2.98,2.67
634,1,0.26,1.13,2.05,1.39,1.23,1.5,1.41,0.74
635,1,2.25,1.52,1.04,1.59,2.31,2.13,2.12,2.55
636,1,1.89,2.35,1.7,2.49,3.41,3.42,3.27,3.38
637,1,3.73,4,3.34,4,3.88,5,4.97,4.73
638,1,2.25,2.87,2.29,2.42,4.17,3.12,2.9,2.88
639,1,0.45,1.03,1.16,2.36,1.87,1.56,2.83,3.1
640,1,2.52,2.71,2.09,2.47,3.03,2.52,4.05,3.69
641,1,3.03,2.62,1.69,3.03,3.51,2.87,2.44,3.07
642,1,2.47,2.06,1.73,2.18,3.05,3.52,2.05,2.13
643,1,2.86,2.54,2.57,2.14,2.34,2.65,2.24,2.94
644,1,1.56,2.59,2.06,1.58,3.23,2.68,2.41,2.7
645,1,1.55,1.71,1.7,2.32,1.37,2.03,1.95,2.01
646,1,2.17,2.36,2.33,2.91,1.34,1.83,2.44,3.25
647,1,0.56,0.6,1.71,1.85,0.76,1.58,1.76,2.08
648,1,0.86,1.23,1.34,2.44,1.27,1.36,0.92,1.97
649,1,1.46,2.4,2.71,2.01,1.02,1.86,2.06,1.56
650,1,1.38,2.04,2.86,1.77,1.54,1.08,2.57,2.47
651,1,2.67,2.3,1.69,0.9,2.95,3.2,2.73,1.88
652,1,1.89,2.34,2.26,2.42,3.03,3.11,2.74,2.08
653,1,1.03,1.14,2.39,1.25,1.35,2.16,2.7,2.34
654,1,2.35,2.08,1.65,1.36,2.61,3.26,2.77,3.13
655,1,2.09,2.19,1.59,2.06,1.62,2.59,1.62,1.76
656,1,2.72,2.01,2.93,2.17,2.02,2.12,2.69,1.49
657,1,1.83,3.15,3.74,4,2.94,3.38,3.66,2.96
658,1,2.65,3.17,3.07,3.9,3.72,4.07,4.07,4.14
659,1,1.03,2.04,1.16,2.06,2.39,2.04,2.85,2.73
660,1,2.4,3.1,2.91,3.23,3.09,3.53,2.73,2.38
661,1,2.77,2.16,2.56,2.7,1.39,2.31,1.83,1.71
662,1,3.25,1.2,1.15,1.02,3.07,1.79,2.04,2.21
663,1,3.53,3.86,2.03,2.72,4.09,3.86,3.31,3.24
664,1,3.34,2.98,2.03,2.09,1.8,2.15,1.86,1.33
665,1,3.32,3.82,4,3.79,3.19,4.11,3.05,3.4
666,1,1.21,0.61,0.59,1.46,2.19,2.03,1.86,2.16
667,1,2.24,1.88,1.98,2.33,3.43,2.79,3.62,2.37
668,1,2.09,2.33,2.35,3,1.58,2.26,2.48,2.99
669,1,1.05,0.26,2.04,2.48,2.08,1.39,0.91,2.17
670,1,2.94,2.17,2.02,2.51,2.76,2.53,3.01,3.31
671,1,1.84,2.38,2.19,1.58,3.17,2.89,3.1,2.26
672,1,2.1,2.15,2.48,2.37,2.92,2.21,2.3,2
673,1,2.08,2.23,2.97,1.71,2.8,2.98,2.23,1.87
674,1,1.89,2.4,1.63,1.59,2.9,2.43,1.85,2.62
675,1,1.92,2.39,2.4,3.18,2.05,2.54,3.24,3.67
676,1,1.39,1.78,1.06,1.56,2.38,1.47,1.93,2.15
677,1,2.29,1.82,2.13,2.81,2.07,2.45,2.85,2.32
678,1,2.32,2.18,1.26,1.52,3.35,3.11,2.24,1.41
679,1,2.08,1.3,1.52,1.44,2.04,1.96,1.74,2.21
680,1,1.11,1.74,1.36,1.9,1.77,1.03,1.51,1.4
681,1,1.69,2.57,2.17,2.93,2.29,3.13,3.22,3.68
682,1,4,3.68,3.28,3.57,4.07,3.68,2.63,2.91
683,1,2.52,2.9,2.51,2.43,1.21,1.95,3.02,1.85
684,1,2.4,1.7,2.11,2.03,1.75,1.48,2.45,1.65
685,1,2.03,2.24,2.77,2.27,2.58,2.51,2.56,2.8
686,1,0.71,1.65,1.7,2.14,1.13,2.01,1.59,2
687,1,2.35,2.26,1.43,0.73,3.14,2.84,2.71,2.56
688,1,3.24,2.65,2.56,2.52,2.23,2.39,2.27,2.07
689,1,2.06,1.99,1.72,2.2,1.39,1.81,2.35,2.68
690,1,2.91,3.12,3.48,3.78,2.26,3.05,3.67,2.27
691,1,1.8,1.75,1.24,0.84,2.09,1.85,1.12,1.08
692,1,2.08,2.68,2.18,2.65,1.63,2.18,2.43,2.48
693,1,1.63,2.73,3.69,2.42,3.47,3.41,4.21,3.13
694,1,3.27,3.64,3.4,4,2.58,2.42,3.54,4.15
695,1,2.49,3.53,2.84,3.17,2.96,3.29,3.04,2.87
696,1,2.06,1.31,2.72,3.2,1.3,1.89,1.41,1.62
697,1,1.24,1.57,2.03,2.43,1.59,2.3,1.98,1.92
698,1,1.24,1.18,1.21,1.52,1.33,1.21,1.87,2.68
699,1,1.61,2.15,2.77,2.07,2.45,2.49,1.53,1.79
700,1,1.77,2.42,3.15,2.95,2.15,1.44,2.56,1.93
701,1,1.33,1.86,2.07,2.88,1.97,3.43,3.02,2.61
702,1,1.64,2.79,2.95,4,1.86,3.21,3,4.65
703,1,2.66,2.91,3.16,3.55,2.75,3.6,3.97,3.37
704,1,2.29,1.77,1.19,1.96,2.19,2.76,2.59,2.04
705,1,0.99,1.91,1.47,2.09,1.83,1.59,1.67,2.58
706,1,2.8,1.8,1.75,2.01,2.92,3.44,2.38,2.56
707,1,2.04,3.48,2.94,3.18,2.44,4.07,3.53,3.24
708,1,2.83,2.76,2.04,2.26,1.76,2.54,2.25,2.6
709,1,1.7,1.92,2.36,2.2,1.73,1.02,1.58,1.99
710,1,2.41,1.88,2.73,2.63,0.96,2.09,2.15,2.18
711,1,2.76,1.44,2.39,1.36,2.77,2.93,2.82,2.2
712,1,3.41,2.29,1.94,3.3,2.72,1.46,1.95,1.9
713,1,2.83,2.21,2.65,2.38,2.37,2.62,2.38,2.22
714,1,1.98,1.46,0.57,1.12,3.44,3.15,2.88,2.33
715,1,1.6,1.01,1.95,1.02,1.55,1.88,2.3,1.9
716,1,1.17,1.27,0.52,0.85,1.4,1.4,1.52,2.01
717,1,1.71,1.57,2.54,2.57,1.4,2.2,2.96,1.91
718,1,2.19,1.48,0.97,1.68,2.98,1.76,1,1.37
719,1,1.61,1.9,1.62,1.85,2.86,2.87,2.22,2.55
720,1,2.86,2.65,2.65,3.14,2.08,2.14,2.53,2.01
721,1,2.33,3.27,3.92,2.84,2.19,1.62,2.8,1.9
722,1,2.24,2.69,1.8,3.17,2.67,3.17,2.2,2.27
723,1,3.68,3.07,3.18,3.59,2.76,2.98,3.06,2.2
724,1,2.09,2.07,3.28,2.46,2.63,2.55,3.05,2.78
725,1,2.2,1.97,2.12,1.72,2.09,2.81,2.59,2.29
726,1,1.91,1.99,2.94,2.61,2.51,3.36,2.92,3.24
727,1,1.18,2.62,3,2.37,2.47,2.56,2.66,2.77
728,1,2.49,2.66,2.23,2.25,1.43,2.59,2.62,2.14
729,1,2.5,2.77,2.47,2.73,3.81,4.09,2.94,3.41
730,1,3.69,3.34,3.79,3.65,3.85,4.46,3.83,3.77
731,1,3.04,3.06,2.45,3.39,3.4,3.28,3.86,3.01
732,1,1.57,2.16,1.01,1.78,2.24,2.86,1.68,2.19
733,1,1.52,2.7,2.43,1.33,1.95,3.21,2.92,2.31
734,1,2.41,2.83,3.18,3.33,1.93,3.13,2.89,3.5
735,1,2.07,1.97,1.5,1.98,2.41,2.51,2.54,2.45
736,1,2.82,3.11,2.44,2.79,2.72,2.29,2.52,2.44
737,1,3.09,2.67,2.33,2.61,3.13,3.17,1.54,2.21
738,1,1.51,1.26,2.5,2.35,1.05,1.35,1.95,1.46
739,1,2.83,2.23,2.51,3.7,4.35,3.52,3.82,4.38
740,1,1.57,1.02,1.52,1.47,1.1,0.79,1.65,1.55
741,1,1.84,1.42,2.45,2.44,1.74,2.03,2.21,2.44
742,1,1.56,2.4,1.85,2.78,2.97,2.41,2.89,2.81
743,1,0.8,1.86,1.44,1.29,2.83,2.37,3.06,2.21
744,1,1.71,1.69,1.62,1.37,2.13,1.52,2.2,0.96
745,1,0.57,1.03,1.71,2.26,0.72,1.63,1.86,2.84
746,1,2.71,2.58,1.89,1.78,2.37,3.21,3.16,2.6
747,1,1.13,2.02,1.72,1.99,1.63,2.13,2.27,2.21
748,1,1.21,1.32,0.66,1.02,1.32,1.55,0.64,0.92
749,1,1.85,1.78,2.12,1.83,1.93,2.05,1.66,1.76
750,1,1.45,1.07,1.61,1.65,1.94,1.58,1.78,1.88
751,1,1.77,1.79,1.39,2.03,1.95,2.18,1.91,2.4
752,1,3.12,2.41,3.01,2.77,2.16,1.55,1.99,3.17
753,1,3.41,2.1,1.72,1.19,2.92,2.33,1.92,1.22
754,1,3.03,2.8,2.83,2.72,3.32,2.81,3.08,2.96
755,1,1,1.03,0.79,2.31,0.96,0.99,1.34,1.66
756,1,2.39,2.4,2.6,2.24,1.48,2.78,2.18,2.85
757,1,1.64,1.03,1.82,1.85,1.62,1.37,2,2.56
758,1,1.45,1.04,1.45,1.44,1.64,1.07,1.63,1.3
759,1,2.83,2.21,1.73,1.19,3.36,2.69,2.51,1.9
760,1,2.23,2.04,2.77,2.33,2.95,2.84,2.76,1.69
761,1,3.56,3.02,3.08,4,4.25,4.9,3.45,3.68
762,1,1.29,1.52,2.3,2.45,3.21,3.03,3.4,2.84
763,1,2.66,1.89,1.35,3.47,1.2,2.45,1.54,3.37
764,1,1.17,1.06,2.03,1.84,1.62,1.69,2.24,2.48
765,1,1.45,1.31,2.66,1.42,3.02,2.04,2.58,2.15
766,1,2.19,2.21,1.55,2.29,2.1,2.51,1.99,2.33
767,1,3.12,2.1,1.87,2.58,2.41,1.9,2.09,3.12
768,1,3.03,2.73,2.43,3.31,2.81,2.72,3.18,3.31
769,1,2.25,2.42,2.04,1.9,3.04,1.42,2.13,1.9
770,1,1.61,2.17,1.75,2.7,1.84,2.97,2.32,3.19
771,1,2.13,1.25,3.43,3.67,2.17,3.1,3.41,3.52
772,1,0.7,0.9,0.88,2.03,2,2.6,1.39,1.61
773,1,2.26,1.49,1.94,2.18,2.75,1.93,2.51,2.84
774,1,2.54,3.25,2.63,2.71,2.72,2.39,3.02,3.58
775,1,2.58,1.38,1.19,1.57,2.17,1.97,1.09,1.61
776,1,2.9,3.4,3.8,3.34,2.19,2.89,3.11,3.1
777,1,2.95,2.86,1.33,2.68,3.33,3.15,1.94,2.23
778,1,1.76,1.44,1.52,2.9,1.86,2.46,2.56,2.51
779,1,1.58,0.8,2.18,2.98,1.86,2.06,2.01,3.03
780,1,2.33,1.67,2.09,2.03,2.85,1.91,2.39,2.66
781,1,2.8,2.31,3.37,3.42,3.26,1.86,2.58,2.52
782,1,0.41,0.18,0.97,0.64,0.65,1.17,0.86,0.54
783,1,1.85,2.01,2.63,2.04,1.89,2.61,1.95,2.8
784,1,2.62,2.56,3.14,3.03,2.38,2.69,2.5,1.97
785,1,1.38,2.62,3.05,3.08,1.39,2.21,2.27,2.63
786,1,1.58,3,3.37,3.19,1.73,2.98,2.77,3.49
787,1,1.3,0.6,1.54,1.87,1.5,0.65,0.27,1.09
788,1,1.44,2.17,1.49,1.16,2.03,2.61,2.45,2.87
789,1,3.12,3.42,2.78,2.96,3.69,3.45,3.68,3.36
790,1,0.44,1.34,1.24,2.27,0.84,1.34,1.97,2.52
791,1,1.29,1.35,1.38,1.66,2.14,1.97,1.91,1.86
792,1,2.52,2.69,2.74,1.69,2.19,2.11,1.98,1.67
793,1,1.92,2.81,2.88,3.67,1.53,1.68,3.18,3.3
794,1,1.64,2.42,1.9,1.3,2.46,3.49,2.67,2.08
795,1,0.88,1.15,2.05,1.77,0,0,1.39,1.15
796,1,1.74,2.67,3.27,4,2.19,3.68,3.44,3.82
797,1,2.12,2.31,2.35,2.8,1.34,3.01,2.46,2.22
798,1,2.41,2.38,1.89,0.93,2.64,2.97,2.02,2.53
799,1,2.12,2.13,2.11,3.64,1.89,1.89,1.79,2.5
800,1,2.48,2.16,1.27,0.81,2.37,2.72,2.68,2.02
801,1,2.52,3,2.98,3.1,2.31,2.18,3.14,3.15
802,1,2.38,1.89,1.65,1.5,2.43,3,2.02,0.94
803,1,2.11,2.27,0.84,1.98,2.5,2.17,1.1,2.6
804,1,1.54,1.29,2.05,2.16,1.26,3.12,2.47,2.99
805,1,0.66,0.56,1.21,1.81,1.25,0.45,1.13,2.15
806,1,0.96,1.17,0.52,1.26,1.06,2.17,1.31,1.88
807,1,2.3,2.04,1.84,2.9,1.91,1.84,1.56,1.91
808,1,2.96,2.14,2.51,2.84,2.83,2.6,2.94,1.94
809,1,2.2,1.75,1.57,2.6,2.99,2.67,2.53,3.3
810,1,2.27,2.63,2.71,2.37,3.23,2.55,3.01,3.12
811,1,1.49,0.7,1.51,0.07,1.72,1.71,1.12,1.41
812,1,1.36,1.4,0.96,0.89,1.2,1.14,0.96,0.94
813,1,1.14,1.46,1.52,1.85,1.85,1.34,2.23,1.9
814,1,2.41,1.3,2.4,2.78,2.05,1.69,2.63,2.43
815,1,1.94,3.19,1.37,2.29,2.46,2.91,2.73,4.01
816,1,2.86,3.94,3.57,3.82,3.37,3.12,4.02,3.77
817,1,2.08,2.68,3.38,2.81,1.86,2.08,3.2,2.68
818,1,1.9,1.08,2,1.78,1.74,1.69,2.42,2.06
819,1,2.62,3.09,3.25,2.84,2.19,2.51,2.41,1.41
820,1,0.78,0.74,1.44,0.83,0.04,1.05,2.24,1.69
821,1,1.75,1.17,1.29,1.28,2.21,2.66,2.62,2.96
822,1,1.14,1.06,0.65,1.82,1.66,1.47,2.37,2.12
823,1,2.24,3.49,3.34,3.57,3.22,3.21,3.85,3.8
824,1,2,2.72,3.08,2.91,2.28,2.36,3.15,4.12
825,1,1.89,2.73,1.8,1.07,2.44,2.81,3.15,2.85
826,1,0.81,1.21,1.14,1.5,1.16,1.1,1.38,3.05
827,1,2.02,1.39,1.63,2,2.23,1.39,1.05,2.32
828,1,2.62,2.22,3.51,2.5,2.57,1.61,3.61,2.61
829,1,1.61,2.93,2.97,3.99,2.73,3.3,3.25,4.35
830,1,1.89,2.15,2.3,3.25,3.08,2.55,3.07,4.01
831,1,4,4,3.43,4,2.93,2.95,3.35,3.15
832,1,1.72,2.36,1.77,2.32,2.68,3.44,3.17,2.96
833,1,2.96,1.95,2.03,1.71,2.56,1.81,2.38,1.93
834,1,1.51,0.59,2.49,1.69,1.44,1.36,2.33,2.07
835,1,1.8,2.28,2.23,2.89,2.99,3.02,2.84,2.62
836,1,0.46,1.43,1.94,2.43,1.41,1.37,1.95,2.23
837,1,1.83,2.47,1.04,1.1,2.13,1.97,0.9,0.76
838,1,1.62,0.76,1.99,2.15,2.36,2.13,1.83,2.37
839,1,2.41,1.38,1.47,1.03,2.2,2.32,1.58,1.97
840,1,1.54,1.89,2.49,3.48,1.8,2.68,2.82,3.57
841,1,1.53,2.5,2.11,2.29,2.08,1.54,1.92,1.75
842,1,1.81,2.31,1.66,0.82,1.25,2.34,1.55,2.19
843,1,3.11,2.25,1.88,1.51,2.23,1.76,1.5,1.5
844,1,2.7,2.45,1.77,2.52,2.17,1.75,2.42,2.46
845,1,1.91,1.7,2.11,2.61,3.02,3.61,3.6,2.58
846,1,2.54,1.92,1.73,2.2,1.99,1.02,2.09,2.56
847,1,1.78,1.97,2.22,2.16,3.03,1.93,2.61,2.39
848,1,1.34,0.93,1.9,2.74,2.78,1.9,2.72,3.2
849,1,2.68,2.14,3.16,1.73,2.91,3.66,3.17,1.76
850,1,2.2,1.57,1.88,1.84,2.86,2.1,2.68,2.34
851,1,1.16,1.58,2.38,1.68,2.33,2.29,3.54,1.99
852,1,1.99,2.03,2.98,3.11,2.74,1.99,3.33,2.44
853,1,3.74,3.4,3,3.95,3.82,4.02,3.95,4.02
854,1,2.06,1.84,1.93,1.5,2.42,1.52,2.18,2.15
855,1,2.42,1.16,2.47,2.25,1.66,1.69,1.26,0.88
856,1,0.85,1.68,2.09,2.2,1.2,1.35,1.35,1.95
857,1,1.82,2.98,3.16,2.73,2.7,3.43,3.73,3.07
858,1,2.26,2.98,2.78,2.91,3.09,2.22,2.32,2.17
859,1,1.59,0.53,2.69,2.9,1.67,0.8,2.11,2.65
860,1,4,4,3.15,2.73,4.41,4.48,4.23,3.8
861,1,0.36,1.74,1.63,2.16,2.09,2.27,2.06,2.32
862,1,1.34,1.57,1.99,1.7,1.09,1.64,1.62,2.15
863,1,1.46,2.17,1.76,2.24,1.67,1.56,2.15,2.34
864,1,3.11,2.72,3.2,3.11,2.14,1.62,2.29,2.07
865,1,2.67,2.56,3.5,1.73,2.83,3.09,3.3,1.78
866,1,2.18,2.11,2.11,2.09,0.93,1.37,1.31,2.19
867,1,1.84,1.85,1.09,1.81,2.36,1.28,1.59,1.35
868,1,2.59,3.08,3.24,3.25,2.09,3.16,3.1,2.76
869,1,1.82,2.86,2.95,2.72,1.49,3.06,3.29,2.13
870,1,2.64,1.85,2.75,2.35,3.01,2.35,3.46,3.14
871,1,1.21,1.95,0.88,1.61,1.83,1.92,1.73,2.33
872,1,1.47,1.83,1.89,1.88,0.69,2.03,1.38,1.73
873,1,1.95,1.61,1.48,1.69,2.56,2.27,0.68,2.06
874,1,3.22,3.48,2.05,1.32,3.4,3.34,3.32,2.42
875,1,2.86,3.44,3.24,1.53,2.92,2.61,2.78,1.98
876,1,2.6,2.87,2.28,3.31,3.43,2.76,2.76,3.65
877,1,2.52,2.45,1.6,1.9,3.64,2.91,1.86,1.79
878,1,1.15,1.82,1.93,2.35,2.59,2.4,2.28,1.74
879,1,2.26,2.16,2.26,2.78,3.08,3.69,3.33,2.82
880,1,2.75,2.63,2.06,2.63,2.53,1.44,1.82,2.12
881,1,0.81,0.92,1.87,0.25,2.05,2.42,2.3,1.73
882,1,2.46,2.79,2.98,1.81,1.77,2.54,2.84,2.33
883,1,2.27,2.23,2.07,3.11,3.88,2.74,3.28,3.64
884,1,1.75,2.15,1.66,2.32,1.57,0.98,1.16,1.6
885,1,2.87,3.02,2.63,2.82,1.71,1.29,2.07,2.2
886,1,1.88,1.63,1.11,1.79,3.08,3.24,2.17,2.78
887,1,2.85,2.04,2.2,2.56,2.88,3.11,2.07,2.91
888,1,2.16,1.86,2.35,3.47,1.82,1.32,1.31,1.43
889,1,2.2,4,2.84,3.55,1.76,3.44,2.3,2.13
890,1,1.79,2.3,1.87,2.79,2.92,3.56,2.92,2.94
891,1,2.91,3.25,3.65,3.87,3.77,4.09,4.01,5
892,1,1.71,1.33,1.5,1.12,1.52,2.29,2.36,1.03
893,1,1.65,1.61,1.52,1.62,2.38,2.48,2.46,2.71
894,1,2.73,2.61,1.81,3.28,3.46,2.74,3.06,2.78
895,1,2.3,0.92,1.16,1.4,2.48,1.61,2.41,2.98
896,1,2.16,3.48,2.15,1.82,3.17,2.66,2.97,2.61
897,1,0.69,1.2,2,1.81,0.53,0.83,1.34,1.96
898,1,3.01,3.05,2.9,3.44,2.73,3.27,3.15,2.77
899,1,0.72,3.02,2.74,2.24,1.67,3.1,2.43,2.39
900,1,1.97,2.71,4,3.58,3,2.33,3.46,3.05
901,1,1.9,2.63,3.01,2.31,1.67,2.81,2.55,2.19
902,1,2.48,2.24,2.74,2.84,3.22,3.59,3.94,4.52
903,1,1.69,3.65,2.33,2.27,2.71,3.12,3.14,1.86
904,1,1.6,2,2.93,3.41,1.52,1.99,2.57,3.37
905,1,1.33,2.2,1.76,2.36,2.26,1.9,2.27,2.31
906,1,2.11,2.04,2.82,3.76,1.89,2.1,2.75,2.73
907,1,1.07,1.02,1.62,1.57,1.7,1.06,1.56,1.05
908,1,1,1.06,2.74,2.37,1.23,1.54,2.34,1.98
909,1,3.25,3.01,3.06,3.38,3.11,3.13,2.84,2.89
910,1,1.39,1.83,1.81,1.56,1.92,1.88,2.04,1.82
911,1,3.21,4,2.6,2.79,2.98,2.72,2.86,2.73
912,1,4,3.74,4,3.27,3.88,5,3.89,2.76
913,1,1.57,1.46,1.4,1.99,1.78,2.62,2.56,2.12
914,1,2.49,2.27,2.14,1.99,1.96,3.01,2.87,1.85
915,1,2.23,2.18,2.77,1.86,3.02,0.89,2.22,1.48
916,1,2.42,2.97,3.03,2.66,2.1,3.14,2.68,2.9
917,1,0.83,1.19,2.39,1.8,1.73,1.57,2.55,1.03
918,1,0.93,2.11,2.44,2.84,1.05,1.49,2.38,2.24
919,1,1.41,1.51,1.25,1.96,1.39,2.19,2.22,1.24
920,1,2.12,3.07,3.53,3.35,2.15,2.33,3.29,1.84
921,1,2.33,2.64,3.83,3.02,1.95,2.48,2.85,3.01
922,1,1.99,1.42,2.13,2.6,2.13,1.95,2.32,1.77
923,1,2.25,2.79,2.77,1.32,2.87,2.01,2.48,0.41
924,1,1.1,2.19,2.05,2.33,2.4,2.45,1.95,2.93
925,1,2.5,2.46,2.77,2.28,3.65,3.44,3.1,2.38
926,1,2.39,2.25,2.57,2.75,3.18,1.96,2.34,3.15
927,1,3.95,4,3.23,3.33,3.24,3.09,3.61,2.97
928,1,2.53,2.5,2.59,2.1,2.76,2.56,2.84,2.4
929,1,0.59,1.15,1.58,1.23,1.38,0.97,1.28,0.85
930,1,1.45,2.08,2.32,2.65,2.01,1.43,1.81,1.56
931,1,3.49,3.19,2.69,3.36,3.05,2.18,3.06,3.14
932,1,1.08,2.21,2.14,1.09,1.57,2.86,2.92,2.51
933,1,1.78,0.79,0.82,1.36,2.41,2.21,1.77,1.81
934,1,2.3,2.56,2.1,3.38,2.27,3.12,3.94,3.59
935,1,0.98,1.35,0.39,1,1.43,0.48,0.59,1.93
936,1,2.6,2.93,2.71,4,2.22,2.73,2.6,3.14
937,1,1.27,2.49,3.37,3.7,1.19,2.74,2.75,3.37
938,1,0.28,0,1.37,1.77,0.66,0.67,1.35,1.26
939,1,1.64,1.67,1.69,1.16,2.47,1.75,1.56,1.24
940,1,2.17,2.7,3.01,3.02,3.07,3.26,3.46,2.81
941,1,1.84,2.1,2.78,2.26,2.37,2.25,2.75,2.76
942,1,1.76,1.38,1.98,2.95,2.51,2.16,2.5,2.38
943,1,1.11,0.97,2.23,1.18,1.46,1.89,3.46,3.08
944,1,1.65,1.75,3.19,2.79,2.08,2.55,3.47,3.18
945,1,1.59,2.07,2.76,2.79,1.12,1.26,2.48,1.91
946,1,2.37,2.32,1.47,2.73,3.6,2.24,2.33,3.43
947,1,1.27,0.88,2.22,1.33,1.95,0.35,1.32,1.52
948,1,2.77,1.67,1.9,1.7,1.67,1.14,1.67,1.05
949,1,0.92,1.67,2.4,2.43,1.93,3.16,3.43,3.32
950,1,2.5,3.19,3.2,3.93,2.49,2.7,2.05,2.61
951,1,2.54,2.09,2.16,1.25,1.48,2.11,2.06,1.42
952,1,2.03,2.92,3.27,2.31,1.63,2.32,2.27,1.96
953,1,2.93,1.51,0.93,1.18,2.16,2.08,1.56,1.78
954,1,2.89,2.36,1.91,1.8,3.14,2.76,2.8,2.14
955,1,1.63,0.52,1.86,1.86,1.97,1.46,2.31,2.07
956,1,2.19,2.99,3.74,2.86,2.04,3.18,2.92,3.48
957,1,2.94,3.24,2.75,2.75,2.54,2.89,3.02,2.92
958,1,1.74,1.85,2.16,1.45,1.87,1.96,2.04,1.9
959,1,1.21,2.58,3.02,3.25,1.72,2.28,2.65,2.85
960,1,1.44,2.21,1.98,2.71,1.76,1.82,1.4,2.25
961,1,1.5,3.29,4,3.88,1.98,3.02,3.15,2.95
962,1,0.61,1.37,1.93,1.23,0.77,1.02,2.18,0.8
963,1,0.79,1.53,0.99,1.25,0.74,0.78,0.73,0.68
964,1,2.03,2.12,4,3.53,1.11,2.05,2.51,1.8
965,1,2.14,1.8,2.51,2.57,2.38,3.65,3.27,2.88
966,1,3.17,2.34,2.39,3.14,2.39,2.71,2.24,3.33
967,1,2.46,2.8,3.48,3,3.33,3.13,2.61,3.08
968,1,1.67,2.38,2.24,1.85,2.63,3.12,2.94,2.88
969,1,1.81,2.4,2.33,3.1,2.34,1.9,1.96,2.58
970,1,1.5,1.39,1.46,1.63,1.93,2.15,2.67,2.6
971,1,2.87,2.46,2.85,2.51,2.55,2.69,2.31,1.91
972,1,1.43,2.19,2.82,3.06,2.03,2.53,2.02,2.5
973,1,1.31,2.26,2.78,2.06,1.61,2.05,2.65,2.3
974,1,2.11,2.61,3,3.01,3.11,2.85,3.9,4
975,1,3.48,3.03,2.46,2.57,1.73,2.92,2.85,2.97
976,1,2.32,1.49,2.13,2.25,2.19,2.25,1.88,1.77
977,1,2.65,2.78,2.25,3.03,2,2.72,2.05,2.83
978,1,1.95,2.16,2.79,2.58,2,2.76,2.68,2.35
979,1,1.93,1.64,1.1,0.67,2.8,2.32,2.12,2.56
980,1,2.8,1.36,2.67,1.52,2.13,2.62,3.08,3.08
981,1,0.98,0.82,1.9,1.45,2.36,0.99,2.73,2.35
982,1,2.48,3.04,2.5,2.05,1.94,2.27,2.56,2.46
983,1,2.72,2.43,3.05,2.9,3,2.63,2.8,3.29
984,1,2.93,2.24,1.74,3.12,1.48,2.42,1.69,2.12
985,1,1.52,1.65,2.95,2.81,0.99,2.42,3.05,2.35
986,1,2.31,2.41,1.95,0.96,2.37,2.16,1.5,1.25
987,1,2.51,4,3.32,3.39,2.64,3.94,3.7,3.51
988,1,0.82,1.14,1.25,1.25,1.08,1.57,1.48,1.42
989,1,1.75,0.15,0.49,1.51,2.53,2.06,1.48,1.97
990,1,1.65,2.03,1.8,2.67,1.7,2.31,2.79,2.94
991,1,1.36,0.72,1.96,1.65,2.12,2.41,2.63,2.42
992,1,2.3,2.84,3.43,2.59,2.42,3.02,3.42,3.68
993,1,2.59,2.64,3.14,3.82,2.68,2.37,2.89,3.5
994,1,1.7,2.89,2.23,1.3,1.73,2.32,1.34,0.6
995,1,2.36,2.56,3.8,3.24,2.2,1.95,2.79,2.86
996,1,2.39,2.17,3.57,3.15,2.84,3.55,2.93,2.66
997,1,2.19,2.6,2,2.56,1.32,1.47,1.11,2.01
998,1,3.1,2.55,3.23,2.35,2.3,2.6,3.54,3.24
999,1,3.45,2.7,1.72,1.55,3.22,1.93,2.1,2.06
1000,1,3.14,3.77,2.19,3.23,3.42,3.01,4.23,3.51
1001,1,1.94,2.09,1.95,2.41,2.62,3.04,3.39,2.47
1002,1,2.44,1.14,1.12,1.74,2.57,2.06,1.77,1.72
1003,1,3.16,2.23,2.73,2.37,3.64,2.19,2.45,2.82
1004,1,1.5,1.98,2.7,2.91,2.24,2.49,2.44,2.33
1005,1,1.22,0.04,2.07,1.87,0.86,2.02,2.18,1.85
1006,1,2.68,3.14,3.45,2.9,2.12,2.86,2.97,2.63
1007,1,1.59,2.08,2.72,3.23,1.91,1.96,2.04,2.69
1008,1,2.43,2.07,2.99,2.36,1.93,2.52,3.03,3.43
1009,1,2.98,2.33,2.72,2.7,2.25,2.33,2.11,1.9
1010,1,2.11,2.91,3.22,3.48,3.28,3.1,3.5,3.32
1011,1,2.76,2.81,1.97,1.01,3.95,3.91,3.5,2.84
1012,1,1.82,0.98,0.9,0.73,1.54,2.2,1.23,2.42
1013,1,2.73,1.95,1.88,1.22,3.56,2.85,2.84,2.38
1014,1,2.8,2.89,3.27,3.73,2.68,1.91,3.03,2.51
1015,1,1.7,3.34,2.88,3.33,2.82,2.25,2.91,2.32
1016,1,2.14,2.06,2.36,3.24,2.43,1.5,2.81,3.12
1017,1,1.43,2.05,1.83,2.71,1.07,1.61,1.47,2.1
1018,1,2.06,3.25,1.45,2.04,1.88,2.02,2.63,1.99
1019,1,1.21,2.23,2,1.87,2.11,2.32,2.36,2.29
1020,1,1.76,2.56,3.13,2.54,2.36,2.59,2.94,2.47
1021,1,1.53,2.58,2.73,2.94,2.45,1.91,2.85,2.14
1022,1,1.73,2.87,1.96,1.25,1.79,2.18,1.99,2.76
1023,1,1.98,1.77,1.21,1.47,2.39,1.79,2.05,2.37
1024,1,2.69,2.35,2.01,2.86,2.72,2.46,2.53,1.66
1025,1,2.15,1.58,1.79,1.61,2.15,2.29,2.1,1.2
1026,1,2.61,2.7,2.92,2.15,2.37,2.72,1.98,1.21
1027,1,2.86,2.56,3.94,3.73,2.24,3.42,3.67,3.76
1028,1,2.04,2.95,3.01,2.7,1.61,1.92,2.52,1.05
1029,1,3.29,2.31,3.38,3.73,2.47,2.91,2.94,2.5
1030,1,2.03,1.49,2.81,1.89,2.38,1.39,2.53,1.81
1031,1,1.54,1.88,0.93,1.95,2.94,2.14,2.25,3.04
1032,1,2.08,3.23,2.44,3.42,1.93,2.59,2.88,3.39
1033,1,1.33,0.57,1.71,1.57,0.73,1.7,2.48,0.72
1034,1,2.3,3.8,3.36,3.46,1.9,2.31,3.24,3.44
1035,1,2.74,3.2,2.22,2.59,2.44,3.22,2.16,2.05
1036,1,1.06,1.19,0.93,2.6,2.02,1.99,1.99,3.2
1037,1,2.36,2.43,3.52,2.36,2.16,2.49,2.36,2.6
1038,1,0.52,0.87,1.86,2.82,1.14,0.99,1.85,1.7
1039,1,2.5,4,2.68,2.25,2.58,3.97,2.64,3.48
1040,1,3.06,3.46,2.17,1.58,2.56,2.97,2.37,1.69
1041,1,2.92,3.55,3.23,2.98,2.94,3.54,3.79,2.97
1042,1,2.04,2.93,2.18,2,3,3.63,1.84,2.36
1043,1,0.65,1.15,1.29,1.54,1.17,0.46,1.06,1.47
1044,1,3.01,2.72,2.73,2.46,2.01,2.8,2.91,1.98
1045,1,2.77,2.41,2,2.4,2.95,2.88,2.46,3.23
1046,1,1.38,1.7,1.87,1.89,1.83,1.77,1.86,2.6
1047,1,2.33,2.45,1.37,2.44,2.17,2.73,2.08,2.5
1048,1,1.73,1.5,1.62,1.71,1.96,1.92,2.13,2.61
1049,1,1.02,2.13,3.04,2.24,2.75,3.27,2.91,2.08
1050,1,0.91,1.41,0.42,1.12,2.33,2.54,2.08,2.91
1051,1,1.46,1.02,2.49,2.18,1.69,1.91,2.96,2.4
1052,1,2.09,2.36,2.8,2.79,1.08,1.71,1.8,2.29
1053,1,3.34,4,2.96,2.58,4.34,3.66,2.59,2.59
1054,1,2.29,2.3,2.73,2.73,2.1,2.39,3.09,2.17
1055,1,2.77,2.87,2.56,2.74,2.24,3.73,2.88,3.09
1056,1,3.07,2.82,2.42,2.47,2.8,2.96,2.53,2.44
1057,1,1.22,2.77,1.83,1.72,2.7,3.19,2.71,2.09
1058,1,2.56,3.03,2.96,2.9,3.16,3.55,3.75,3.51
1059,1,1.95,1.49,2.44,2.09,2.19,1.49,2.16,2.03
1060,1,2.54,2.66,4,4,1.68,4.1,4.14,5
1061,1,1.72,1.59,1.1,1.84,1.09,1.34,1.7,2.37
1062,1,1.28,1.91,1.31,2.14,0.69,1.98,1.6,1.93
1063,1,1.32,1.22,2.82,3.72,2.33,3.01,3.57,3.17
1064,1,2.9,3.24,2.7,2.5,2.41,2.81,3.39,2.08
1065,1,1.74,1.54,1.38,1.73,1.67,1.37,2.32,2.3
1066,1,1.24,2.76,1.75,2.77,2.23,2.97,2.18,2.61
1067,1,0.96,2.37,1.29,1.61,2.29,1.38,1.49,1.24
1068,1,3.3,3.06,2.84,3.65,3.89,3.37,3.62,2.68
1069,1,2.07,2.89,2.26,2.34,1.09,2.05,2.36,2.34
1070,1,0.96,1.4,1.43,2.04,1.68,1.91,1.83,2.57
1071,1,2.28,3.47,3.5,3.04,3.27,3.76,3.6,4.06
1072,1,3.45,2.64,2.59,3.2,3.26,3.79,3.16,2.26
1073,1,2.38,2.29,2.54,1.61,3.3,3.05,2.78,2.97
1074,1,2.57,2.09,2.95,2.85,1.79,2.8,2.44,3.35
1075,1,2.22,2.66,2.9,3.39,2.81,1.75,2.74,2.29
1076,1,2.26,2.46,3.31,3.19,2.06,2.65,3.66,3.15
1077,1,0.51,0.89,0.69,0.89,0.6,1.17,0.51,0.92
1078,1,2.19,2.7,3.21,2.52,2.13,2.46,2.65,2.42
1079,1,0.58,1.05,1,0.69,1.93,2.41,1.5,1.7
1080,1,2.57,3.03,2.04,1.87,2.36,3.17,2.59,2.5
1081,1,2.1,1,1.44,1.08,2.14,2.04,1.5,1.57
1082,1,1.78,0.75,2.27,2.22,1.9,2.24,2.13,1.32
1083,1,0.24,0.86,0.35,1.8,1.31,1.74,2.9,2.18
1084,1,1.77,4,3.4,3.06,1.14,3.32,2.83,2.61
1085,1,1.92,1.58,1.83,2.53,1.32,0.53,1.42,2.17
1086,1,1.01,0.48,0.68,2.45,1.86,0.64,1.41,1.52
1087,1,2.11,2.43,2.31,1.98,2.58,2.38,2.98,1.75
1088,1,1.37,1.97,2.41,3.07,2.84,1.92,2.49,2.9
1089,1,2.21,1.62,1.61,1.3,1.74,1.61,1.47,1.53
1090,1,3.08,2.88,2.38,2.59,3.83,2.31,2.79,3.56
1091,1,2.5,3.6,2.11,3.61,3.2,2.34,2.13,1.9
1092,1,3.31,2.6,2.23,2.64,3.5,3.06,3.45,2.61
1093,1,2.97,2.65,3.03,3.52,2.9,2.4,1.94,2.03
1094,1,2.75,2.31,2.2,2.39,2.77,2.85,3.01,2.12
1095,1,1.89,1.73,2.38,2.58,2.82,2.53,2.88,3.3
1096,1,3,3.13,3.46,2.97,3.13,2.97,3.39,3.25
1097,1,1.4,0.85,0.64,1.86,2.18,1.55,1.29,2
1098,1,1.15,0.95,0.81,1.6,1.21,0.55,0.92,2.02
1099,1,0.97,2.78,2.07,1.48,1.77,2.59,1.78,1.45
1100,1,0.86,0,0.93,1.3,1.79,1.97,2.38,2.3
1101,1,2.13,3.37,1.21,1.29,2.96,1.4,1.86,2.34
1102,1,2.22,1.52,1.08,1.27,2.01,2.35,2.04,1.61
1103,1,1.77,2.41,1.68,1.24,1.53,2.55,2.43,1.66
1104,1,1.63,2.58,3.89,3.31,2.33,2.55,2.68,1.92
1105,1,1.26,2.19,2.45,2.44,1.62,2.1,1.85,2.47
1106,1,2.11,2.88,2.49,3.6,2.3,2.46,2.01,2.68
1107,1,2.3,2.17,1.76,2.11,1.25,1.58,1.93,1.63
1108,1,1.62,2.38,2.47,3.18,3.02,2.2,2.31,3.55
1109,1,0.25,1.18,1.62,2.21,0.91,1.07,1.69,1.32
1110,1,2.31,2.78,2.04,1.95,3.23,2.85,3.3,3.09
1111,1,2.77,1.93,1.53,1.62,2.89,2.23,1.7,2.44
1112,1,1.35,1.64,2.11,2.28,1.49,2.77,2.88,3.03
1113,1,1.64,2.4,1.88,1.93,2.13,2.02,2.21,2.82
1114,1,3.27,3.93,3.69,3.12,3.59,3.59,3.94,4.47
1115,1,1.97,2.11,1.72,2.07,2.11,2.76,2.59,2.56
1116,1,1.19,1.26,1.6,2.65,0.83,1.3,1.03,1.79
1117,1,2.39,2.65,2.8,1.85,2.55,2.54,2.5,2.63
1118,1,1.8,1.91,2.03,1.55,2.08,2.41,2.13,1.19
1119,1,2.67,1.73,1.73,1.62,2.33,2.14,2.21,1.31
1120,1,1.79,1.91,2.13,1.31,2.46,2.89,2.81,1.69
1121,1,1.89,1.66,2.93,2.31,1.99,1.99,3.69,2.65
1122,1,2.5,3.07,3.3,3.03,3.4,3.37,3.1,3.16
1123,1,3.02,2.97,3.3,2.94,2.66,2.6,2.87,2.56
1124,1,1.96,1.11,1.77,2.72,2.14,1.97,1.34,2.82
1125,1,2.19,1.49,1.49,2.26,2.81,2.15,2.64,2.59
1126,1,1.79,1.67,1.54,1.34,1.15,1.58,1.69,1.83
1127,1,2.07,2.18,2.67,3.51,1.94,1.9,2.65,2.51
1128,1,2.38,2,2.38,3.17,1.96,1.51,2.7,3.44
1129,1,2.17,2.47,2.41,3.12,2.71,2.23,2.94,3.01
1130,1,1.18,1.61,1.42,0.95,2.05,1.88,2.09,2.07
1131,1,1.17,1.1,1.43,2,2.07,2.64,2.58,3.29
1132,1,2.18,3.09,2.77,3.19,2.93,2.75,3.16,3.28
1133,1,1.88,2.87,2.28,3.03,3.02,2.4,2.32,3.36
1134,1,1.52,1.85,2.69,2.74,2.5,2.79,3.73,3.05
1135,1,1.11,1.3,1.25,1.91,1.54,1.89,1.79,2.71
1136,1,2.83,2.75,3.42,3.6,2.63,2.99,3.14,3.18
1137,1,2.05,1.96,2.89,1.9,2.2,2.32,2.42,1.26
1138,1,0.19,0.36,0.24,0,2.1,1.43,1.23,0.69
1139,1,2.05,1.51,1.6,2.94,2.7,2.98,2.63,2.78
1140,1,1.09,1.74,2.71,3.67,1.68,1.44,2.11,1.68
1141,1,1.32,2.76,1.62,1.6,2.43,2.78,2.23,2.13
1142,1,2.25,1.99,2.1,2.2,2.51,2.06,2.15,2.39
1143,1,1.58,1.99,3.56,2.78,2.01,2.15,2.38,2.46
1144,1,1.99,2.95,2.37,2.2,3.16,3.1,2.67,2.81
1145,1,2.29,2.25,1.36,0.07,2.69,3.33,1.79,1.91
1146,1,1.73,1.76,2.7,1.39,2.59,2.5,3.79,2.81
1147,1,2.53,1.4,2.45,1.17,2.49,2.12,2.36,1.06
1148,1,2.65,2.85,2.37,2.57,3.18,2.9,2.69,1.99
1149,1,2.4,3.04,2.51,2.61,3.93,3.51,3.11,2.98
1150,1,2.44,2.01,2.66,2.45,1.99,2,3.08,3.23
1151,1,2.82,2.37,2.61,2.94,2.84,2.13,3.16,2.85
1152,1,3.93,3.45,4,3.37,3.27,3.43,4.41,3.28
1153,1,2.36,1.36,2.1,1.39,2.73,2.08,2.42,2.13
1154,1,1.34,1.51,1.97,2.13,0.27,0.41,2.18,1.18
1155,1,1.44,1,3.08,2.14,2.3,2.09,2.69,2.67
1156,1,1.34,1.44,2.5,2.67,0.99,1.86,2.53,2.01
1157,1,1.88,1.53,3.37,3.82,2.55,3.14,4.51,4
1158,1,1.55,1.29,1.72,1.34,3.18,2.67,3.01,2.49
1159,1,1.93,1.67,1.97,1.92,1.24,1.97,2.37,1.59
1160,1,1.67,2.92,2.83,3.56,1.89,2.63,2.61,3.38
1161,1,3.7,2.73,1.49,2.46,2.75,2.91,2.56,2.91
1162,1,3.11,3.45,3.41,3.3,2.98,2.98,2.99,2.41
1163,1,3.77,3.19,2.92,2.43,2.94,3.22,3.28,2.8
1164,1,1.53,1.98,1.62,1.4,1.51,1.75,1.8,1.99
1165,1,0.65,1.76,2.12,1.91,1.32,1.87,2.18,1.54
1166,1,1.98,3.01,3.24,3.57,2.77,3.25,2.76,2.13
1167,1,2.69,1.67,3.54,2.95,1.93,3.04,2.89,2.59
1168,1,2.79,2.56,0.65,1.82,3.93,2.6,2.03,2.68
1169,1,2.88,2.89,2.27,2.41,4.05,2.68,2.88,2.72
1170,1,2.23,3.1,3.4,3.15,2.34,1.56,2.97,3.27
1171,1,4,3.68,3.86,3.52,4.1,3.46,3.57,2.85
1172,1,1.92,2.6,2.79,3.36,2.77,3.41,4.02,3.38
1173,1,1.87,1.9,1.54,2.41,1.33,1.86,1.84,2.38
1174,1,2.9,3.16,3.3,2.89,2.18,1.89,1.8,2.16
1175,1,1.38,2.07,1.79,1.03,2.33,3.24,2.12,2.43
1176,1,2.63,2.9,2.17,2.26,2.94,2.78,2.22,2.05
1177,1,1.42,2.03,2.26,1.04,1.24,2.31,2.61,1.92
1178,1,2.36,2.79,2.39,2.07,2.52,3.4,3.2,2.71
1179,1,1.77,1.84,2,1.44,2.94,2.47,2.85,2.5
1180,1,1.87,1.98,2.22,2,1.86,1.77,2.45,1.59
1181,1,1.11,1.14,2.43,1.77,0,1.66,1.13,1.5
1182,1,1.93,1.51,1.59,2.31,1.55,2.1,2.56,2.06
1183,1,2.16,2.66,3.23,2.84,2.12,2.88,2.12,2.54
1184,1,1.94,3.03,2.37,2.45,2.91,3.06,3.83,3.87
1185,1,2.26,2,2.6,2.56,1.99,1.38,2.94,3.23
1186,1,3.02,2.09,1.88,2.53,2.22,2.28,2.3,2.9
1187,1,2.27,2.46,3.05,3.58,1.51,2.52,2.33,3.87
1188,1,1.23,1,1.76,2.09,2.1,1.36,2.13,2.28
1189,1,2.31,2.58,2.87,2.04,2.28,1.78,2.56,2.57
1190,1,2,2.15,2.44,4,2.28,3.34,2.97,4
1191,1,0.9,1.6,1.72,2.01,2.02,1.82,1.45,1.46
1192,1,1.41,1.54,1.8,0.69,1.51,1.89,1.93,1.04
1193,1,1.86,1.44,1.57,1.52,2.9,1.62,1.91,1.63
1194,1,2.36,2.26,2.89,2.76,3.15,2.72,3.04,3.12
1195,1,0.08,0.08,1.44,0.55,1.88,2.04,2.71,1.58
1196,1,2.78,2.6,3,2.96,3.25,2.49,3.07,2.5
1197,1,3.69,3.67,3.5,3.34,2.14,3.55,3.05,2
1198,1,2.32,2.49,1.65,1.85,2.54,2.1,1.35,1.71
1199,1,2.01,3.08,2.19,1.66,2.88,2.64,3.09,3.03
1200,1,1.45,0.99,1.49,2.31,1.98,0.58,1.34,0.93
1201,1,2.56,2.04,1.83,2.05,2.32,2.79,1.92,2.19
1202,1,2.13,1.21,1.81,2.26,1.25,1.2,2.75,2.15
1203,1,1.83,2.25,2.85,3.45,1.63,2.06,2.23,2.27
1204,1,2.15,2.6,1.71,1.87,1.2,1.94,0.89,0.34
1205,1,1.24,1.01,1.88,1.45,2.27,1.63,1.9,0.82
1206,1,1.19,1.52,1.73,1.5,1.3,1.06,2.03,3.01
1207,1,2.55,2.15,3.01,3.05,1.91,2.25,1.08,2.41
1208,1,0.88,0.62,1.17,1.42,1.4,0.69,1.31,2.04
1209,1,2.43,2.04,2.49,2.05,3,2.48,3.04,1.48
1210,1,2.05,1.83,1.97,2.56,2.35,2.07,2.06,2.35
1211,1,2.16,2.09,2.19,1.15,2.3,1.95,2.54,1.69
1212,1,1.45,2.36,2.11,1.37,2.3,1.88,2.22,2.81
1213,1,2.19,1,1.31,2.13,2.53,2.25,2.38,2.29
1214,1,1.39,1.31,1.42,1.25,1.48,1.82,1.64,1.75
1215,1,1.24,1.79,2.14,1.06,1.9,1.31,1.66,0.95
1216,1,1.39,0.82,2.26,2.62,2.08,1.2,1.24,2.25
1217,1,1.39,0.99,1.45,1.28,2.21,0.94,1.95,2.01
1218,1,1.07,1.27,2.04,2.31,2,1.48,2.65,2.25
1219,1,1.98,2.49,2.4,2.69,2.48,2.26,2.49,2.5
1220,1,2.68,2.1,2.64,2.4,1.9,2.3,2.62,1.73
1221,1,3.02,3.76,3.96,3.21,3.29,2.42,3.79,3.01
1222,1,2.51,3.06,3.52,3.29,1.02,2.92,2.94,2.66
1223,1,1.36,1.75,1.42,1.89,2.07,1.84,1.79,2.39
1224,1,1.71,1.57,2.05,1.96,1.3,1.89,1.58,2.03
1225,1,3.12,2.99,2.79,2.22,3.53,3.67,3.83,3.12
1226,1,1.4,0.5,0.87,0.86,1.21,0.83,1.6,1.52
1227,1,1.57,1.89,2.39,2.28,2.14,2.13,2.74,2.37
1228,1,2.44,2.84,2.95,2.76,2.49,2.56,2.9,3.46
1229,1,1.41,1.86,2.09,2.45,1.11,1.9,1.17,0.78
1230,1,1.03,1.75,2.63,2.99,2.75,2.54,3.29,4.15
1231,1,2.32,2.6,2.82,3.01,3.61,3,3.78,3.32
1232,1,1.87,0.93,1.61,2.18,1.78,1.06,1.96,2.98
1233,1,1.11,1.32,2.11,0.74,0.85,1.11,1.11,0.76
1234,1,1.28,1.12,1.87,1.97,1.47,2.48,1.94,1.35
1235,1,2.5,1.91,1.49,1.89,1.85,2.37,1.71,1.99
1236,1,0.09,0.9,1.92,1.54,1.07,1.6,1.42,1.6
1237,1,1.9,1.93,2.28,2.09,2.51,1.64,2.08,2.11
1238,1,1.82,2.29,2.44,2.14,2.47,1.61,2.56,2.28
1239,1,1.42,1.62,2.03,1.86,1.97,2.85,1.9,2.08
1240,1,2.1,2.18,3.33,3.1,1.7,2.03,2.91,3.08
1241,1,2.96,2.19,2.05,2.23,2.29,2.19,2.28,2.27
1242,1,1.22,0.59,0.61,1.08,1.12,1.08,0.58,0.5
1243,1,1.79,1.59,1.49,1.83,2.63,0.92,1.94,1.25
1244,1,2.98,2.67,2.53,3.18,1.54,3.32,3.06,3.53
1245,1,1.6,1.75,2.19,1.83,1.85,2.16,2,1.92
1246,1,0,0.3,0.37,0.42,1.7,1.57,1.3,1.81
1247,1,2.36,2.32,2.93,1.55,2.5,3.25,3.39,2.9
1248,1,2.78,2.28,1.76,3.5,1.81,1.56,2.07,2.4
1249,1,3.53,2.38,2.63,1.65,3.36,3.33,3.24,1.79
1250,1,1.39,0.89,2.64,2.32,0.62,1.75,2.13,2.54
1251,1,1.02,2.19,2.04,2.16,2.54,1.74,1.15,2
1252,1,1.84,2.12,1.62,2.49,2.64,2.21,1.93,1.9
1253,1,3.13,3.18,3.41,3.33,2.6,3.53,3.66,3.27
1254,1,2.65,1.95,2.76,1.91,2.21,2.61,3.66,2.06
1255,1,2.07,2.34,1.3,1.02,2.83,1.91,3.12,2.48
1256,1,0.1,1.12,0.21,0.43,0.07,1.14,1.19,0.17
1257,1,2.77,3.35,3.25,4,1.98,2.16,2.91,2.87
1258,1,3,2.5,2.79,2.82,2.32,2.35,2.16,1.66
1259,1,1.34,1.76,1.72,1.68,2.23,1.46,2.05,2.06
1260,1,1.64,0.99,1.64,2.09,1,0.34,0.98,1.65
1261,1,2.77,3.02,3,1.89,1.37,1.91,2.74,1.36
1262,1,1.24,1.04,1.61,1.87,2.05,1.1,1.84,2.5
1263,1,1.07,3.27,2,2.25,3.04,2.04,2.72,3.07
1264,1,2.63,2.68,2.78,2.74,2.95,2.22,2.61,2.29
1265,1,1.41,0.55,0.78,1.61,2.39,1.24,2.39,2.71
1266,1,1.43,2.05,1.02,1.01,2.19,2.35,2.5,1.76
1267,1,1.8,2.5,2.87,2.14,1.9,3.31,2.05,2.28
1268,1,1.59,1.85,1.85,2,2.55,2.77,2.79,2.92
1269,1,1.76,1.81,2.18,2,1.61,1.37,2.76,2.36
1270,1,2.57,2.3,2.95,2.21,2.8,2.14,2.64,2.07
1271,1,3,2.82,1.69,2.77,2.81,1.84,2.78,3.46
1272,1,3.5,3.23,2.01,2.93,3.06,2.54,2.1,2.99
1273,1,1.86,1.28,1.22,1.49,2.09,1.74,2.24,2.51
1274,1,1.95,2.36,3.27,3.35,2.27,3.52,2.42,3.22
1275,1,3.2,2.87,2.35,2.74,3.16,3.2,3.33,4.31
1276,1,1.53,1.78,3.36,2.51,1.11,2.02,2.58,2.36
1277,1,0.03,0.81,3.14,2.68,1.95,2.72,3.7,3.12
1278,1,2.68,3.39,2.58,2.5,2.61,2.95,2.34,1.63
1279,1,1.82,1.42,0.83,0.79,1.89,2.03,1.38,1.16
1280,1,1.99,2.39,3.13,2.24,1.52,2.5,2.21,1.74
1281,1,1.96,2.41,2.39,1.76,2.48,2.03,2.84,2.57
1282,1,3.39,3.06,3.06,3.18,2.82,3.63,3.08,2.35
1283,1,1.85,3.37,3.63,3.86,2.27,2.28,2.42,3.16
1284,1,2.01,2.76,3.28,2.33,3.15,3.69,4.19,2.78
1285,1,0.67,0.56,1.41,1.41,1.85,1.72,2.33,2.76
1286,1,2.76,2.36,3.06,1.39,3.3,2.54,3.18,2.07
1287,1,2.64,2.32,1.76,2.84,2.94,2.42,1.72,3.02
1288,1,1.9,2.77,2.84,2.92,2.31,3.22,3.23,2.44
1289,1,0.54,1.99,1.13,2.01,2.64,2.19,1.88,2.31
1290,1,0.75,2.03,1.32,1.88,1.91,1.41,1.19,2.36
1291,1,1.21,1.87,1.31,2.49,1.16,1.61,1.3,1.28
1292,1,2.43,1.8,3.05,2.69,2.4,1.52,2.68,2.46
1293,1,2.46,2.39,1.8,2.1,2.78,4.15,3.29,3.69
1294,1,1.78,2.32,3.28,3.28,2.01,2.57,3.61,2.51
1295,1,2.25,2.48,2.11,3.03,1.56,2.51,2.75,3.32
1296,1,1.91,2.24,0.89,0.96,2.48,2.21,2.26,1.55
1297,1,1.3,2.13,2.92,2.64,1.4,1.43,2.37,1.75
1298,1,1.93,2.09,2.17,2.03,0.63,0.94,1.3,1.06
1299,1,2.69,2.34,2.21,1.87,3.18,2.22,1.91,2.13
1300,1,1.65,3.04,3.07,2.41,3.26,3.22,4,3.74
1301,1,2.48,2.87,3.72,2.41,3.97,3.67,3.23,2.02
1302,1,1.39,1.94,1.65,1.46,1,1.36,0.95,1.88
1303,1,0.89,1.68,1.93,2.35,2.28,1.92,1.87,3.17
1304,1,1.65,1.4,0.73,1.38,2.67,2.34,2.13,2.2
1305,1,1.58,1.56,1.14,2.13,1.93,2.44,2.36,2.64
1306,1,1.82,1.07,1.5,1.99,1.77,0.63,1.2,1.16
1307,1,1.01,1.65,1.95,3.49,1.19,1.31,1.88,2.8
1308,1,2.57,3.72,2.77,3.76,2.61,3.28,3.32,3.78
1309,1,2.86,1.93,2.18,2.48,2.17,2.95,2.36,1.76
1310,1,4,3.21,3.86,4,4.17,3.5,3.57,3.55
1311,1,2.53,3.93,4,3.47,3.03,4.04,3.39,3.06
1312,1,0.61,0,0.82,1.19,0.54,1.11,1.35,2.27
1313,1,2.05,2.19,1.22,1.75,2.17,2.12,1.82,1.53
1314,1,2.64,3.08,2.29,3.3,2.74,3.15,2.65,2.57
1315,1,2.99,3.77,4,3.63,3.48,3.45,3.54,3.68
1316,1,1.8,2.29,2.78,2.08,3.47,2.85,3.5,3.03
1317,1,1.98,1.37,2.19,1.19,1.46,1.87,1.81,0.9
1318,1,1.82,1.51,1.21,2.01,2.11,1.7,2.28,2.83
1319,1,3.03,3.08,2.69,2.29,2.57,2.54,2.38,2.61
1320,1,1.7,1.05,3.1,3.35,2,2.43,3.06,3.19
1321,1,2.77,3.78,2.75,2.77,2.36,3,3,2.74
1322,1,1.43,2.5,2.62,1.39,1.58,2.26,2.06,2.07
1323,1,0.91,1.76,1.71,2.76,1.64,2.77,2.12,2.11
1324,1,3.03,2.83,3.66,2.76,1.99,2.09,3.21,2.09
1325,1,1.76,1.84,1.07,2.46,1.84,0.12,0.29,1.02
1326,1,2.36,2.45,1.7,1.4,2.72,2.8,2.09,1.7
1327,1,2.07,3.41,2.59,2.15,2.15,2.72,3.14,2.62
1328,1,2.45,2.84,1.38,2.57,3.01,3.51,2.12,2.75
1329,1,1.1,0.62,1.21,1.42,0.72,0.65,0.81,0.5
1330,1,4,3.7,2.83,3.56,3.83,3.03,2.43,2.07
1331,1,3.2,3.73,3.54,3.98,3.21,3.13,3.7,3.34
1332,1,1.98,2.62,2.08,3.34,2,3.11,1.72,3.21
1333,1,1.68,1.8,1.29,2.13,1.68,2.32,1.81,2.88
1334,1,0.88,1.19,2.31,2.8,0.88,0.36,1.02,1.92
1335,1,3.48,1.4,1.57,1.49,2.54,1.88,2.65,1.28
1336,1,2.07,2,3.09,2.46,2.54,2.89,3.29,2.68
1337,1,3.13,1.78,3.02,2.75,2.57,2.48,3.51,2.66
1338,1,2.99,3.32,3.03,3.61,3.73,3.32,3.58,3.03
1339,1,1.79,1.8,1.71,1.13,1.94,3.56,2.64,2.79
1340,1,0.89,2.01,3.41,1.61,1.9,1.97,2.52,1.9
1341,1,1.36,0.81,0.98,1.07,0.96,1.21,1.36,1.53
1342,1,2,1.09,0.62,2.01,2.78,1.41,2.27,3.52
1343,1,2.07,2.28,1.66,1.9,2.36,3.13,1.99,1.73
1344,1,1.12,1.64,1.83,1.02,2.88,2.23,2.33,2.19
1345,1,3.52,3.38,2.25,2.82,4.42,4.08,3.64,3.47
1346,1,1.23,1.94,3.09,3.05,1.52,2.34,3.39,3.21
1347,1,2.29,1.67,2.09,2.36,1.77,2.66,2.61,2.85
1348,1,1.91,2.02,2.23,1.24,2.47,2.27,2.13,1.91
1349,1,1.47,2.1,2.04,2.12,0.99,1.38,1.53,2.11
1350,1,1.64,2.91,2.89,2.92,0.94,2.35,2.17,2.33
1351,1,1.81,0.65,1.01,1.37,1.46,1.27,1.41,2.66
1352,1,1.68,2.5,2.07,2.52,2.17,1.98,2.49,2.89
1353,1,1.37,1.39,2.08,1.73,0.74,1.8,2.2,2.07
1354,1,1.83,1.34,1.02,1.89,2.07,3.34,2.48,3.31
1355,1,3.09,2.27,0.97,1.24,2.25,2.55,1.57,2
1356,1,1.24,1.66,2.42,2.27,1.16,2.16,2.06,1.58
1357,1,1.59,2.09,2.29,2.68,1.83,2.38,2.77,3
1358,1,1.47,1.74,1.24,1.97,2.53,2.03,2.55,2.61
1359,1,2.61,2.91,2.22,2.86,2.48,2.72,2.72,3.51
1360,1,1.6,3.18,4,3.34,1.23,2.76,3.01,3.14
1361,1,2.24,2.87,2.6,1.93,3.62,2.51,2.91,2.61
1362,1,1.69,2.59,2.12,2.14,3.69,3.62,2.91,2.82
1363,1,3.04,3.51,3.13,1.91,2.68,2.52,3.49,3.23
1364,1,2.44,2.26,2.55,2.31,1.96,2.22,1.58,2.42
1365,1,2.22,2.21,3.24,2.61,2.45,1.37,2.15,3.02
1366,1,1.93,2.13,2.27,2.27,2.01,1.83,2.79,2.23
1367,1,3.64,2.65,2.21,2.02,3.32,2.62,2.79,3.06
1368,1,2.95,3.35,2.05,1.74,2.55,3.51,2.7,2.68
1369,1,1.99,1.94,1.88,2.38,2.1,2.71,2.41,2.06
1370,1,0.7,0.65,1.18,1.32,0.97,1.73,0.88,1.63
1371,1,2.24,2.66,2.29,2.46,1.96,3.09,2.66,1.96
1372,1,2.45,2.76,2.67,3.02,2.64,2.58,2.21,2.53
1373,1,0.37,0.34,0.71,1.98,1.5,1.62,1.16,1.32
1374,1,1.83,1.74,1.83,2.45,3.2,3.1,2.97,3.26
1375,1,2.23,2.44,2.16,2.21,2.28,1.56,2.62,1.26
1376,1,0.95,2.61,2.06,1.75,2.08,1.29,2.31,2.47
1377,1,2.8,2.29,3.04,1.82,2.54,2.65,3.11,2.69
1378,1,1.84,2.62,2.87,2.65,1.68,2.31,2.83,2.81
1379,1,2.68,2.47,2.13,2.03,2.15,2.11,1.91,1.56
1380,1,2.19,2.63,2.48,3.1,2.56,2.77,2.47,3.99
1381,1,0.68,1.47,1.18,0.49,1.5,1.39,1.47,1.8
1382,1,1.84,2.09,2.14,1.82,2.64,1.37,2.26,2.39
1383,1,0.76,1.78,1.97,3.11,1.27,2.52,2.41,3.36
1384,1,4,2.73,3.13,2.69,3.03,3.09,2.63,1.86
1385,1,3.06,1.95,2.11,3.21,3.16,2.32,3.35,3.81
1386,1,3.01,2.78,2.63,3.25,3.4,2.39,2.9,2.93
1387,1,0.19,1.77,1.37,2.2,1.44,1.47,2.06,2.08
1388,1,3.35,3.14,2.77,2.91,3.45,3.85,3.76,3.39
1389,1,2.21,2.22,3.43,3.34,2.66,2.25,2.81,1.87
1390,1,2.09,1.49,2.3,2.9,1.63,2.55,2.07,2.28
1391,1,1.95,2,2.68,2.84,1.57,2.08,2.35,1.95
1392,1,0.52,1.12,1.44,1.41,0.39,0.66,0.35,1.32
1393,1,2.75,1.09,1.29,1.05,2.4,1.64,1.71,1.8
1394,1,2.13,1.9,3.03,2.94,2.14,3,2.07,2.31
1395,1,2.56,0.67,0.83,1.25,1.95,1.03,1.27,0.83
1396,1,2.39,2.92,2.38,3.14,1.99,2.47,2.04,2.42
1397,1,2.21,1.92,2.55,2.95,2.8,3.05,2.67,2.6
1398,1,2.43,1.66,1.92,1.73,2.7,1.78,2.02,1.64
1399,1,2.57,3.39,3.07,2.55,3.45,3.22,2.74,3.23
1400,1,2.45,3.24,3.18,2.47,3.45,3.27,3.33,2.63
1401,1,1.71,2.39,3.23,2.28,2.44,3.11,3.12,3.13
1402,1,1.88,1.78,2.7,2.21,2.26,2.95,3.39,2.29
1403,1,3.64,4,3.9,3.45,3.61,3.17,3.82,3.37
1404,1,1.82,1.81,3.06,2.41,1.22,1.48,1.79,1.86
1405,1,3.5,3.73,3.27,2.71,2.36,4,3.41,3.13
1406,1,2.58,3.31,2.89,2.53,2.73,2.44,1.89,2.62
1407,1,1.27,2.21,2.7,2.32,1.55,1.28,1.75,1.43
1408,1,1.67,1.49,2.68,3.03,2.66,2.78,2.92,1.77
1409,1,3.36,4,2.27,3.12,3.16,2.97,2.89,2.53
1410,1,0.84,2.3,3.03,2.97,0.83,3.17,3.86,3.31
1411,1,1.54,2.85,1.79,2.39,2.96,3.06,2.57,2.57
1412,1,2.22,2.67,1.96,2.87,2.11,2.38,1.39,2.6
1413,1,4,3.51,3.36,3.32,2.94,4.33,3.34,2.96
1414,1,1.09,1.17,0.69,1.51,1.83,1.31,1.67,1.44
1415,1,2.51,3.16,2.6,2.68,3.36,3.44,3.45,4.8
1416,1,1.9,2.79,1.65,1.49,2.22,1.57,1.87,1.41
1417,1,2.2,3.09,4,2.8,2.02,1.58,2.84,2.34
1418,1,1.75,1.23,1.91,2.77,2.08,0.99,1.71,2.93
1419,1,2.3,1.88,1.94,1.53,2.67,2.22,2.84,2.81
1420,1,3,3.04,3.65,2.8,2.96,3.69,3.88,3.13
1421,1,2.84,3.36,3.02,3.13,2.56,3.27,3.35,3.1
1422,1,2.27,1.66,1.26,0.8,3.5,2.02,1.73,1.58
1423,1,2.24,3.15,2.63,2.44,3.32,2.86,3.2,3.32
1424,1,1.65,2.01,2.05,3.09,1.66,2.65,2.85,2.77
1425,1,2.07,1.95,2.23,2.5,1.8,2,2.33,2.17
1426,1,1.59,0.69,1.63,2.14,1.53,0.66,1.02,1.91
1427,1,2.22,2.59,3.45,2.93,3.68,3.61,4.76,3.02
1428,1,2.88,2.71,2.69,2.75,2.92,2.36,2.99,2.36
1429,1,2.45,2.39,2.26,1.96,2.37,1.97,2.14,2.67
1430,1,1.07,1.09,1.35,1.27,0.67,1.91,1.31,1.36
1431,1,3.02,3.31,3.21,3.01,2.44,2.55,2.3,1.65
1432,1,2.19,1.41,1.78,1.67,2.49,2.23,1.74,2.85
1433,1,3.59,2.37,2.55,2.86,2.41,1.41,1.36,0.37
1434,1,2.64,3.5,3.49,2.68,3.14,2.55,3.24,2.47
1435,1,1.33,1.89,2.13,2.18,2.49,2.19,3.13,2.05
1436,1,1.9,1.46,1.25,1.98,1.74,0.8,1.63,1.96
1437,1,0.78,1.46,1.58,2.53,1.67,0.46,1.94,2.31
1438,1,1.44,1.08,1.88,1.29,2.02,2.38,2.26,2.04
1439,1,3.11,2.54,2.8,3.43,3.64,1.92,2.07,3.03
1440,1,2.25,2.6,1.88,2.47,2.99,2.76,2.43,2.97
1441,1,1.96,1.26,2.86,2.3,2.09,2.75,2.78,3.31
1442,1,1.54,2.44,3.21,3.22,1.28,1.97,2.4,2.38
1443,1,1.49,3.37,1.65,2.54,2.07,2.35,1.51,2.3
1444,1,2.13,1.28,2.27,2,1.63,2.51,2.6,2.09
1445,1,2.55,3.33,3.1,2.41,1.51,3.29,2.64,1.31
1446,1,0.75,1.14,1.23,2.1,1.44,1.74,1.84,2.24
1447,1,2.03,2.24,2.78,3.05,1.68,2.93,2.95,2.94
1448,1,0.68,1.16,0.87,0.84,1.74,0.62,1.41,1.2
1449,1,2.15,1.73,0.81,1.27,2.34,2.25,2.84,2.98
1450,1,2.17,3.05,3.08,2.93,2.88,2.7,2.37,1.94
1451,1,1.04,1.72,1.48,1.1,1,2.15,0.74,1.32
1452,1,3,2.99,3.42,3.77,2.61,2.74,3.15,3.42
1453,1,2.59,4,4,4,2.56,4.26,4.56,3.84
1454,1,2.43,1.84,2.02,2,1.59,1.94,2.23,1.9
1455,1,1.45,2.96,2.55,3.06,2.03,2.63,2.07,1.88
1456,1,3.21,3.51,2.79,3.13,3.05,2.51,3.63,2.73
1457,1,1.21,1.89,1.66,1.77,1.37,0.27,0.54,1.69
1458,1,0.59,0.87,1.97,2.31,2.15,2.28,2.28,2.78
1459,1,1.52,2.77,2.46,2.48,1.85,2.38,2.34,1.68
1460,1,0.64,1.65,1.34,0.27,1.22,1.67,1.24,1.06
1461,1,0.93,0.78,2.5,2.26,0.98,0.56,1.52,2.06
1462,1,2.46,2.68,2.19,2.35,2.42,2.67,2.61,2.69
1463,1,1.14,3.58,2.22,2.35,2.17,2.72,2.31,2.22
1464,1,1.89,2.41,1.95,2.39,2.22,2.04,2.32,2.68
1465,1,2.85,3.25,2.43,2.67,3.76,4.26,3.2,3.47
1466,1,1.04,2.06,2.94,2.28,2.24,1.93,2.46,3.58
1467,1,2.32,2.06,2.62,2.56,1.92,0.96,2.56,2.67
1468,1,0.37,2.04,2.38,2.36,1.35,2.11,2.6,1.94
1469,1,2.39,2.39,1.42,2.25,2.08,2.57,2.03,2.09
1470,1,3.03,1.9,2.4,3.74,2.52,1.65,3.22,3.11
1471,1,2.8,2.46,2.25,3.62,4.41,2.9,3.45,3.71
1472,1,1.68,2.33,2.72,2.97,1.89,2.8,1.97,2.58
1473,1,2.54,2.69,2.37,2.66,2.62,2.21,2.96,3.61
1474,1,1.66,1.81,2.45,2.14,1.45,2.53,2.81,3.67
1475,1,1.23,2.18,1.56,2.89,1.92,2.32,1.91,2.7
1476,1,2.04,1.76,1.61,2.19,2.66,2.8,2.63,1.8
1477,1,1.48,2.86,2.52,1.98,2.06,2.58,2.89,2.49
1478,1,0.44,0.19,1.62,1.52,0,0.81,0.9,1.85
1479,1,1.12,1.75,2.13,1.92,1.79,1.79,1.88,1.83
1480,1,2.56,2.27,3.22,2.08,2.36,2.74,2.8,2.55
1481,1,2.69,1.4,1.21,1.47,1.58,3.14,1.97,1.04
1482,1,1.87,2.27,1.49,1.99,2.27,2.78,1.26,2.83
1483,1,2.35,2.38,2.2,2.33,1.95,2.6,1.5,2.56
1484,1,3.54,3.32,3.02,4,3.75,3.52,3.06,3.91
1485,1,3.06,3.04,2.84,2.86,3.56,2.71,2.94,2.49
1486,1,1.46,1.24,2.33,1.88,1.35,1.62,1.79,2.61
1487,1,2.89,2.75,2.34,3.1,2.17,1.85,1.99,2.36
1488,1,1.69,1.94,1.5,1.34,3.14,1.77,2.53,2.64
1489,1,3.6,3.58,2.11,3.11,4.57,3.97,2.44,3.53
1490,1,2.39,1.65,1.39,1.7,2.74,1.99,2.3,1.99
1491,1,2.9,3.24,3.13,4,1.29,2.14,2.69,2.47
1492,1,1.53,1.88,1.72,2.89,1.32,1.64,1.1,1.17
1493,1,2.19,2.82,2.62,2.77,1.9,1.51,1.83,2.62
1494,1,3.21,2.14,2.76,2.81,1.88,2.28,2.13,1.73
1495,1,2.84,3.04,2.21,2.59,2.63,2.63,2.73,1.75
1496,1,2.17,2.32,2.6,2.82,2.08,2.29,2,1.44
1497,1,0.79,1.87,1.93,2.8,1.06,2.27,2.3,3.02
1498,1,1.67,2.27,2.4,2.43,1.16,2.23,2.74,2.08
1499,1,3.1,3.85,2.77,1.88,2.31,2.65,2.16,1.55
1500,1,3.15,1.67,1.58,2.51,2.45,1.36,2,2.69
1501,1,1.88,1.44,1.52,1.77,2.25,2.37,1.52,2.5
1502,1,1.13,1.76,2.56,2.15,1.78,2.27,2.77,2.38
1503,1,1.29,1.87,2.45,2.88,2.02,3.59,2.7,3.25
1504,1,2.45,3.28,1.79,2.41,2.71,2.57,2.58,2.46
1505,1,0.68,0.53,2.12,2.39,1.05,1.2,2.23,2.82
1506,1,0.81,2.07,1.65,1.95,1.86,1.8,1.75,1.66
1507,1,3.27,3.22,2.6,2.02,2.26,2.12,1.42,1.68
1508,1,1.83,3.01,1.11,1.4,2.11,2.97,1.8,1.96