"id","male","age","ethnicity","college","cigage","alcage","alcdays","cigdays","drinker","drinkingfreq"
1,0,12,1,NA,NA,NA,0,0,0,1
2,0,48,3,1,NA,16,0,0,0,1
3,1,28,1,1,15,13,0,30,0,1
4,0,18,2,0,NA,14,0,NA,0,1
5,1,16,2,NA,NA,NA,0,0,0,1
6,1,24,1,1,NA,16,4,0,1,2
7,1,27,1,1,14,13,5,30,1,2
8,0,34,2,0,28,24,0,0,0,1
9,1,16,2,NA,16,15,1,30,0,1
10,1,13,1,NA,NA,NA,0,0,0,1
11,0,17,1,NA,NA,16,0,0,0,1
12,1,26,1,1,NA,10,0,0,0,1
13,1,17,1,NA,15,16,3,30,0,1
14,1,30,1,1,NA,18,1,0,0,1
15,1,56,1,0,NA,21,0,0,0,1
16,1,62,3,0,17,18,0,0,0,1
17,0,32,3,0,15,10,0,7,0,1
18,0,22,1,1,NA,18,NA,0,NA,NA
19,1,12,2,NA,NA,NA,NA,0,NA,NA
20,1,36,1,0,23,17,2,NA,0,1
21,0,16,1,NA,NA,NA,0,0,0,1
22,0,26,2,0,NA,NA,0,0,0,1
23,1,31,1,0,19,16,NA,0,NA,NA
24,0,67,1,0,20,22,0,NA,0,1
25,0,65,1,0,NA,21,5,0,1,2
26,0,29,3,1,NA,18,2,0,0,1
27,1,16,1,NA,15,NA,0,NA,0,1
28,0,65,3,0,18,NA,0,23,0,1
29,0,25,1,1,NA,NA,0,0,0,1
30,0,44,1,0,14,30,0,30,0,1
31,1,31,3,0,14,25,8,30,1,2
32,1,14,3,NA,NA,NA,0,0,0,1
33,0,34,1,0,16,17,0,0,0,1
34,1,32,1,1,21,18,1,30,0,1
35,0,39,1,0,16,15,6,0,1,2
36,1,25,1,1,NA,15,4,0,1,2
37,0,18,1,0,NA,13,5,NA,1,2
38,0,77,1,0,18,20,0,30,0,1
39,0,72,1,0,NA,16,0,0,0,1
40,0,17,1,NA,12,12,0,NA,0,1
41,1,63,1,0,14,10,3,0,0,1
42,0,60,1,0,NA,18,0,0,0,1
43,1,38,1,1,NA,12,0,0,0,1
44,0,85,1,0,NA,NA,0,0,0,1
45,0,45,1,0,NA,18,NA,0,NA,NA
46,0,14,1,NA,NA,NA,0,0,0,1
47,1,20,1,0,15,14,4,NA,1,2
48,1,21,1,0,18,15,6,30,1,2
49,0,24,3,0,15,18,14,30,1,2
50,1,77,1,0,26,15,14,NA,1,2
51,1,23,1,1,NA,19,4,0,1,2
52,1,13,3,NA,13,12,30,12,1,3
53,0,26,3,0,NA,NA,0,0,0,1
54,0,31,3,0,17,16,4,15,1,2
55,0,27,1,1,15,16,1,NA,0,1
56,0,31,1,0,26,18,1,0,0,1
57,1,19,1,0,NA,NA,0,0,0,1
58,1,13,1,NA,NA,11,1,NA,0,1
59,0,39,1,1,NA,25,1,1,0,1
60,1,22,2,0,17,18,2,20,0,1
61,0,12,1,NA,NA,NA,0,0,0,1
62,0,21,2,0,NA,19,2,0,0,1
63,1,17,1,NA,13,16,2,NA,0,1
64,0,33,1,0,NA,NA,0,0,0,1
65,1,19,1,0,NA,13,2,5,0,1
66,1,60,1,0,12,21,1,NA,0,1
67,0,72,1,0,42,21,1,30,0,1
68,1,34,1,1,NA,18,NA,20,NA,NA
69,0,51,1,0,NA,NA,NA,0,NA,NA
70,0,25,3,0,14,14,0,NA,0,1
71,0,12,1,NA,NA,NA,0,0,0,1
72,0,42,1,1,NA,15,0,0,0,1
73,1,14,1,NA,NA,NA,0,0,0,1
74,1,25,1,0,NA,14,NA,1,NA,NA
75,0,24,1,1,NA,18,2,0,0,1
76,0,40,1,1,21,16,NA,0,NA,NA
77,0,65,1,0,NA,27,0,0,0,1
78,1,60,1,0,15,18,0,0,0,1
79,0,14,1,NA,NA,NA,0,0,0,1
80,0,14,1,NA,NA,NA,0,0,0,1
81,1,44,1,1,NA,NA,0,0,0,1
82,1,17,1,NA,NA,NA,NA,30,NA,NA
83,1,47,1,0,12,35,0,0,0,1
84,0,82,3,0,NA,16,3,0,0,1
85,0,13,1,NA,NA,NA,0,0,0,1
86,0,28,1,0,NA,18,1,0,0,1
87,1,14,1,NA,NA,NA,0,NA,0,1
88,1,19,3,1,NA,16,NA,0,NA,NA
89,1,22,3,0,13,15,30,30,1,3
90,0,20,1,1,NA,NA,0,0,0,1
91,0,34,1,0,NA,NA,0,0,0,1
92,0,25,1,1,NA,NA,0,0,0,1
93,0,20,2,0,NA,20,0,0,0,1
94,0,39,3,0,18,22,NA,3,NA,NA
95,1,51,1,0,17,17,1,0,0,1
96,1,25,1,1,20,20,2,30,0,1
97,1,25,1,1,16,18,8,18,1,2
98,0,19,1,1,18,18,3,30,0,1
99,0,50,3,1,NA,15,0,0,0,1
100,1,28,1,0,20,18,2,30,0,1
101,1,34,1,1,17,16,1,30,0,1
102,1,34,1,1,20,20,2,30,0,1
103,0,30,1,1,17,20,0,30,0,1
104,1,49,1,0,14,14,6,NA,1,2
105,0,14,1,NA,NA,11,2,0,0,1
106,0,13,1,NA,NA,NA,0,0,0,1
107,1,15,1,NA,NA,NA,0,0,0,1
108,0,12,1,NA,NA,NA,0,0,0,1
109,1,28,1,0,22,22,0,30,0,1
110,0,68,1,0,34,NA,0,30,0,1
111,0,44,1,1,NA,18,1,0,0,1
112,0,36,1,1,NA,18,0,0,0,1
113,1,47,1,0,NA,NA,0,0,0,1
114,0,72,1,0,NA,NA,0,0,0,1
115,0,17,1,NA,NA,NA,0,0,0,1
116,1,46,1,1,NA,18,0,0,0,1
117,1,50,3,0,21,18,20,NA,1,3
118,0,25,1,1,21,16,0,10,0,1
119,0,25,3,0,16,16,15,NA,1,2
120,1,24,3,0,NA,10,NA,0,NA,NA
121,1,18,2,0,NA,NA,0,0,0,1
122,1,29,1,0,10,10,30,30,1,3
123,1,24,3,0,17,15,4,30,1,2
124,1,29,3,0,NA,10,4,0,1,2
125,0,18,3,0,NA,18,2,0,0,1
126,1,22,1,1,10,14,5,NA,1,2
127,1,19,1,0,18,15,NA,NA,NA,NA
128,1,45,2,0,18,19,0,30,0,1
129,0,51,1,1,18,18,0,0,0,1
130,0,25,1,0,NA,19,0,0,0,1
131,1,24,1,0,12,17,0,30,0,1
132,1,12,2,NA,NA,NA,0,0,0,1
133,1,22,1,1,NA,10,5,0,1,2
134,1,13,1,NA,NA,10,6,NA,1,2
135,1,15,1,NA,10,13,3,30,0,1
136,1,31,1,1,NA,21,2,0,0,1
137,0,18,2,0,12,14,14,30,1,2
138,0,77,1,0,NA,18,4,0,1,2
139,1,13,1,NA,NA,NA,NA,NA,NA,NA
140,0,22,3,0,18,15,NA,30,NA,NA
141,1,20,3,0,19,15,NA,30,NA,NA
142,0,17,1,NA,17,13,3,20,0,1
143,0,27,1,0,26,17,1,30,0,1
144,0,40,1,1,NA,18,NA,0,NA,NA
145,1,38,1,0,NA,17,10,0,1,2
146,0,16,1,NA,15,15,10,0,1,2
147,1,44,1,1,NA,20,2,0,0,1
148,1,14,1,NA,NA,NA,0,0,0,1
149,0,16,1,NA,NA,15,3,NA,0,1
150,0,15,1,NA,NA,NA,0,0,0,1
151,1,27,2,0,NA,18,1,9,0,1
152,1,27,1,1,NA,14,5,0,1,2
153,0,42,1,0,18,18,1,30,0,1
154,1,17,2,NA,NA,15,0,NA,0,1
155,1,17,1,NA,NA,13,20,NA,1,3
156,1,16,1,NA,NA,15,0,0,0,1
157,1,23,1,1,19,10,2,30,0,1
158,0,23,1,0,16,16,15,NA,1,2
159,0,49,1,0,16,17,NA,30,NA,NA
160,1,21,1,1,NA,14,4,1,1,2
161,1,14,1,NA,NA,NA,0,0,0,1
162,0,16,1,NA,NA,14,0,0,0,1
163,1,16,1,NA,NA,10,0,0,0,1
164,0,40,1,0,10,18,0,30,0,1
165,0,40,1,1,NA,23,0,0,0,1
166,0,72,1,0,NA,NA,0,0,0,1
167,1,63,1,0,20,16,15,10,1,2
168,1,55,1,1,25,10,30,NA,1,3
169,1,15,1,NA,NA,13,0,NA,0,1
170,1,35,3,0,NA,NA,20,0,1,3
171,0,49,3,0,34,19,0,20,0,1
172,1,23,1,1,NA,18,12,0,1,2
173,1,52,1,0,13,16,0,0,0,1
174,0,36,1,0,17,17,0,28,0,1
175,1,14,2,NA,NA,NA,0,0,0,1
176,0,20,2,0,NA,NA,0,0,0,1
177,0,31,1,1,16,15,0,0,0,1
178,1,49,1,1,NA,21,0,NA,0,1
179,0,50,2,0,NA,15,0,0,0,1
180,1,17,1,NA,NA,17,1,2,0,1
181,0,72,1,1,18,18,30,30,1,3
182,0,72,1,1,NA,20,0,0,0,1
183,0,72,1,1,17,18,30,0,1,3
184,0,45,1,0,NA,25,0,NA,0,1
185,1,67,1,1,18,15,20,0,1,3
186,1,85,1,1,18,18,30,0,1,3
187,1,27,1,0,NA,12,NA,0,NA,NA
188,0,32,1,1,15,15,NA,30,NA,NA
189,1,34,1,1,NA,15,10,0,1,2
190,0,17,3,NA,NA,NA,0,0,0,1
191,1,18,3,0,NA,NA,0,1,0,1
192,0,67,3,0,20,22,0,30,0,1
193,0,18,3,0,NA,17,0,NA,0,1
194,1,20,3,1,NA,15,0,0,0,1
195,0,66,3,0,NA,NA,0,NA,0,1
196,0,33,3,0,15,16,0,30,0,1
197,0,25,3,0,17,16,4,30,1,2
198,0,77,3,0,NA,NA,0,0,0,1
199,0,68,1,1,NA,NA,0,0,0,1
200,1,12,3,NA,NA,NA,0,0,0,1
201,1,15,1,NA,NA,NA,0,0,0,1
202,0,12,3,NA,NA,NA,0,0,0,1
203,0,34,1,0,NA,NA,0,0,0,1
204,1,20,1,0,NA,13,0,0,0,1
205,0,15,1,NA,NA,NA,NA,0,NA,NA
206,1,18,3,0,NA,16,0,NA,0,1
207,0,37,1,0,17,17,3,30,0,1
208,1,34,2,0,16,NA,3,30,0,1
209,1,14,3,NA,NA,NA,0,0,0,1
210,0,25,1,0,18,15,0,NA,0,1
211,1,35,3,1,NA,19,0,0,0,1
212,0,24,3,0,22,16,8,30,1,2
213,0,21,3,0,NA,17,1,0,0,1
214,1,18,3,0,NA,NA,0,NA,0,1
215,1,15,3,NA,NA,NA,0,0,0,1
216,0,30,1,0,21,17,2,0,0,1
217,1,51,1,1,21,20,0,30,0,1
218,1,16,3,NA,NA,NA,0,0,0,1
219,1,42,1,0,13,10,10,NA,1,2
220,0,17,1,NA,NA,17,0,0,0,1
221,1,24,2,0,24,15,8,NA,1,2
222,0,32,2,0,NA,NA,0,0,0,1
223,0,72,1,0,17,21,4,NA,1,2
224,0,12,1,NA,NA,NA,NA,0,NA,NA
225,1,33,1,1,NA,12,30,1,1,3
226,1,12,3,NA,NA,NA,0,0,0,1
227,0,34,1,0,13,17,7,30,1,2
228,1,16,2,NA,NA,NA,0,NA,0,1
229,0,31,1,0,25,12,0,0,0,1
230,0,63,1,0,NA,NA,0,0,0,1
231,0,30,1,0,NA,19,0,0,0,1
232,1,19,3,0,NA,NA,0,0,0,1
233,1,28,1,0,NA,NA,0,0,0,1
234,0,47,1,0,18,18,4,30,1,2
235,0,31,1,0,NA,14,0,0,0,1
236,0,52,1,1,18,20,30,30,1,3
237,0,22,1,0,NA,NA,0,0,0,1
238,0,58,1,1,NA,17,24,NA,1,3
239,0,44,1,0,NA,30,0,0,0,1
240,0,15,1,NA,NA,NA,0,0,0,1
241,1,54,1,1,17,16,0,0,0,1
242,1,13,1,NA,NA,NA,0,0,0,1
243,1,30,1,0,19,19,4,30,1,2
244,0,47,1,0,NA,NA,0,0,0,1
245,1,17,1,NA,16,17,5,30,1,2
246,1,13,1,NA,NA,NA,0,2,0,1
247,1,16,1,NA,NA,NA,0,0,0,1
248,0,12,1,NA,NA,NA,0,1,0,1
249,1,54,3,0,NA,14,0,0,0,1
250,0,25,3,0,NA,18,0,12,0,1
251,0,26,1,1,23,18,2,30,0,1
252,0,31,3,0,18,22,8,30,1,2
253,0,25,3,0,NA,21,0,0,0,1
254,0,58,1,0,15,30,NA,0,NA,NA
255,0,40,3,0,NA,NA,2,0,0,1
256,1,14,3,NA,NA,NA,0,0,0,1
257,1,19,3,0,NA,16,0,30,0,1
258,1,14,3,NA,NA,NA,0,0,0,1
259,0,24,3,0,NA,19,2,0,0,1
260,1,26,3,0,NA,NA,0,0,0,1
261,0,59,3,0,NA,20,3,0,0,1
262,0,22,3,1,NA,NA,0,0,0,1
263,0,14,1,NA,NA,NA,0,0,0,1
264,1,16,1,NA,NA,13,0,0,0,1
265,0,19,1,0,16,12,2,30,0,1
266,0,25,2,1,NA,16,1,0,0,1
267,0,19,3,0,NA,18,0,20,0,1
268,0,43,3,0,NA,NA,0,0,0,1
269,1,32,3,0,NA,14,0,0,0,1
270,0,14,3,NA,NA,10,0,0,0,1
271,1,47,3,1,NA,16,NA,0,NA,NA
272,0,35,1,1,NA,16,2,0,0,1
273,0,22,3,1,16,16,0,0,0,1
274,0,19,3,0,18,12,0,15,0,1
275,1,18,3,0,NA,15,15,15,1,2
276,1,47,3,0,19,19,0,0,0,1
277,0,33,3,0,NA,16,30,10,1,3
278,0,48,3,1,NA,20,5,NA,1,2
279,1,17,3,NA,NA,NA,0,NA,0,1
280,0,24,3,1,NA,NA,0,0,0,1
281,0,19,3,0,NA,NA,0,0,0,1
282,1,24,3,0,21,20,0,NA,0,1
283,1,21,3,0,NA,14,1,1,0,1
284,0,25,3,0,NA,17,NA,NA,NA,NA
285,0,30,3,1,13,15,30,30,1,3
286,1,18,3,0,NA,14,NA,13,NA,NA
287,0,33,1,0,19,18,NA,30,NA,NA
288,0,32,3,1,NA,NA,0,0,0,1
289,0,56,3,0,21,NA,0,0,0,1
290,1,32,3,0,NA,18,0,0,0,1
291,1,14,3,NA,NA,NA,0,0,0,1
292,0,27,3,0,NA,19,1,0,0,1
293,0,19,3,0,NA,NA,0,0,0,1
294,0,20,3,0,16,18,5,30,1,2
295,0,23,3,0,NA,NA,0,0,0,1
296,0,28,3,0,20,17,2,30,0,1
297,1,22,3,0,NA,15,5,0,1,2
298,0,34,3,1,NA,21,NA,0,NA,NA
299,1,18,1,0,NA,NA,0,0,0,1
300,0,19,1,0,17,16,16,30,1,3
301,0,30,3,1,NA,NA,0,0,0,1
302,0,39,3,0,19,18,2,30,0,1
303,1,40,2,0,14,17,15,3,1,2
304,1,36,1,0,13,15,0,0,0,1
305,0,25,1,1,15,15,NA,30,NA,NA
306,0,30,3,0,18,21,1,0,0,1
307,1,16,3,NA,NA,NA,0,0,0,1
308,1,54,1,1,NA,16,4,0,1,2
309,1,47,3,0,NA,17,0,0,0,1
310,0,29,3,0,NA,21,1,0,0,1
311,1,22,1,0,19,18,0,30,0,1
312,0,13,3,NA,NA,NA,0,0,0,1
313,1,19,3,1,16,16,1,0,0,1
314,0,15,3,NA,NA,NA,0,0,0,1
315,0,72,3,0,31,22,0,0,0,1
316,0,18,3,0,NA,16,0,0,0,1
317,0,23,3,1,NA,18,0,0,0,1
318,0,26,2,0,NA,NA,0,0,0,1
319,0,16,3,NA,NA,NA,0,0,0,1
320,0,22,1,1,NA,20,0,0,0,1
321,0,18,1,0,NA,NA,0,0,0,1
322,1,14,3,NA,NA,12,0,3,0,1
323,0,21,1,0,16,15,0,30,0,1
324,0,66,1,0,NA,NA,0,0,0,1
325,0,21,1,1,NA,NA,0,0,0,1
326,0,16,1,NA,14,16,0,30,0,1
327,0,34,1,0,NA,21,1,0,0,1
328,1,14,1,NA,NA,NA,0,0,0,1
329,1,28,1,0,16,16,2,30,0,1
330,0,23,1,0,14,16,0,0,0,1
331,1,27,1,1,16,16,0,0,0,1
332,0,72,1,0,NA,NA,0,0,0,1
333,1,24,1,0,15,15,0,30,0,1
334,0,28,1,1,NA,16,0,0,0,1
335,1,16,1,NA,NA,NA,0,0,0,1
336,1,21,3,1,NA,21,3,0,0,1
337,1,34,1,1,16,16,0,30,0,1
338,0,34,2,0,NA,17,0,0,0,1
339,0,16,1,NA,NA,15,15,20,1,2
340,1,23,1,0,16,13,0,30,0,1
341,1,23,3,0,19,NA,0,30,0,1
342,1,18,3,0,18,15,4,30,1,2
343,1,17,1,NA,16,12,NA,0,NA,NA
344,0,46,1,1,NA,18,4,0,1,2
345,0,50,1,1,NA,17,0,0,0,1
346,0,30,3,1,NA,19,0,0,0,1
347,0,19,3,0,17,18,0,4,0,1
348,1,17,3,NA,NA,NA,0,0,0,1
349,1,16,3,NA,NA,NA,0,0,0,1
350,0,72,3,0,NA,NA,0,0,0,1
351,1,12,3,NA,NA,NA,0,NA,0,1
352,0,17,1,NA,NA,NA,NA,NA,NA,NA
353,1,66,1,1,15,15,0,0,0,1
354,0,14,3,NA,NA,NA,0,0,0,1
355,1,20,3,0,15,15,25,NA,1,3
356,1,33,3,1,NA,18,0,0,0,1
357,1,18,3,0,NA,NA,0,NA,0,1
358,1,19,3,0,NA,NA,0,NA,0,1
359,0,19,1,1,NA,19,NA,30,NA,NA
360,1,17,3,NA,NA,11,0,0,0,1
361,0,14,3,NA,NA,NA,0,0,0,1
362,0,24,3,0,NA,17,3,NA,0,1
363,0,33,3,1,25,18,0,28,0,1
364,0,19,3,0,NA,NA,0,0,0,1
365,1,26,1,0,20,16,10,30,1,2
366,1,24,3,0,24,14,7,30,1,2
367,0,34,3,0,NA,NA,0,0,0,1
368,1,61,3,0,NA,NA,0,0,0,1
369,0,23,3,0,NA,20,2,0,0,1
370,0,25,3,1,NA,21,0,0,0,1
371,1,22,3,0,20,13,1,NA,0,1
372,0,15,3,NA,NA,NA,0,0,0,1
373,0,26,3,0,NA,NA,0,0,0,1
374,0,28,3,1,NA,18,2,0,0,1
375,0,23,3,0,NA,10,5,5,1,2
376,0,15,3,NA,NA,NA,0,0,0,1
377,0,77,3,0,17,NA,NA,NA,NA,NA
378,1,24,3,1,NA,19,0,0,0,1
379,1,19,3,0,NA,NA,0,NA,0,1
380,1,38,3,0,18,17,10,7,1,2
381,0,21,1,1,20,17,9,NA,1,2
382,0,13,3,NA,NA,NA,0,0,0,1
383,1,12,1,NA,NA,NA,0,0,0,1
384,1,34,3,0,NA,19,20,0,1,3
385,1,35,2,1,17,14,2,0,0,1
386,1,47,1,1,19,16,0,1,0,1
387,0,32,1,1,NA,NA,0,0,0,1
388,0,20,3,0,NA,NA,0,0,0,1
389,1,12,3,NA,NA,NA,0,0,0,1
390,1,21,3,1,13,16,5,30,1,2
391,1,13,3,NA,NA,NA,0,0,0,1
392,1,16,3,NA,NA,13,2,0,0,1
393,0,16,3,NA,16,15,3,29,0,1
394,1,22,3,1,NA,19,1,0,0,1
395,1,17,1,NA,13,13,0,0,0,1
396,0,68,1,1,15,NA,0,0,0,1
397,0,39,1,0,12,20,0,0,0,1
398,0,28,1,0,NA,17,0,0,0,1
399,0,23,1,1,16,14,1,30,0,1
400,1,41,3,0,17,17,1,30,0,1
401,0,53,3,0,NA,28,0,0,0,1
402,1,12,1,NA,NA,NA,0,0,0,1
403,1,13,1,NA,NA,NA,0,0,0,1
404,1,14,1,NA,NA,NA,0,0,0,1
405,1,17,1,NA,13,15,3,1,0,1
406,0,34,3,0,NA,NA,0,0,0,1
407,1,64,1,0,NA,15,1,0,0,1
408,1,42,3,0,NA,NA,0,0,0,1
409,0,56,3,0,NA,21,0,0,0,1
410,1,50,1,1,NA,17,0,0,0,1
411,0,43,1,1,NA,14,NA,0,NA,NA
412,1,13,1,NA,NA,NA,0,0,0,1
413,0,22,3,0,NA,21,0,0,0,1
414,1,15,3,NA,NA,NA,0,0,0,1
415,0,57,1,1,NA,NA,0,0,0,1
416,0,33,3,0,NA,24,0,0,0,1
417,1,16,3,NA,NA,10,4,0,1,2
418,0,56,3,0,NA,24,0,0,0,1
419,0,15,3,NA,NA,14,0,0,0,1
420,0,15,3,NA,NA,NA,0,0,0,1
421,0,52,3,0,17,16,0,0,0,1
422,1,54,3,0,14,16,12,NA,1,2
423,0,13,1,NA,NA,13,0,NA,0,1
424,1,15,3,NA,NA,11,2,NA,0,1
425,0,62,3,0,22,NA,0,0,0,1
426,0,45,1,1,25,12,30,0,1,3
427,0,42,1,1,NA,12,1,0,0,1
428,1,32,1,0,25,NA,0,0,0,1
429,0,77,1,0,20,10,1,0,0,1
430,0,82,1,0,NA,NA,0,0,0,1
431,0,77,1,0,NA,20,NA,0,NA,NA
432,1,33,2,0,NA,15,25,0,1,3
433,0,32,1,0,13,13,1,0,0,1
434,0,49,1,1,NA,22,3,0,0,1
435,1,62,1,1,19,17,NA,0,NA,NA
436,0,13,3,NA,NA,NA,0,0,0,1
437,0,14,3,NA,NA,NA,0,0,0,1
438,0,82,1,0,NA,NA,0,0,0,1
439,1,21,2,0,13,16,NA,0,NA,NA
440,1,22,2,0,NA,NA,0,NA,0,1
441,0,37,2,0,NA,15,NA,0,NA,NA
442,1,35,2,0,17,16,8,NA,1,2
443,0,12,2,NA,NA,NA,0,NA,0,1
444,0,18,2,1,NA,16,2,2,0,1
445,1,77,2,0,NA,NA,0,0,0,1
446,1,58,3,0,18,18,15,30,1,2
447,1,17,3,NA,NA,NA,0,0,0,1
448,0,20,3,0,NA,16,NA,15,NA,NA
449,1,16,3,NA,NA,NA,0,0,0,1
450,0,20,3,1,NA,18,NA,0,NA,NA
451,0,21,1,0,NA,17,0,0,0,1
452,0,20,1,0,17,15,4,0,1,2
453,0,34,1,0,NA,NA,0,0,0,1
454,0,12,1,NA,NA,NA,0,0,0,1
455,1,44,1,1,NA,17,1,0,0,1
456,0,12,1,NA,NA,NA,NA,0,NA,NA
457,1,14,1,NA,NA,NA,0,0,0,1
458,0,13,1,NA,11,NA,0,6,0,1
459,0,22,1,1,NA,NA,0,0,0,1
460,0,17,1,NA,10,12,3,0,0,1
461,0,24,2,0,NA,21,0,0,0,1
462,1,29,1,1,NA,12,12,NA,1,2
463,1,46,1,1,NA,15,0,NA,0,1
464,0,12,1,NA,NA,NA,0,0,0,1
465,0,12,1,NA,NA,NA,0,0,0,1
466,1,15,1,NA,12,14,0,30,0,1
467,1,27,1,0,NA,NA,0,0,0,1
468,1,18,3,0,NA,13,0,0,0,1
469,0,14,2,NA,NA,11,10,13,1,2
470,1,69,1,1,23,17,4,30,1,2
471,0,17,1,NA,NA,14,0,0,0,1
472,0,34,1,0,16,15,6,NA,1,2
473,0,15,1,NA,10,10,NA,NA,NA,NA
474,0,22,1,0,NA,17,0,0,0,1
475,1,48,1,0,16,18,15,0,1,2
476,0,15,1,NA,NA,NA,0,0,0,1
477,0,16,1,NA,NA,NA,0,1,0,1
478,1,15,1,NA,NA,13,1,NA,0,1
479,0,12,1,NA,NA,NA,0,NA,0,1
480,1,28,1,1,18,13,4,30,1,2
481,1,17,2,NA,13,13,25,30,1,3
482,0,27,1,0,18,11,0,0,0,1
483,1,12,1,NA,NA,NA,0,0,0,1
484,1,37,2,0,NA,18,5,20,1,2
485,1,47,1,1,NA,18,0,0,0,1
486,1,57,3,0,15,15,1,NA,0,1
487,0,29,3,1,16,16,10,NA,1,2
488,1,29,1,0,16,16,2,30,0,1
489,0,17,1,NA,NA,NA,0,0,0,1
490,0,12,1,NA,NA,NA,0,0,0,1
491,0,33,1,1,18,12,0,0,0,1
492,0,47,1,1,NA,NA,0,0,0,1
493,1,26,1,0,NA,NA,0,0,0,1
494,0,27,1,0,NA,16,4,15,1,2
495,1,30,1,0,13,10,0,30,0,1
496,0,52,1,1,20,18,6,0,1,2
497,1,28,1,1,18,16,1,30,0,1
498,1,16,1,NA,NA,15,8,0,1,2
499,0,17,1,NA,NA,14,0,0,0,1
500,0,18,2,0,NA,NA,0,0,0,1
501,1,15,1,NA,14,13,0,NA,0,1
502,0,52,1,1,NA,NA,0,0,0,1
503,0,17,1,NA,NA,NA,0,0,0,1
504,0,72,1,0,18,22,0,0,0,1
505,0,48,1,1,20,17,30,0,1,3
506,0,26,1,0,NA,NA,0,0,0,1
507,0,63,1,0,14,14,0,NA,0,1
508,0,33,1,1,NA,19,NA,0,NA,NA
509,0,30,2,1,NA,18,2,0,0,1
510,1,14,2,NA,NA,12,0,0,0,1
511,0,21,1,0,14,16,5,NA,1,2
512,0,47,1,1,23,16,8,30,1,2
513,1,17,1,NA,NA,15,4,15,1,2
514,0,48,1,1,NA,16,6,0,1,2
515,0,44,1,1,NA,18,3,0,0,1
516,0,30,1,1,NA,19,0,0,0,1
517,0,85,1,1,NA,25,3,NA,0,1
518,0,15,1,NA,NA,NA,0,0,0,1
519,0,37,1,0,17,18,NA,30,NA,NA
520,0,29,1,1,19,17,2,NA,0,1
521,1,13,1,NA,NA,NA,0,0,0,1
522,0,18,1,0,NA,15,0,0,0,1
523,1,31,1,0,16,17,1,30,0,1
524,0,17,3,NA,NA,17,3,0,0,1
525,0,50,1,1,NA,18,7,0,1,2
526,1,26,1,1,NA,21,NA,0,NA,NA
527,1,20,1,1,NA,17,0,NA,0,1
528,0,21,1,1,18,17,15,30,1,2
529,1,85,1,0,NA,12,0,0,0,1
530,0,23,1,1,NA,12,4,0,1,2
531,1,23,1,1,NA,13,12,0,1,2
532,0,21,1,1,NA,17,NA,NA,NA,NA
533,0,20,1,1,NA,NA,0,0,0,1
534,0,12,1,NA,NA,NA,0,0,0,1
535,1,17,1,NA,14,13,15,30,1,2
536,1,67,1,0,17,19,4,NA,1,2
537,0,77,1,0,NA,18,0,0,0,1
538,0,27,1,1,19,17,4,NA,1,2
539,1,20,1,1,NA,16,NA,0,NA,NA
540,0,33,1,0,17,20,NA,30,NA,NA
541,1,27,1,0,16,16,2,30,0,1
542,1,15,1,NA,15,14,3,15,0,1
543,1,62,1,1,NA,18,3,0,0,1
544,1,47,3,0,15,15,4,NA,1,2
545,1,44,1,1,NA,NA,0,0,0,1
546,0,51,1,1,20,21,3,0,0,1
547,1,36,1,0,18,15,30,30,1,3
548,0,32,3,0,NA,23,1,0,0,1
549,1,32,1,1,NA,15,3,0,0,1
550,1,15,3,NA,NA,NA,0,0,0,1
551,1,23,3,0,NA,NA,0,0,0,1
552,1,43,1,0,NA,18,6,0,1,2
553,0,45,3,0,NA,20,0,0,0,1
554,0,37,3,0,NA,16,0,0,0,1
555,0,48,3,0,NA,25,0,0,0,1
556,1,68,3,0,20,21,0,0,0,1
557,0,77,1,0,NA,NA,0,0,0,1
558,0,29,1,0,16,16,0,30,0,1
559,0,34,1,1,31,18,3,30,0,1
560,1,16,1,NA,15,16,0,30,0,1
561,1,51,1,0,13,14,0,0,0,1
562,1,35,1,0,16,17,0,30,0,1
563,0,23,1,1,NA,NA,0,NA,0,1
564,1,14,1,NA,13,13,NA,NA,NA,NA
565,1,49,1,0,18,16,0,0,0,1
566,0,25,2,1,20,18,0,0,0,1
567,1,16,1,NA,NA,12,0,0,0,1
568,0,30,1,0,13,16,NA,30,NA,NA
569,0,17,1,NA,15,14,4,4,1,2
570,0,14,1,NA,NA,NA,0,0,0,1
571,0,17,2,NA,NA,16,0,0,0,1
572,1,37,1,0,NA,17,0,0,0,1
573,0,24,1,1,NA,13,NA,0,NA,NA
574,0,50,1,0,30,18,0,30,0,1
575,1,14,1,NA,NA,NA,0,0,0,1
576,0,33,1,1,NA,NA,NA,0,NA,NA
577,0,32,1,1,NA,NA,0,0,0,1
578,1,34,1,1,NA,18,0,10,0,1
579,1,31,1,1,NA,NA,0,0,0,1
580,1,25,2,1,17,NA,0,5,0,1
581,0,55,1,0,21,NA,0,30,0,1
582,0,46,2,0,13,13,1,0,0,1
583,1,67,1,0,19,10,0,0,0,1
584,0,38,1,0,16,18,0,NA,0,1
585,0,17,3,NA,NA,NA,0,NA,0,1
586,0,13,3,NA,NA,10,0,0,0,1
587,0,20,3,1,20,20,3,NA,0,1
588,0,12,1,NA,NA,NA,0,0,0,1
589,1,47,1,1,17,14,0,30,0,1
590,0,28,1,1,NA,15,5,0,1,2
591,0,27,2,0,NA,NA,0,0,0,1
592,0,19,1,0,16,NA,0,20,0,1
593,0,40,2,1,NA,38,1,1,0,1
594,1,16,2,NA,NA,12,2,3,0,1
595,0,14,2,NA,NA,NA,0,0,0,1
596,1,35,2,0,13,15,9,30,1,2
597,0,36,2,0,NA,14,1,0,0,1
598,0,39,1,0,14,28,NA,30,NA,NA
599,1,30,1,1,NA,20,1,10,0,1
600,1,13,2,NA,NA,NA,0,0,0,1
601,0,22,2,0,NA,NA,0,0,0,1
602,1,23,2,0,NA,19,NA,0,NA,NA
603,0,15,2,NA,14,11,0,0,0,1
604,0,18,2,0,NA,17,3,0,0,1
605,0,15,1,NA,NA,NA,0,0,0,1
606,0,18,1,0,NA,NA,0,0,0,1
607,1,49,2,1,NA,16,0,0,0,1
608,1,19,3,0,NA,NA,0,0,0,1
609,0,23,2,0,NA,NA,0,1,0,1
610,0,23,2,0,NA,NA,0,0,0,1
611,0,29,2,1,NA,24,2,0,0,1
612,1,58,2,0,28,14,3,0,0,1
613,0,29,2,1,NA,NA,0,0,0,1
614,1,27,2,0,23,21,2,30,0,1
615,0,37,2,0,NA,15,0,0,0,1
616,1,13,2,NA,NA,NA,0,NA,0,1
617,1,19,2,0,NA,NA,0,NA,0,1
618,1,13,2,NA,NA,NA,0,0,0,1
619,0,23,3,1,17,14,10,NA,1,2
620,0,12,2,NA,NA,NA,0,0,0,1
621,1,24,2,1,22,16,0,15,0,1
622,0,20,2,0,NA,19,0,0,0,1
623,0,72,2,0,NA,NA,0,0,0,1
624,0,25,2,0,23,20,4,1,1,2
625,0,17,2,NA,NA,NA,0,0,0,1
626,1,12,2,NA,NA,NA,0,0,0,1
627,0,57,2,0,NA,44,0,0,0,1
628,0,31,2,0,NA,27,0,0,0,1
629,1,28,2,0,NA,21,6,1,1,2
630,1,33,2,0,NA,16,2,0,0,1
631,1,27,2,0,NA,15,0,3,0,1
632,0,12,2,NA,NA,10,NA,0,NA,NA
633,0,14,2,NA,13,11,11,11,1,2
634,0,15,2,NA,NA,NA,0,0,0,1
635,1,13,2,NA,NA,NA,0,0,0,1
636,1,15,2,NA,NA,NA,0,0,0,1
637,0,25,2,0,NA,NA,0,0,0,1
638,0,14,2,NA,NA,NA,0,0,0,1
639,0,69,2,0,NA,40,0,0,0,1
640,1,20,2,0,17,18,NA,0,NA,NA
641,1,23,2,1,17,15,6,4,1,2
642,0,18,2,0,NA,17,0,5,0,1
643,1,13,2,NA,NA,NA,0,0,0,1
644,1,28,2,0,NA,NA,0,0,0,1
645,1,47,2,0,15,15,0,30,0,1
646,1,15,2,NA,NA,NA,0,0,0,1
647,0,14,2,NA,NA,NA,0,0,0,1
648,0,72,2,0,13,27,0,NA,0,1
649,1,23,2,0,NA,17,3,0,0,1
650,1,27,2,0,NA,22,0,0,0,1
651,0,15,2,NA,NA,14,0,0,0,1
652,1,51,2,0,15,18,0,0,0,1
653,0,15,2,NA,NA,15,NA,0,NA,NA
654,0,15,2,NA,15,13,11,12,1,2
655,1,24,2,0,NA,18,0,0,0,1
656,0,18,2,0,NA,NA,0,0,0,1
657,0,14,2,NA,NA,NA,0,0,0,1
658,0,12,2,NA,NA,NA,0,0,0,1
659,0,23,2,0,NA,NA,0,0,0,1
660,0,30,2,1,NA,16,0,0,0,1
661,1,16,2,NA,NA,NA,0,0,0,1
662,0,15,2,NA,NA,14,2,0,0,1
663,1,85,2,0,NA,27,0,0,0,1
664,0,30,2,0,NA,NA,0,0,0,1
665,0,17,2,NA,NA,NA,0,0,0,1
666,0,17,2,NA,NA,NA,0,0,0,1
667,1,13,3,NA,NA,NA,0,0,0,1
668,1,22,2,0,NA,NA,0,0,0,1
669,0,13,2,NA,NA,13,1,0,0,1
670,0,30,2,0,NA,NA,0,0,0,1
671,1,17,2,NA,12,11,3,30,0,1
672,1,15,2,NA,NA,10,10,7,1,2
673,1,14,2,NA,NA,NA,0,0,0,1
674,1,19,2,0,NA,19,0,0,0,1
675,0,21,2,0,19,NA,0,30,0,1
676,1,42,2,0,NA,16,4,0,1,2
677,0,33,2,0,20,20,0,0,0,1
678,0,52,2,0,NA,NA,NA,0,NA,NA
679,1,30,2,0,22,16,2,0,0,1
680,1,24,2,1,20,15,2,2,0,1
681,0,34,2,0,NA,25,0,0,0,1
682,1,21,2,0,21,10,20,NA,1,3
683,1,25,2,0,19,19,1,3,0,1
684,1,35,2,0,18,12,5,30,1,2
685,0,14,2,NA,NA,NA,0,NA,0,1
686,0,16,2,NA,NA,15,0,0,0,1
687,1,17,2,NA,NA,17,2,NA,0,1
688,1,13,2,NA,NA,NA,0,0,0,1
689,1,33,2,0,NA,17,6,0,1,2
690,0,32,2,0,26,21,NA,1,NA,NA
691,0,12,2,NA,NA,NA,0,0,0,1
692,1,35,2,1,NA,16,6,0,1,2
693,0,34,2,0,NA,23,0,NA,0,1
694,1,30,2,0,NA,18,4,NA,1,2
695,0,14,2,NA,NA,NA,0,NA,0,1
696,1,18,2,0,NA,16,20,NA,1,3
697,1,42,2,0,18,13,0,7,0,1
698,1,19,2,1,NA,15,3,0,0,1
699,0,15,2,NA,NA,13,NA,0,NA,NA
700,0,25,2,0,NA,NA,0,0,0,1
701,0,16,2,NA,NA,15,1,NA,0,1
702,1,54,2,0,NA,NA,0,0,0,1
703,0,65,3,1,NA,NA,0,0,0,1
704,0,40,2,0,NA,NA,0,0,0,1
705,0,14,3,NA,NA,NA,0,0,0,1
706,0,43,2,1,19,17,2,0,0,1
707,0,42,1,0,NA,17,0,0,0,1
708,1,20,2,0,NA,NA,0,0,0,1
709,1,19,2,1,NA,11,0,0,0,1
710,1,22,3,1,NA,NA,0,0,0,1
711,0,26,2,0,NA,NA,0,0,0,1
712,0,19,2,1,NA,NA,0,0,0,1
713,1,12,2,NA,NA,NA,0,0,0,1
714,0,35,2,0,NA,NA,0,0,0,1
715,1,53,2,1,10,15,0,0,0,1
716,0,19,2,0,NA,NA,0,0,0,1
717,0,32,2,1,18,18,NA,NA,NA,NA
718,0,24,2,0,22,16,3,30,0,1
719,0,59,2,0,NA,28,1,0,0,1
720,0,53,3,0,16,17,0,0,0,1
721,1,53,2,0,14,17,0,30,0,1
722,0,58,2,0,NA,NA,0,0,0,1
723,1,50,2,0,NA,11,0,NA,0,1
724,0,48,2,0,NA,30,0,0,0,1
725,0,42,2,1,NA,NA,0,0,0,1
726,1,62,2,0,NA,NA,NA,NA,NA,NA
727,0,21,2,0,NA,13,0,0,0,1
728,1,17,2,NA,16,16,10,NA,1,2
729,1,38,3,0,NA,NA,0,0,0,1
730,0,20,3,1,NA,NA,NA,0,NA,NA
731,1,21,2,1,NA,21,NA,0,NA,NA
732,0,62,2,0,NA,20,NA,0,NA,NA
733,1,18,3,0,NA,NA,0,0,0,1
734,1,13,2,NA,NA,NA,NA,0,NA,NA
735,1,16,1,NA,13,15,6,29,1,2
736,1,29,2,0,NA,10,0,0,0,1
737,0,26,3,0,NA,16,0,0,0,1
738,1,37,2,1,15,15,30,0,1,3
739,1,26,2,0,NA,20,1,0,0,1
740,1,27,2,0,NA,17,NA,0,NA,NA
741,1,38,3,1,NA,18,NA,0,NA,NA
742,0,23,3,1,NA,NA,0,0,0,1
743,1,32,2,0,23,18,NA,30,NA,NA
744,0,13,2,NA,NA,NA,0,NA,0,1
745,1,35,2,1,NA,19,6,0,1,2
746,0,32,2,1,NA,19,0,0,0,1
747,1,13,2,NA,NA,NA,0,0,0,1
748,0,26,2,1,NA,NA,0,0,0,1
749,0,25,2,0,NA,19,0,NA,0,1
750,0,22,2,0,NA,20,0,0,0,1
751,1,52,2,0,40,15,22,NA,1,3
752,1,47,2,0,NA,21,NA,0,NA,NA
753,1,20,2,1,NA,16,0,NA,0,1
754,0,12,2,NA,NA,NA,0,NA,0,1
755,1,47,2,1,NA,20,0,0,0,1
756,1,26,2,0,16,16,0,0,0,1
757,0,22,3,1,NA,NA,0,0,0,1
758,0,24,3,1,NA,NA,0,0,0,1
759,1,32,2,0,NA,17,10,2,1,2
760,1,43,2,0,18,10,NA,NA,NA,NA
761,1,33,1,1,NA,18,20,0,1,3
762,0,22,2,0,NA,14,0,0,0,1
763,0,17,1,NA,NA,NA,0,0,0,1
764,0,30,2,0,NA,NA,0,0,0,1
765,0,25,2,0,NA,NA,0,0,0,1
766,0,16,2,NA,NA,11,0,0,0,1
767,0,39,2,0,NA,NA,0,0,0,1
768,1,30,1,1,NA,NA,0,0,0,1
769,1,21,2,0,NA,21,0,0,0,1
770,1,62,3,0,12,12,0,5,0,1
771,1,48,3,0,20,18,4,0,1,2
772,0,32,2,0,NA,26,1,0,0,1
773,1,53,2,0,NA,15,8,0,1,2
774,0,13,3,NA,NA,NA,0,NA,0,1
775,1,25,2,0,NA,14,0,0,0,1
776,0,26,2,0,NA,18,NA,0,NA,NA
777,0,32,3,0,NA,19,1,0,0,1
778,1,16,2,NA,NA,NA,0,0,0,1
779,0,17,1,NA,NA,NA,0,0,0,1
780,0,23,2,0,NA,20,NA,0,NA,NA
781,0,18,2,0,NA,NA,0,0,0,1
782,1,13,2,NA,NA,NA,0,0,0,1
783,1,18,2,0,NA,NA,0,NA,0,1
784,1,19,1,0,NA,NA,0,NA,0,1
785,1,34,2,0,NA,27,8,0,1,2
786,0,35,3,0,15,16,1,15,0,1
787,1,37,2,1,NA,NA,0,0,0,1
788,1,33,1,0,NA,NA,0,10,0,1
789,1,30,2,0,NA,17,4,0,1,2
790,0,18,2,0,NA,NA,0,0,0,1
791,0,17,2,NA,NA,NA,0,0,0,1
792,0,22,2,0,NA,NA,0,0,0,1
793,1,20,1,1,NA,17,0,0,0,1
794,1,13,1,NA,NA,NA,0,0,0,1
795,1,25,2,0,NA,18,1,0,0,1
796,0,13,2,NA,NA,12,1,0,0,1
797,0,29,2,0,NA,23,0,NA,0,1
798,0,28,2,0,NA,10,0,0,0,1
799,0,23,2,1,NA,17,2,NA,0,1
800,1,15,3,NA,NA,NA,0,0,0,1
801,0,17,2,NA,NA,NA,0,0,0,1
802,0,25,2,0,NA,18,NA,0,NA,NA
803,0,45,3,0,20,18,1,NA,0,1
804,0,13,2,NA,NA,12,1,0,0,1
805,1,22,1,1,NA,18,1,NA,0,1
806,1,36,1,0,26,16,15,30,1,2
807,1,40,1,0,28,28,NA,20,NA,NA
808,0,30,3,0,15,28,0,NA,0,1
809,0,28,2,0,NA,NA,0,0,0,1
810,0,22,2,0,NA,NA,0,0,0,1
811,0,47,2,1,20,18,0,0,0,1
812,1,21,2,0,NA,18,2,0,0,1
813,1,18,2,0,17,10,3,23,0,1
814,1,28,2,0,NA,NA,0,0,0,1
815,0,15,2,NA,NA,NA,0,0,0,1
816,0,32,3,0,23,15,0,0,0,1
817,1,29,2,0,NA,18,0,0,0,1
818,1,18,2,0,NA,12,25,0,1,3
819,1,14,2,NA,NA,NA,0,0,0,1
820,0,15,2,NA,NA,14,NA,NA,NA,NA
821,1,20,2,1,NA,NA,0,NA,0,1
822,0,21,1,0,NA,15,0,0,0,1
823,1,31,2,0,17,NA,0,30,0,1
824,1,29,2,0,NA,15,2,7,0,1
825,0,13,2,NA,NA,NA,0,0,0,1
826,0,44,2,0,NA,NA,1,0,0,1
827,1,54,2,0,NA,NA,0,0,0,1
828,0,25,1,1,13,16,0,20,0,1
829,1,26,2,1,NA,21,NA,NA,NA,NA
830,0,24,2,0,NA,NA,0,0,0,1
831,1,23,1,0,13,10,8,30,1,2
832,1,17,2,NA,NA,16,NA,0,NA,NA
833,1,17,2,NA,NA,NA,0,2,0,1
834,1,19,2,1,NA,14,2,0,0,1
835,0,34,2,0,NA,20,0,NA,0,1
836,0,49,2,0,20,30,1,0,0,1
837,0,29,2,0,NA,NA,0,NA,0,1
838,1,19,2,0,NA,NA,0,0,0,1
839,1,24,2,0,10,18,0,0,0,1
840,0,38,1,1,NA,38,1,0,0,1
841,1,22,2,0,NA,14,0,0,0,1
842,1,20,1,0,NA,NA,0,NA,0,1
843,0,12,2,NA,NA,10,0,0,0,1
844,0,50,2,0,NA,NA,0,0,0,1
845,0,62,2,0,NA,NA,0,0,0,1
846,1,45,2,1,NA,12,0,0,0,1
847,1,24,2,1,NA,20,3,NA,0,1
848,0,31,1,1,NA,13,2,0,0,1
849,1,23,2,1,NA,21,2,0,0,1
850,0,51,1,1,13,13,20,30,1,3
851,1,13,1,NA,NA,NA,0,0,0,1
852,0,49,2,1,NA,NA,0,NA,0,1
853,0,19,2,1,NA,16,NA,0,NA,NA
854,0,51,2,0,NA,18,NA,0,NA,NA
855,1,18,1,0,17,16,8,8,1,2
856,0,60,1,0,NA,18,0,0,0,1
857,1,18,2,1,NA,18,0,0,0,1
858,0,26,2,0,NA,25,1,0,0,1
859,1,82,2,0,NA,20,NA,0,NA,NA
860,0,21,2,1,NA,21,1,0,0,1
861,1,36,1,0,NA,NA,0,0,0,1
862,1,12,1,NA,NA,12,NA,1,NA,NA
863,0,29,2,1,NA,18,0,0,0,1
864,0,19,2,0,NA,16,2,0,0,1
865,1,35,1,0,NA,NA,0,0,0,1
866,1,32,1,1,17,17,6,30,1,2
867,0,72,1,1,NA,30,0,NA,0,1
868,0,30,1,1,NA,16,10,0,1,2
869,1,25,2,0,NA,15,4,0,1,2
870,0,77,2,0,NA,21,1,0,0,1
871,1,31,1,0,NA,20,1,0,0,1
872,1,12,3,NA,NA,NA,0,0,0,1
873,0,34,1,1,NA,14,2,0,0,1
874,1,16,1,NA,NA,NA,0,NA,0,1
875,0,21,3,1,16,16,4,0,1,2
876,1,22,1,1,NA,20,0,0,0,1
877,1,57,3,0,NA,NA,0,0,0,1
878,0,16,1,NA,NA,NA,0,0,0,1
879,1,16,1,NA,13,11,9,NA,1,2
880,0,68,1,0,22,18,4,0,1,2
881,0,39,3,0,21,18,NA,NA,NA,NA
882,1,15,1,NA,NA,12,1,0,0,1
883,0,25,2,0,NA,NA,0,0,0,1
884,1,32,1,1,NA,22,4,0,1,2
885,0,12,2,NA,NA,NA,0,0,0,1
886,0,34,2,1,NA,18,0,0,0,1
887,0,34,2,0,10,11,3,1,0,1
888,0,82,1,0,NA,21,NA,NA,NA,NA
889,0,32,1,0,12,15,4,2,1,2
890,0,19,1,1,NA,17,0,0,0,1
891,0,37,1,0,16,18,2,30,0,1
892,0,23,2,1,NA,22,3,0,0,1
893,1,16,1,NA,12,15,NA,30,NA,NA
894,0,31,1,0,NA,21,0,0,0,1
895,1,35,3,0,NA,NA,0,0,0,1
896,1,19,1,0,NA,15,0,0,0,1
897,0,54,3,0,NA,23,2,0,0,1
898,0,33,1,0,NA,18,1,0,0,1
899,1,20,1,0,18,10,0,30,0,1
900,1,29,3,0,12,NA,0,7,0,1
901,0,28,1,1,NA,14,10,0,1,2
902,1,25,3,1,NA,16,1,0,0,1
903,1,19,3,0,NA,NA,0,0,0,1
904,1,18,3,0,NA,NA,0,0,0,1
905,0,46,1,1,NA,22,0,0,0,1
906,1,46,1,1,NA,10,4,0,1,2
907,1,25,1,1,NA,11,2,0,0,1
908,1,29,3,1,NA,19,4,0,1,2
909,0,20,3,1,20,18,1,18,0,1
910,0,12,2,NA,NA,11,0,4,0,1
911,1,13,1,NA,NA,NA,NA,0,NA,NA
912,0,33,1,1,NA,18,NA,0,NA,NA
913,0,33,1,1,NA,16,5,0,1,2
914,0,47,1,0,NA,NA,0,0,0,1
915,0,30,1,1,NA,15,0,0,0,1
916,0,57,3,0,30,30,20,30,1,3
917,0,22,2,0,NA,18,0,0,0,1
918,1,12,3,NA,NA,NA,0,0,0,1
919,1,27,1,1,NA,14,6,0,1,2
920,1,13,1,NA,NA,NA,0,0,0,1
921,1,46,1,0,NA,21,3,0,0,1
922,0,17,1,NA,NA,12,3,0,0,1
923,0,67,3,0,NA,30,1,NA,0,1
924,1,77,1,0,17,20,1,0,0,1
925,1,17,3,NA,NA,NA,0,NA,0,1
926,0,65,1,1,20,10,0,30,0,1
927,0,36,3,1,NA,23,0,0,0,1
928,1,26,3,1,NA,19,15,0,1,2
929,0,24,1,1,NA,10,5,21,1,2
930,0,23,1,1,19,15,NA,29,NA,NA
931,0,38,1,0,16,15,6,30,1,2
932,0,17,2,NA,NA,17,NA,0,NA,NA
933,0,40,2,0,20,18,4,30,1,2
934,1,31,2,0,13,16,5,10,1,2
935,0,25,3,1,16,NA,0,30,0,1
936,1,29,3,1,NA,16,5,0,1,2
937,1,17,3,NA,NA,NA,0,NA,0,1
938,0,29,3,1,NA,16,0,0,0,1
939,1,36,1,0,18,NA,0,30,0,1
940,0,62,1,0,18,18,4,30,1,2
941,0,27,1,1,NA,13,12,0,1,2
942,1,36,2,0,15,15,18,NA,1,3
943,1,22,1,0,NA,NA,0,0,0,1
944,0,29,2,1,NA,24,0,0,0,1
945,0,66,1,0,14,18,0,0,0,1
946,1,41,1,1,NA,NA,0,0,0,1
947,0,19,2,0,NA,13,0,0,0,1
948,0,29,2,1,NA,18,0,NA,0,1
949,0,34,1,1,NA,17,3,0,0,1
950,0,21,3,1,16,15,0,5,0,1
951,1,14,1,NA,NA,NA,0,0,0,1
952,0,34,1,0,15,NA,0,30,0,1
953,1,25,2,0,NA,NA,1,0,0,1
954,0,29,2,0,NA,NA,0,0,0,1
955,0,17,3,NA,NA,14,6,0,1,2
956,1,24,2,1,20,19,6,30,1,2
957,0,39,2,0,20,NA,0,NA,0,1
958,0,28,3,1,NA,20,0,0,0,1
959,0,22,1,0,NA,NA,0,NA,0,1
960,1,39,1,1,NA,20,NA,0,NA,NA
961,1,20,1,0,15,16,NA,30,NA,NA
962,1,23,1,1,17,13,29,30,1,3
963,0,77,1,1,NA,21,10,0,1,2
964,0,72,1,0,17,15,0,30,0,1
965,1,16,1,NA,NA,16,1,0,0,1
966,1,30,2,1,NA,19,0,0,0,1
967,0,82,1,0,18,18,4,NA,1,2
968,0,22,3,0,21,16,4,1,1,2
969,0,27,1,1,NA,16,3,0,0,1
970,0,43,1,0,16,17,10,0,1,2
971,1,61,1,1,19,10,8,NA,1,2
972,0,29,1,0,15,20,0,NA,0,1
973,0,31,1,1,28,15,0,0,0,1
974,0,67,1,1,NA,24,NA,0,NA,NA
975,0,24,3,1,NA,23,1,0,0,1
976,0,24,1,0,18,17,7,20,1,2
977,0,53,3,0,20,32,0,20,0,1
978,0,14,1,NA,NA,NA,0,0,0,1
979,1,12,1,NA,NA,NA,0,0,0,1
980,0,12,3,NA,NA,NA,0,0,0,1
981,1,26,1,0,16,17,5,27,1,2
982,0,39,1,1,NA,NA,0,0,0,1
983,0,21,1,1,19,16,1,30,0,1
984,1,23,1,1,16,14,0,30,0,1
985,1,22,1,1,16,19,5,30,1,2
986,1,28,1,1,NA,20,3,0,0,1
987,0,38,1,1,18,14,NA,30,NA,NA
988,0,25,1,0,NA,15,NA,NA,NA,NA
989,0,43,1,1,NA,20,5,0,1,2
990,0,17,1,NA,14,16,3,NA,0,1
991,1,19,1,0,14,15,5,30,1,2
992,0,13,1,NA,NA,NA,0,0,0,1
993,0,20,2,0,13,15,1,20,0,1
994,0,35,1,0,14,15,28,NA,1,3
995,0,31,1,0,NA,NA,0,0,0,1
996,0,25,3,1,NA,NA,0,NA,0,1
997,1,15,1,NA,NA,NA,0,0,0,1
998,1,43,1,0,NA,15,2,0,0,1
NA,1,25,1,0,16,13,4,0,1,2
1000,0,21,1,1,NA,14,1,0,0,1
1001,0,18,2,0,NA,NA,0,0,0,1
1002,0,52,3,0,15,16,0,0,0,1
1003,0,21,3,1,NA,21,0,0,0,1
1004,0,48,1,0,NA,21,0,0,0,1
1005,1,44,1,1,NA,22,5,0,1,2
1006,0,22,1,1,NA,NA,0,0,0,1
1007,1,35,1,0,NA,18,3,0,0,1
1008,1,25,1,1,19,16,NA,30,NA,NA
1009,1,23,1,0,NA,12,NA,0,NA,NA
1010,0,32,2,1,NA,21,0,0,0,1
1011,1,35,3,1,20,16,8,30,1,2
1012,0,14,1,NA,NA,NA,0,0,0,1
1013,0,13,1,NA,NA,NA,0,0,0,1
1014,0,19,2,0,NA,17,0,0,0,1
1015,0,21,2,1,NA,12,1,0,0,1
1016,0,41,1,1,NA,NA,0,0,0,1
1017,1,18,2,0,NA,18,1,0,0,1
1018,1,38,1,1,16,16,10,30,1,2
1019,1,27,1,1,NA,14,5,0,1,2
1020,0,16,1,NA,14,14,25,NA,1,3
1021,1,17,1,NA,NA,15,0,0,0,1
1022,0,22,2,0,21,18,2,2,0,1
1023,0,31,1,1,24,21,4,0,1,2
1024,0,19,1,1,19,17,6,30,1,2
1025,1,12,1,NA,NA,NA,0,NA,0,1
1026,1,15,2,NA,15,14,0,30,0,1
1027,0,37,1,0,21,15,0,20,0,1
1028,0,27,1,1,NA,14,5,0,1,2
1029,0,20,2,1,NA,NA,0,0,0,1
1030,1,21,3,0,NA,NA,0,0,0,1
1031,0,43,1,1,NA,14,3,0,0,1
1032,0,77,1,1,NA,NA,0,0,0,1
1033,0,30,1,1,NA,21,1,0,0,1
1034,1,19,1,0,NA,NA,0,0,0,1
1035,1,19,1,0,16,16,0,30,0,1
1036,0,23,1,1,NA,14,15,0,1,2
1037,1,60,2,0,NA,12,0,NA,0,1
1038,0,16,1,NA,NA,13,NA,0,NA,NA
1039,0,30,1,1,18,15,0,20,0,1
1040,1,18,1,0,NA,17,4,NA,1,2
1041,0,21,3,1,NA,20,0,0,0,1
1042,0,14,1,NA,NA,NA,0,0,0,1
1043,0,13,3,NA,NA,NA,0,0,0,1
1044,1,64,3,1,20,20,4,0,1,2
1045,0,26,3,1,NA,NA,0,NA,0,1
1046,0,19,3,0,18,17,1,NA,0,1
1047,1,21,3,0,NA,17,0,0,0,1
1048,0,25,3,0,NA,21,0,0,0,1
1049,1,21,3,0,NA,17,3,0,0,1
1050,1,26,2,1,NA,14,1,0,0,1
1051,1,14,3,NA,NA,11,1,0,0,1
1052,0,46,3,0,21,NA,0,NA,0,1
1053,1,77,3,1,14,10,1,30,0,1
1054,0,17,3,NA,NA,NA,0,0,0,1
1055,0,20,3,0,19,17,1,30,0,1
1056,1,21,1,1,NA,15,2,0,0,1
1057,1,48,3,0,22,16,0,0,0,1
1058,0,18,3,1,NA,NA,0,0,0,1
1059,1,20,3,0,NA,16,0,0,0,1
1060,0,18,3,0,NA,17,1,NA,0,1
1061,0,13,3,NA,NA,NA,0,0,0,1
1062,0,12,2,NA,NA,NA,0,0,0,1
1063,0,13,1,NA,NA,NA,0,0,0,1
1064,1,15,1,NA,NA,NA,0,0,0,1
1065,0,16,3,NA,NA,NA,0,0,0,1
1066,1,17,3,NA,NA,NA,0,0,0,1
1067,1,25,3,0,NA,14,2,0,0,1
1068,0,12,3,NA,NA,NA,0,0,0,1
1069,1,12,1,NA,10,10,1,0,0,1
1070,0,49,3,1,NA,20,0,0,0,1
1071,1,54,3,1,19,17,0,0,0,1
1072,0,19,3,1,NA,NA,0,NA,0,1
1073,0,13,3,NA,NA,NA,0,0,0,1
1074,1,65,3,0,18,14,2,0,0,1
1075,0,35,3,0,NA,NA,0,0,0,1
1076,1,68,3,1,18,15,0,0,0,1
1077,1,17,3,NA,NA,17,2,0,0,1
1078,1,45,3,0,17,16,13,30,1,2
1079,0,13,3,NA,NA,12,2,1,0,1
1080,1,16,3,NA,15,16,0,0,0,1
1081,1,55,3,0,21,18,28,30,1,3
1082,0,15,3,NA,NA,15,NA,0,NA,NA
1083,0,18,3,0,NA,16,NA,0,NA,NA
1084,1,22,3,0,NA,15,6,NA,1,2
1085,0,18,3,0,NA,16,NA,0,NA,NA
1086,0,34,3,0,15,20,NA,NA,NA,NA
1087,0,20,3,0,17,16,4,NA,1,2
1088,0,19,3,0,NA,NA,NA,0,NA,NA
1089,0,16,3,NA,NA,NA,NA,0,NA,NA
1090,0,39,3,0,18,21,0,0,0,1
1091,0,19,3,0,NA,NA,0,0,0,1
1092,1,21,3,0,18,10,30,30,1,3
1093,0,17,3,NA,NA,NA,0,0,0,1
1094,0,36,3,0,NA,19,1,0,0,1
1095,1,17,3,NA,NA,NA,0,0,0,1
1096,1,26,3,1,NA,16,2,0,0,1
1097,0,18,3,0,NA,NA,0,0,0,1
1098,0,24,3,1,NA,18,0,0,0,1
1099,0,37,3,1,NA,26,0,0,0,1
1100,0,29,3,0,18,18,11,30,1,2
1101,0,28,3,0,NA,NA,0,0,0,1
1102,0,24,3,0,22,16,3,30,0,1
1103,1,16,3,NA,NA,NA,0,3,0,1
1104,1,14,3,NA,NA,NA,0,0,0,1
1105,1,67,3,0,NA,19,0,0,0,1
1106,1,31,3,1,NA,18,12,0,1,2
1107,0,16,3,NA,NA,NA,0,0,0,1
1108,0,19,3,0,18,NA,0,30,0,1
1109,0,25,3,1,NA,13,4,0,1,2
1110,1,23,3,0,NA,13,NA,0,NA,NA
1111,0,28,3,0,14,14,12,30,1,2
1112,0,16,3,NA,NA,15,NA,0,NA,NA
1113,0,17,3,NA,NA,16,1,0,0,1
1114,0,39,3,1,NA,21,0,0,0,1
1115,0,25,3,1,NA,21,0,0,0,1
1116,1,12,3,NA,NA,NA,0,0,0,1
1117,0,28,3,0,24,18,NA,30,NA,NA
1118,1,36,3,1,NA,18,4,0,1,2
1119,0,16,3,NA,NA,NA,0,0,0,1
1120,0,31,3,0,14,19,2,7,0,1
1121,0,29,3,0,17,18,1,30,0,1
1122,0,42,3,0,NA,27,NA,NA,NA,NA
1123,0,19,3,0,NA,NA,0,0,0,1
1124,0,51,3,0,NA,NA,0,0,0,1
1125,1,30,3,1,NA,23,8,0,1,2
1126,0,67,3,0,NA,20,0,0,0,1
1127,0,82,3,0,NA,20,0,0,0,1
1128,1,51,3,0,16,17,4,30,1,2
1129,0,15,3,NA,NA,NA,0,0,0,1
1130,1,21,3,0,13,16,30,NA,1,3
1131,1,53,3,1,NA,NA,0,0,0,1
1132,0,24,3,0,NA,NA,0,0,0,1
1133,0,54,3,0,18,NA,0,30,0,1
1134,0,48,3,0,NA,NA,0,0,0,1
1135,1,18,3,0,NA,15,20,NA,1,3
1136,1,25,3,0,NA,17,25,0,1,3
1137,0,39,3,1,15,16,0,0,0,1
1138,0,64,3,0,NA,25,0,0,0,1
1139,1,64,3,0,NA,NA,0,0,0,1
1140,1,28,1,0,NA,10,0,NA,0,1
1141,0,17,3,NA,NA,14,NA,1,NA,NA
1142,0,13,3,NA,NA,NA,0,NA,0,1
1143,0,16,3,NA,NA,16,NA,0,NA,NA
1144,1,30,3,1,NA,10,0,0,0,1
1145,0,38,3,0,NA,25,2,20,0,1
1146,1,29,3,0,19,18,4,30,1,2
1147,0,24,3,0,19,13,4,30,1,2
1148,1,15,3,NA,NA,12,0,0,0,1
1149,1,35,1,1,NA,NA,0,0,0,1
1150,1,61,1,0,15,16,0,0,0,1
1151,0,44,1,1,NA,16,2,0,0,1
1152,1,37,1,1,15,18,25,30,1,3
1153,0,16,1,NA,NA,16,0,0,0,1
1154,0,21,1,1,NA,20,0,0,0,1
1155,1,13,1,NA,NA,NA,0,0,0,1
1156,1,38,1,1,NA,20,2,0,0,1
1157,1,23,1,0,13,10,NA,NA,NA,NA
1158,1,15,1,NA,NA,NA,0,0,0,1
1159,1,82,1,1,NA,18,0,0,0,1
1160,0,41,1,1,NA,16,0,0,0,1
1161,0,15,1,NA,NA,14,NA,NA,NA,NA
1162,1,12,1,NA,NA,NA,0,0,0,1
1163,1,31,1,1,NA,16,NA,12,NA,NA
1164,1,35,1,1,21,16,8,NA,1,2
1165,0,35,1,1,NA,23,2,0,0,1
1166,1,33,1,0,NA,15,1,0,0,1
1167,0,25,1,0,NA,19,2,1,0,1
1168,1,14,2,NA,NA,NA,0,0,0,1
1169,1,34,1,1,15,17,7,0,1,2
1170,0,14,1,NA,14,13,NA,4,NA,NA
1171,0,47,1,1,NA,17,10,0,1,2
1172,0,42,1,1,NA,16,3,NA,0,1
1173,0,43,1,1,NA,20,1,0,0,1
1174,1,33,1,0,NA,16,7,20,1,2
1175,1,23,1,1,NA,17,1,0,0,1
1176,0,65,1,1,NA,15,20,0,1,3
1177,1,15,1,NA,NA,12,0,30,0,1
1178,1,30,1,0,19,15,5,NA,1,2
1179,1,20,1,0,17,17,2,30,0,1
1180,1,16,1,NA,NA,11,0,0,0,1
1181,0,16,1,NA,NA,14,0,0,0,1
1182,0,43,2,1,16,30,20,30,1,3
1183,0,28,1,0,16,16,NA,30,NA,NA
1184,0,30,1,0,15,16,2,15,0,1
1185,0,13,1,NA,NA,NA,0,0,0,1
1186,0,17,1,NA,NA,10,0,0,0,1
1187,1,48,1,1,20,18,8,0,1,2
1188,1,14,1,NA,11,10,0,0,0,1
1189,0,15,1,NA,NA,11,0,NA,0,1
1190,1,13,1,NA,NA,NA,0,0,0,1
1191,1,61,1,1,NA,NA,0,0,0,1
1192,0,39,1,1,18,18,NA,0,NA,NA
1193,1,62,1,1,18,17,NA,NA,NA,NA
1194,0,66,1,0,16,26,0,30,0,1
1195,1,56,1,1,18,21,0,20,0,1
1196,0,13,1,NA,NA,NA,0,0,0,1
1197,1,21,2,0,NA,NA,NA,0,NA,NA
1198,0,13,2,NA,NA,NA,0,0,0,1
1199,1,22,2,0,NA,17,0,NA,0,1
1200,0,19,1,0,13,NA,0,30,0,1
1201,1,50,2,0,48,18,2,30,0,1
1202,0,20,1,0,10,18,0,30,0,1
1203,0,12,2,NA,NA,NA,NA,NA,NA,NA
1204,0,12,2,NA,NA,NA,0,0,0,1
1205,1,24,1,0,13,15,6,0,1,2
1206,1,20,2,0,NA,16,NA,0,NA,NA
1207,0,14,2,NA,NA,14,1,0,0,1
1208,0,15,2,NA,NA,14,NA,0,NA,NA
1209,0,16,1,NA,NA,12,2,NA,0,1
1210,1,21,2,0,19,10,2,30,0,1
1211,0,24,2,0,NA,NA,0,0,0,1
1212,1,22,2,0,NA,17,3,0,0,1
1213,1,23,2,0,NA,14,1,2,0,1
1214,1,16,2,NA,14,15,0,30,0,1
1215,1,19,1,0,16,14,2,5,0,1
1216,1,12,2,NA,NA,NA,0,0,0,1
1217,1,21,3,0,NA,16,26,0,1,3
1218,0,35,1,1,NA,18,4,0,1,2
1219,1,12,2,NA,NA,NA,0,0,0,1
1220,0,21,1,1,NA,NA,0,0,0,1
1221,0,23,2,1,NA,17,NA,0,NA,NA
1222,1,13,1,NA,NA,NA,0,0,0,1
1223,0,24,1,1,NA,18,5,10,1,2
1224,1,19,2,0,NA,NA,0,0,0,1
1225,1,15,2,NA,NA,14,NA,0,NA,NA
1226,1,13,1,NA,NA,NA,0,0,0,1
1227,1,14,1,NA,NA,NA,0,NA,0,1
1228,1,16,1,NA,NA,NA,0,0,0,1
1229,1,18,2,0,NA,NA,0,0,0,1
1230,1,23,2,0,NA,18,20,0,1,3
1231,0,49,1,1,16,18,0,30,0,1
1232,0,22,1,0,16,15,0,0,0,1
1233,0,12,1,NA,NA,NA,NA,0,NA,NA
1234,0,25,1,0,18,18,1,30,0,1
1235,0,34,1,0,12,16,0,30,0,1
1236,1,13,1,NA,NA,NA,0,0,0,1
1237,1,17,2,NA,14,12,10,30,1,2
1238,0,40,1,0,18,15,0,30,0,1
1239,1,17,2,NA,NA,16,0,0,0,1
1240,1,17,1,NA,NA,NA,0,0,0,1
1241,0,12,1,NA,NA,NA,NA,0,NA,NA
1242,1,21,1,1,18,16,12,30,1,2
1243,0,20,1,1,NA,12,3,1,0,1
1244,0,29,1,1,NA,16,1,0,0,1
1245,1,15,2,NA,NA,NA,0,0,0,1
1246,0,17,2,NA,NA,16,NA,0,NA,NA
1247,0,25,1,0,NA,19,0,0,0,1
1248,0,39,1,1,18,16,4,30,1,2
1249,0,15,1,NA,NA,NA,0,0,0,1
1250,0,72,2,0,12,21,0,NA,0,1
1251,1,16,1,NA,NA,NA,0,0,0,1
1252,0,33,2,1,27,12,1,NA,0,1
1253,0,22,1,1,18,15,NA,3,NA,NA
1254,1,16,1,NA,NA,11,0,0,0,1
1255,1,50,1,0,16,16,2,30,0,1
1256,0,14,1,NA,NA,NA,0,0,0,1
1257,1,19,1,0,NA,19,2,15,0,1
1258,1,15,1,NA,NA,14,0,0,0,1
1259,0,23,1,0,NA,16,NA,4,NA,NA
1260,1,12,2,NA,NA,NA,NA,0,NA,NA
1261,0,42,1,0,NA,21,4,10,1,2
1262,0,13,1,NA,NA,NA,0,1,0,1
1263,1,22,2,0,NA,10,0,0,0,1
1264,0,20,1,1,18,20,1,30,0,1
1265,0,27,2,1,NA,13,6,0,1,2
1266,0,25,1,1,NA,16,3,0,0,1
1267,0,17,2,NA,16,15,0,30,0,1
1268,0,20,1,1,17,14,2,30,0,1
1269,0,14,1,NA,13,13,2,15,0,1
1270,0,22,1,1,17,15,0,30,0,1
1271,1,21,1,1,NA,15,10,0,1,2
1272,1,18,1,0,13,14,15,0,1,2
1273,0,27,1,0,12,13,2,30,0,1
1274,0,16,1,NA,15,14,5,23,1,2
1275,1,15,1,NA,NA,NA,0,0,0,1
1276,0,15,2,NA,NA,14,0,0,0,1
1277,1,63,1,1,18,16,10,0,1,2
1278,1,16,1,NA,NA,16,NA,0,NA,NA
1279,1,15,1,NA,NA,14,NA,0,NA,NA
1280,0,13,1,NA,NA,13,0,0,0,1
1281,1,16,1,NA,NA,NA,0,0,0,1
1282,1,34,1,1,NA,13,15,2,1,2
1283,1,12,1,NA,NA,NA,0,0,0,1
1284,0,41,1,1,NA,16,0,NA,0,1
1285,0,35,1,1,11,13,NA,0,NA,NA
1286,0,29,1,1,16,16,20,7,1,3
1287,0,35,1,0,14,17,15,0,1,2
1288,1,15,2,NA,NA,NA,0,0,0,1
1289,0,43,1,1,NA,14,0,0,0,1
1290,0,31,1,0,NA,14,2,0,0,1
1291,1,18,1,0,NA,12,1,0,0,1
1292,0,19,1,1,16,14,1,30,0,1
1293,1,59,1,1,15,17,20,30,1,3
1294,1,68,1,0,NA,10,0,0,0,1
1295,0,18,1,0,NA,16,NA,0,NA,NA
1296,1,24,1,1,NA,NA,0,0,0,1
1297,0,42,1,1,NA,16,0,0,0,1
1298,0,31,1,1,NA,16,1,0,0,1
1299,0,52,1,0,NA,15,5,0,1,2
1300,0,12,1,NA,NA,NA,0,0,0,1
1301,1,29,1,1,NA,NA,0,0,0,1
1302,0,21,1,0,NA,NA,0,0,0,1
1303,0,15,1,NA,NA,NA,0,0,0,1
1304,1,15,1,NA,15,13,10,NA,1,2
1305,1,15,1,NA,13,10,NA,2,NA,NA
1306,0,42,1,1,NA,20,0,0,0,1
1307,0,16,1,NA,NA,15,0,0,0,1
1308,0,15,1,NA,NA,NA,0,0,0,1
1309,0,13,1,NA,NA,NA,0,0,0,1
1310,0,25,1,1,NA,NA,0,0,0,1
1311,0,13,1,NA,NA,NA,NA,0,NA,NA
1312,1,18,1,0,15,13,1,30,0,1
1313,1,52,1,1,NA,16,20,0,1,3
1314,0,17,1,NA,NA,15,1,NA,0,1
1315,1,18,1,0,NA,13,13,NA,1,2
1316,0,18,1,0,NA,NA,0,0,0,1
1317,0,16,1,NA,NA,NA,0,0,0,1
1318,0,30,1,1,NA,16,4,0,1,2
1319,0,51,1,0,14,18,0,30,0,1
1320,1,19,1,0,14,18,19,NA,1,3
1321,0,14,2,NA,NA,12,0,0,0,1
1322,0,12,1,NA,NA,NA,0,0,0,1
1323,0,22,1,1,NA,NA,0,0,0,1
1324,0,23,1,0,17,17,0,0,0,1
1325,1,14,1,NA,NA,NA,0,0,0,1
1326,0,14,1,NA,NA,10,0,0,0,1
1327,0,14,1,NA,NA,NA,0,0,0,1
1328,0,23,1,1,14,13,12,NA,1,2
1329,0,72,1,0,17,15,0,0,0,1
1330,0,15,1,NA,NA,NA,0,0,0,1
1331,0,20,1,1,NA,15,0,NA,0,1
1332,1,18,1,0,NA,16,0,0,0,1
1333,1,12,1,NA,NA,NA,0,0,0,1
1334,0,29,2,0,14,14,2,0,0,1
1335,0,13,2,NA,NA,NA,0,0,0,1
1336,0,25,1,0,21,18,0,0,0,1
1337,0,36,2,0,NA,17,1,0,0,1
1338,1,39,1,1,NA,15,0,0,0,1
1339,0,44,2,0,NA,18,1,0,0,1
1340,1,20,1,1,12,20,1,1,0,1
1341,0,32,1,0,18,17,2,30,0,1
1342,1,30,2,0,NA,16,NA,NA,NA,NA
1343,1,16,1,NA,NA,NA,0,0,0,1
1344,1,18,1,0,18,10,4,29,1,2
1345,0,45,1,1,NA,17,1,0,0,1
1346,0,23,2,0,NA,NA,0,0,0,1
1347,1,18,2,0,16,10,30,30,1,3
1348,1,26,2,0,NA,13,1,0,0,1
1349,0,33,2,0,NA,NA,0,0,0,1
1350,1,20,2,0,NA,14,0,0,0,1
1351,0,18,2,1,NA,17,0,NA,0,1
1352,1,26,2,0,NA,17,0,0,0,1
1353,0,31,2,1,NA,14,2,NA,0,1
1354,0,16,1,NA,NA,NA,0,0,0,1
1355,0,24,1,0,14,15,0,0,0,1
1356,1,13,1,NA,NA,NA,0,0,0,1
1357,0,14,1,NA,NA,NA,0,0,0,1
1358,1,23,2,0,NA,18,0,0,0,1
1359,0,26,2,0,NA,NA,0,0,0,1
1360,0,19,1,0,NA,16,1,0,0,1
1361,0,16,2,NA,NA,NA,NA,2,NA,NA
1362,1,25,2,1,NA,13,1,0,0,1
1363,1,27,2,0,18,18,0,NA,0,1
1364,1,62,1,0,13,NA,0,NA,0,1
1365,0,35,2,0,NA,NA,0,0,0,1
1366,0,48,2,1,20,47,0,0,0,1
1367,0,14,2,NA,NA,NA,0,0,0,1
1368,1,24,2,0,NA,12,20,NA,1,3
1369,0,16,2,NA,NA,15,0,0,0,1
1370,0,12,2,NA,NA,NA,0,0,0,1
1371,1,44,2,0,14,18,6,0,1,2
1372,0,16,2,NA,NA,15,2,0,0,1
1373,0,50,3,0,NA,17,0,0,0,1
1374,1,50,2,0,20,30,1,0,0,1
1375,0,45,2,0,NA,14,NA,0,NA,NA
1376,0,33,2,1,NA,NA,0,NA,0,1
1377,1,29,2,0,18,18,2,NA,0,1
1378,0,63,1,0,18,20,0,30,0,1
1379,0,31,2,1,18,18,0,NA,0,1
1380,0,18,1,1,NA,NA,0,0,0,1
1381,0,46,1,1,NA,NA,0,0,0,1
1382,0,19,2,0,NA,17,0,NA,0,1
1383,1,24,2,1,NA,17,10,0,1,2
1384,0,24,2,1,NA,NA,0,0,0,1
1385,0,33,2,1,NA,NA,0,6,0,1
1386,0,15,1,NA,NA,10,2,0,0,1
1387,0,23,1,1,NA,16,10,0,1,2
1388,1,16,2,NA,NA,NA,0,0,0,1
1389,1,13,1,NA,NA,NA,0,0,0,1
1390,0,12,1,NA,NA,NA,0,0,0,1
1391,0,17,1,NA,NA,13,0,0,0,1
1392,0,14,1,NA,NA,NA,0,0,0,1
1393,0,16,2,NA,14,16,NA,0,NA,NA
1394,0,12,2,NA,NA,NA,0,NA,0,1
1395,1,68,1,1,18,16,26,NA,1,3
1396,1,16,1,NA,NA,NA,0,0,0,1
1397,1,21,1,0,12,12,30,30,1,3
1398,0,13,1,NA,NA,NA,0,0,0,1
1399,0,18,2,0,NA,NA,0,0,0,1
1400,0,15,1,NA,NA,NA,0,0,0,1
1401,1,13,1,NA,NA,NA,0,NA,0,1
1402,1,35,2,0,18,19,6,NA,1,2
1403,1,19,1,1,NA,NA,0,0,0,1
1404,1,30,2,0,19,18,12,30,1,2
1405,0,50,1,0,15,21,0,NA,0,1
1406,0,13,2,NA,NA,NA,0,0,0,1
1407,0,19,1,0,NA,NA,0,0,0,1
1408,0,15,2,NA,NA,12,0,0,0,1
1409,0,14,1,NA,NA,NA,0,0,0,1
1410,0,40,1,1,NA,16,0,0,0,1
1411,0,22,2,0,NA,NA,0,0,0,1
1412,0,18,1,0,NA,NA,0,NA,0,1
1413,0,13,3,NA,NA,NA,0,0,0,1
1414,0,21,2,0,NA,18,0,0,0,1
1415,0,12,2,NA,NA,NA,0,0,0,1
1416,1,35,1,1,NA,NA,0,0,0,1
1417,0,20,1,1,NA,18,3,NA,0,1
1418,0,25,2,0,NA,20,1,0,0,1
1419,1,26,2,0,NA,16,3,0,0,1
1420,1,29,1,1,19,NA,0,30,0,1
1421,0,52,1,1,21,19,2,0,0,1
1422,0,19,1,1,NA,16,15,8,1,2
1423,1,12,1,NA,NA,NA,0,0,0,1
1424,0,33,1,1,NA,NA,0,0,0,1
1425,0,16,1,NA,NA,14,0,NA,0,1
1426,0,25,1,1,NA,15,0,0,0,1
1427,1,36,1,1,NA,17,16,0,1,3
1428,1,25,2,0,12,15,8,30,1,2
1429,0,18,2,1,NA,15,0,0,0,1
1430,1,22,1,1,NA,14,5,0,1,2
1431,0,25,1,1,NA,16,0,0,0,1
1432,1,35,1,1,24,22,2,NA,0,1
1433,0,16,1,NA,12,13,5,2,1,2
1434,0,68,1,0,NA,NA,NA,0,NA,NA
1435,0,16,1,NA,NA,11,3,0,0,1
1436,1,57,1,1,19,16,25,NA,1,3
1437,0,25,1,1,NA,NA,0,0,0,1
1438,0,72,1,1,17,NA,0,0,0,1
1439,0,23,2,0,NA,19,0,0,0,1
1440,0,12,1,NA,NA,NA,0,NA,0,1
1441,1,18,1,0,NA,13,2,0,0,1
1442,0,17,2,NA,NA,14,0,0,0,1
1443,0,39,1,0,20,20,0,0,0,1
1444,0,34,1,1,NA,16,0,0,0,1
1445,0,46,2,1,NA,17,2,0,0,1
1446,1,14,1,NA,NA,NA,0,0,0,1
1447,0,24,2,0,NA,13,1,0,0,1
1448,0,14,1,NA,NA,NA,0,0,0,1
1449,1,77,1,1,20,18,25,0,1,3
1450,0,31,1,1,NA,17,3,0,0,1
1451,0,14,2,NA,NA,NA,0,0,0,1
1452,1,13,1,NA,NA,NA,0,0,0,1
1453,0,20,1,1,NA,14,4,0,1,2
1454,1,25,1,1,NA,14,2,0,0,1
1455,0,23,2,1,NA,17,NA,0,NA,NA
1456,0,12,1,NA,NA,NA,0,0,0,1
1457,1,12,1,NA,11,10,0,NA,0,1
1458,1,15,1,NA,NA,NA,0,0,0,1
1459,1,18,1,0,NA,15,NA,0,NA,NA
1460,0,12,1,NA,NA,NA,0,0,0,1
1461,1,14,1,NA,NA,11,0,0,0,1
1462,1,17,1,NA,NA,16,2,0,0,1
1463,0,25,1,1,17,16,15,30,1,2
1464,0,13,1,NA,12,10,1,20,0,1
1465,0,15,1,NA,10,13,3,NA,0,1
1466,1,15,1,NA,NA,NA,0,0,0,1
1467,1,40,1,0,NA,16,13,1,1,2
1468,0,18,2,0,NA,15,2,0,0,1
1469,0,82,1,1,NA,NA,0,0,0,1
1470,0,26,1,0,NA,15,8,0,1,2
1471,1,17,1,NA,NA,NA,0,0,0,1
1472,0,15,1,NA,NA,NA,0,0,0,1
1473,0,25,2,0,NA,18,3,0,0,1
1474,0,22,1,1,18,12,NA,NA,NA,NA
1475,0,25,1,1,16,17,0,0,0,1
1476,1,20,1,1,18,16,6,1,1,2
1477,1,22,1,1,NA,18,2,NA,0,1
1478,0,15,2,NA,NA,13,4,NA,1,2
1479,1,13,2,NA,NA,11,0,0,0,1
1480,0,18,1,0,NA,16,1,0,0,1
1481,0,18,1,0,NA,18,NA,NA,NA,NA
1482,1,69,1,1,28,28,2,30,0,1
1483,1,33,1,1,NA,21,10,0,1,2
1484,0,19,1,0,NA,16,6,3,1,2
1485,1,15,1,NA,NA,13,NA,2,NA,NA
1486,0,13,2,NA,NA,NA,0,0,0,1
1487,0,24,1,1,18,13,6,30,1,2
1488,0,17,1,NA,16,14,2,NA,0,1
1489,1,19,1,1,NA,16,0,0,0,1
1490,1,19,1,0,NA,15,8,0,1,2
1491,0,23,1,1,NA,NA,0,0,0,1
1492,1,22,1,1,NA,17,0,0,0,1
1493,0,17,1,NA,NA,16,NA,0,NA,NA
1494,1,15,1,NA,13,12,3,30,0,1
1495,0,16,1,NA,NA,13,2,2,0,1
1496,0,12,1,NA,NA,NA,0,0,0,1
1497,0,39,1,1,18,16,3,30,0,1
1498,1,18,1,0,NA,13,0,0,0,1
1499,1,18,1,0,16,16,0,0,0,1
1500,0,23,1,0,11,11,1,30,0,1
