"id","female","anxdep1","anxdep2","anxdep3","anxdep4","lonely1","lonely2","lonely3","lonely4"
1,0,0.91,1.64,1.94,1.39,2.05,2.32,1.83,1.64
2,0,0.93,0.92,1.21,1.55,1.51,1.89,2.45,2
3,0,1.1,0.97,1.12,2.27,1.95,1.71,1.79,2.47
4,0,0.99,0.65,1.71,1.58,1.71,1.45,2.54,1.73
5,0,0.28,0.49,0.05,1.21,0.01,0.4,0.87,0.87
6,0,1.73,0.64,0.7,1.47,0.99,0.72,0.72,0.62
7,0,0.69,0.75,0.23,1.5,0.97,1.06,1.44,1.95
8,0,2.77,1.93,2.9,1.85,3.22,3.7,2.88,2.39
9,0,1.9,2.57,1.46,2.18,3.02,2.72,2.35,2.39
10,0,1.42,2.02,2.92,1.96,1.12,1.61,2.35,1.95
11,0,1.42,1.41,0.94,1.73,2.65,2.57,2.43,2.16
12,0,1.59,1.17,1.6,1.98,3.22,2.9,2.27,2.72
13,0,1.23,2.12,2.45,2.38,2.16,2.08,2.35,2.19
14,0,0.95,1.38,0.98,1.74,1.98,1.92,1.74,1.65
15,0,0.89,1.95,1.85,2.04,1.34,2.13,2.49,2.32
16,0,1.78,1.45,2.76,2.08,2.94,2.29,2.04,1.45
17,0,0.99,1.65,1.97,1.87,1.17,1.99,1.1,1.62
18,0,1.24,0.8,2.08,1.77,2.09,2.72,2.74,2.32
19,0,2.23,2.24,2.91,2.17,2.64,2.62,2.51,2.64
20,0,2.29,1.16,1.69,2.08,1.78,1.22,1.48,1.73
21,0,1.19,1.5,1.64,1.86,2.51,2.73,3.29,2.62
22,0,1.72,2.4,2.96,2.02,1.67,1.4,2.98,1.87
23,0,0.98,3.08,2.24,1.98,0.6,2.06,2.7,2.59
24,0,2.35,2.68,2.48,1.71,2.28,1.95,1.66,0.39
25,0,1.37,1.85,2.86,1.96,1.98,1.59,2.12,0.91
26,0,2.34,2.51,2.59,2.36,3.06,3.3,4.05,3.91
27,0,1.64,0.92,1.65,1.81,2.56,1.39,1.94,2.29
28,0,1.85,1.68,2.09,2.25,3.24,3.21,4.16,3.89
29,0,1.9,1.7,3.43,2.22,1.79,2.17,2.39,2.21
30,0,0.49,1.33,1.55,1.57,0,1.3,1.76,2.01
31,0,1.82,1.93,1.5,2.1,2.85,2.71,3.23,3.05
32,0,1.82,1.91,2,2.12,2.41,2.46,1.71,2.1
33,0,2.35,1.05,1.79,1.83,2.55,1.77,2.07,1.13
34,0,1.79,1.45,1.57,1.8,2.64,2.73,2.49,3.52
35,0,2.55,2.74,3.33,2.12,3.11,3.26,3.05,3.06
36,0,0.72,1.55,1.08,1.88,1.33,1.91,1.36,1.79
37,0,0.74,1.72,2.47,2.14,1.16,2,3.43,3.62
38,0,0.78,1.22,1.68,1.96,1.42,1.51,2.01,2.64
39,0,1.6,1.48,1.8,2.27,2.26,2.71,3.29,3.07
40,0,1.21,1.6,1.41,2.02,2.1,2.74,1.84,1.94
41,0,1.5,1.36,1.3,1.42,1.88,1.62,2.42,1.47
42,0,2.05,1.41,1.92,1.98,1.89,2.11,2.03,1.56
43,0,1.74,2.62,2.02,1.94,2.45,2.83,3.19,3.41
44,0,1.3,1.78,0.75,1.28,1.36,1.42,0.48,1.74
45,0,1.29,1.34,0.8,2.06,3.1,2.17,2.37,3.62
46,0,2.25,2.87,2.01,1.98,2.23,2.97,1.82,2.6
47,0,1.66,2.62,1.39,1.59,2.15,2.23,1.69,2.17
48,0,0.98,0.85,1.53,1.78,0.38,0.23,1.43,2.36
49,0,1.99,2.28,2.56,1.79,1.21,1.85,2.63,0.23
50,0,1.37,2.25,2.17,2.06,2.34,2.56,2.3,1.92
51,0,0.84,1.39,1.38,1.56,2.14,2.23,2.77,1.62
52,0,0.74,0.82,0.37,1.48,0.84,0.37,1.08,1.07
53,0,2.04,1.49,2.09,1.95,1.59,2.08,2.21,2.33
54,0,1.73,1.74,2.41,1.79,1.2,1.89,1.23,0.7
55,0,1.14,1.18,1.17,2.13,2.9,2.55,1.56,2.32
56,0,1.64,1.65,1.83,1.66,1.62,2.6,2.35,2.01
57,0,2.38,2.96,2.55,2.35,3.12,2.58,3.02,2.5
58,0,0.61,0.78,1.43,2.2,1.82,1.64,2.23,2.64
59,0,0.34,0.55,0.28,1.42,1.35,1.72,2.55,2.53
60,0,1.62,1.43,1.83,1.91,2.02,2.54,2.76,1.78
61,0,0.91,2.08,0.49,1.73,2.29,3.41,0.49,1.53
62,0,2.45,2.5,2.2,1.75,3.09,1.68,1.76,2.11
63,0,3.31,2.35,2.77,2.47,3.02,2.01,3.05,2.76
64,0,2.29,1.35,0.73,1.77,2.23,1.77,1.23,1.45
65,0,1.3,2.11,1.66,1.78,0.79,2.17,2.45,2.98
66,0,2.42,1.76,2.54,2.01,1.75,1.6,2.14,2.31
67,0,1.59,1.9,2.02,1.99,2.21,2.93,2.53,1.84
68,0,1.48,1.96,1.54,1.96,2.52,2.89,2.01,2.41
69,0,0.72,0.52,0.02,1.51,1.94,1.84,0.73,0.97
70,0,0.69,0.8,1.53,1.93,0.94,0.41,2.27,2.22
71,0,1.07,1.07,1.29,1.86,2.54,2.79,1.85,2.44
72,0,2,0.94,1.14,1.34,1.92,1.35,1.25,1.18
73,0,1.29,0.36,1.09,1.5,1.48,1.86,2.09,1.86
74,0,1.58,1.1,0.57,1.99,1.97,1.8,2.08,2.67
75,0,1.75,2.09,1.7,1.71,1.92,2.34,1.6,1.51
76,0,1.84,1.97,1.18,2.14,2.47,2.43,3.07,3.6
77,0,0.83,1.79,1.04,1.75,1.95,1.99,1.06,1.58
78,0,2.47,1.79,1.27,1.74,2.87,2.39,1.79,2.25
79,0,2.38,2.71,1.85,2.04,3.12,2.68,3.51,3.54
80,0,0.47,1.43,0.63,1.52,1.92,2.19,2.05,2.81
81,0,1.56,1.1,1.54,1.72,1.75,1.33,1.91,1.99
82,0,1,1.44,1.15,1.67,1.87,2.25,1.95,2.21
83,0,1.77,1.42,1.55,1.82,1.33,1.85,1.54,1.28
84,0,0.54,0.79,0.7,1.54,2.56,1.72,2.54,2.47
85,0,0.66,0.93,1.04,1.57,1.46,1.92,1.38,0.51
86,0,1.01,0.36,1.72,1.46,0.92,1.06,1.84,0.5
87,0,1.71,1.32,1.76,1.99,2.68,2.91,2.44,2.12
88,0,2.97,2,2.54,2.15,2.89,2.95,2.45,1.94
89,0,1.61,1.42,2.07,1.9,2.58,2.06,3.56,3.49
90,0,0.87,1.46,1.32,1.64,0.53,1.7,2.01,2.87
91,0,0.39,1.03,1.87,1.89,1.67,1.68,2.13,1.92
92,0,1.9,1.53,2.42,2.19,2.8,2.15,2.28,2.23
93,0,2.61,1.77,2.29,2.04,2.88,2.38,3.74,2.31
94,0,1,1.84,2.71,2.05,2.19,2.75,2.52,2.54
95,0,1.85,1.32,1.13,1.73,1.07,0.79,1.44,1.05
96,0,1.85,1.71,1.5,2.17,2.38,2.83,2.25,2.36
97,0,2.28,2.75,3.65,2.01,2.47,3.1,3.11,2.64
98,0,0.85,1.2,1.15,1.81,2.54,1.91,1.25,2.24
99,0,1.35,1.38,1.81,1.27,1.62,1.88,2.38,1.8
100,0,0.96,1.45,1.3,1.71,2.14,1.62,1.08,1.04
101,0,0.7,0.77,1.32,2.1,1.79,2.13,1.4,1.92
102,0,2.04,1.66,2.59,2.15,1.97,1.95,3.7,2.6
103,0,1.24,1.46,1.15,1.63,1.46,2.25,1.53,2.34
104,0,2.32,2.31,1.85,1.83,1.68,2.03,2.09,2.3
105,0,1.75,2.17,2.3,2.26,3.43,2.79,2.35,2.63
106,0,0.33,1.06,1.01,1.66,1.11,0.92,1.42,0.85
107,0,1.51,0.68,1.32,1.79,1.28,2.13,1.43,1.61
108,0,1.28,1.19,0.89,1.72,1.61,1.91,1.46,1.35
109,0,1.27,1.96,1.88,1.79,1.1,2.46,2.01,1.64
110,0,1.43,1.72,1.08,1.93,2.5,2.86,2.73,2.29
111,0,1.35,1.16,1.26,2.09,3.1,2.74,1.46,2.79
112,0,2.37,2.2,1.62,2.23,2.96,2.84,2.41,3.2
113,0,1.24,1.53,2.3,2.05,0.19,1.21,1.15,2.05
114,0,1.37,1.96,1.97,1.83,1.81,1.86,2.11,1.5
115,0,2.01,1.21,1.11,1.76,2.82,1.36,1.85,2.12
116,0,1.21,1.48,1.94,2,1.82,2.41,2.48,2.78
117,0,0.63,0.94,1.43,2.01,1.44,1.45,2.4,2.42
118,0,1.46,2.54,2.53,1.69,2.8,1.72,2.28,1.53
119,0,0.74,1.1,1.41,1.5,0.15,1.26,1.26,1.63
120,0,1.02,1.88,1.77,1.98,1.38,1.9,2.24,2.16
121,0,2.31,0.74,1.67,1.87,2.47,1.74,0.73,2.04
122,0,1.69,1.23,1.25,2.04,3.63,2.75,2.19,3.66
123,0,1.42,1.18,0.99,1.71,3.38,2.97,2.81,2.68
124,0,1.95,1.99,1.98,1.93,2.63,2.23,2.39,1.88
125,0,2.59,2.42,1.15,1.82,2.83,2.66,2.68,2.34
126,0,0.79,1.22,0.69,1.82,1.93,1.14,2.21,1.92
127,0,1.24,1.91,2.57,2.29,1.31,1.82,2.34,2.36
128,0,0.77,0,0.81,1.34,1.46,1.06,1.47,1.1
129,0,1.35,1.34,2.42,1.97,1.59,1.33,2.52,1.31
130,0,0.76,0.89,0.71,1.59,2.48,2.06,1.67,2.39
131,0,1.93,1.31,1.63,2.06,3.7,3.43,3.17,2.92
132,0,0.61,1.14,1.64,1.99,2.12,2.36,3.31,2.82
133,0,1.4,1.22,1.44,1.6,2.53,1.92,1.71,1.48
134,0,1.72,0.84,1.09,1.77,1.86,1.76,1.16,1.58
135,0,0.42,0.82,1.8,1.76,1.39,1.22,1.43,1.12
136,0,1.86,2.16,2.14,1.85,2.61,2.65,2.9,2.32
137,0,1.11,1.78,2.09,2.44,2.31,2.74,2.74,4
138,0,2.25,1.5,1.67,1.82,2.12,1.71,2.09,1.74
139,0,1.18,1.91,1.94,1.75,2.5,2.17,2,1.62
140,0,1.89,1.85,2.12,2.19,3.02,2.87,3.33,3.52
141,0,0,0.78,1.22,1.31,0.66,1.5,1.14,0.42
142,0,2.47,1.65,2.3,2.23,3.46,2.87,3.29,3.6
143,0,0.95,0.76,1.61,2.06,1.32,2.2,2.07,2.24
144,0,1.5,2.35,2.72,2.26,1.6,2.4,2.08,1.8
145,0,2.24,1.99,2.58,2.54,2.97,2.36,2.94,3.67
146,0,2.02,0.86,2.04,1.86,1.62,1.3,2.01,2.38
147,0,2.64,1.89,1.95,2.03,2.85,1.99,2.69,3.12
148,0,1.97,1.62,1.06,1.71,1.6,1.3,2.04,2.72
149,0,0.22,1.67,1.31,1.59,2.16,2.47,2.03,1.59
150,0,0.84,0.45,2.14,1.73,0.82,0.41,1.44,1.18
151,0,1.42,3.1,2.59,1.85,3.07,3.46,3.19,3.09
152,0,1.44,1.74,1.12,1.7,1.51,1.89,2.11,2.45
153,0,2.47,2.74,2.69,2.42,3.07,2.55,3.21,3.21
154,0,1.72,1.48,2.28,2.07,2.33,2.83,3.23,3.24
155,0,0.07,0.92,1.89,1.65,1.93,2.2,2.69,1.79
156,0,1.8,1.88,2.56,2,2.14,1.69,2.73,2.49
157,0,2.13,1.71,2.85,1.98,2.3,2.2,2.91,2.04
158,0,1.48,1.8,1.12,1.71,1.9,2.6,2.26,1.28
159,0,1.68,1.56,1.13,1.66,1.23,1.74,0.93,1.63
160,0,2.33,1.86,2.49,1.96,3.42,2.22,3.25,1.75
161,0,0.82,1.01,0.67,2.03,2.67,2.8,1.82,2.41
162,0,2.2,2.32,2.26,1.95,1.6,2.13,2.1,1.87
163,0,2.87,1.82,2.5,2.24,3.42,3,4.01,3.42
164,0,1.24,1.57,1.82,1.45,1.86,2.06,2.03,2.02
165,0,0,1.23,1.26,1.57,0,1.17,1.58,1.54
166,0,1.36,1.81,1.41,2,2.76,2.89,2.77,2.45
167,0,2.11,2.54,2.45,2.26,3.05,2.51,2.84,3.52
168,0,1.38,1.6,1.56,2.06,2.01,2.02,1.7,1.92
169,0,0.83,1.77,2.05,1.67,2.18,2.46,2.44,2.32
170,0,3.1,2.43,3.37,2.33,3.04,2.62,4.42,3.18
171,0,1.33,1.84,2.2,2.06,1.63,2.1,3.07,2.22
172,0,1.29,1.73,1.18,1.99,2.06,1.97,1.09,1.79
173,0,2.55,1.73,2.35,1.67,1.56,2.21,2.92,1.43
174,0,1.92,1.79,1.76,2.14,1.58,1.84,2.34,1.69
175,0,2.04,1.52,2.18,1.88,1.33,1.04,1.22,1.65
176,0,0.7,1.09,2.64,1.98,2.94,3.28,2.81,2.64
177,0,1.83,2.12,2.19,1.6,2.29,2.6,2.38,2.43
178,0,2.08,1.84,2.83,2.13,1.4,1.93,2.72,2.49
179,0,0.51,0.53,1.43,1.98,1.61,2.14,2.52,2.85
180,0,1.81,1.62,0.74,1.7,2.63,2.37,1.65,2.35
181,0,1.7,2.24,1.99,1.9,1.98,1.94,2.98,2.56
182,0,1.11,1.68,1.81,1.77,1.54,1.78,0.96,1.85
183,0,1.52,1.45,1.44,2.02,2.03,2.25,3.27,2.27
184,0,0.98,1.36,1.12,1.55,1.86,1.85,1.12,0.95
185,0,1.88,1.25,1.39,2.2,2.35,2.04,2.82,3.33
186,0,1.67,0.94,1.21,1.8,1.21,1.42,1.82,1.88
187,0,1.67,1.78,2.23,1.93,1.6,1.93,2.12,2.2
188,0,2.95,2.29,3.02,2.32,3.11,1.84,2.19,2.16
189,0,1.12,1.15,1.56,1.49,1.36,1.42,1.59,1.37
190,0,2.86,2.41,2.29,1.69,4.21,3.33,3.32,1.79
191,0,1.59,1.96,1.95,1.98,2.22,1.93,1.97,1.67
192,0,1.96,0.84,1.63,1.95,2.34,2.68,2.7,2
193,0,1.59,1.72,2.03,1.92,1.92,2.18,2.96,3.13
194,0,0.74,1.03,0.47,1.52,1.02,0.86,0.45,1.78
195,0,1.62,1.54,2.61,2.34,1.11,2.49,3.1,2.72
196,0,0.57,0.51,0.77,1.43,0.42,1,1.92,1.18
197,0,2.43,1.8,1.99,2.17,1.81,1.78,2.25,3.37
198,0,1.53,1.24,0.77,1.62,1.96,1.56,1.2,1.23
199,0,1.38,1.58,2.06,1.68,1.21,0.96,2.09,2.28
200,0,2.18,2.5,2.38,1.89,3.15,2.85,2.86,2.14
201,0,1.14,0.83,1.53,1.94,1.6,1.75,2.22,1.2
202,0,0.59,0.62,1.23,1.58,1.89,1.06,1.23,0.38
203,0,2.67,2.6,1.87,1.99,2.78,3.37,2.72,3.02
204,0,1.55,1.65,0.54,1.83,1.35,1.58,0.67,1.85
205,0,0.48,0,0.15,1.26,2.03,1.89,2.02,1.54
206,0,2.19,2.34,2.3,1.96,3.6,3.88,4.2,3.8
207,0,1.29,1.19,1.28,1.74,1.55,0.92,1.82,1.98
208,0,0.78,0.41,0.73,1.08,2.68,2.31,1.48,1.77
209,0,0.94,0.44,0.8,1.94,1.11,1.21,1.43,2.52
210,0,1.5,2.04,2.24,1.99,1.61,2.28,2.32,3.17
211,0,1.14,1.34,1.8,1.63,1.83,2.08,1.74,1.26
212,0,1.32,0.89,0.19,1.65,1.6,0.83,1.19,1.54
213,0,0.92,1.58,0.61,1.43,1.76,2.52,1.69,1.4
214,0,2.75,2.14,2.48,2.43,3.07,3.24,2.62,3.83
215,0,0.28,0.87,1.12,1.84,1.67,2.28,2.33,2.62
216,0,2.05,0.76,1.87,1.74,1.19,0.63,1.32,1.42
217,0,0.36,1.04,1.52,1.6,1.5,1.34,1.97,2.37
218,0,0.78,2.5,1.13,2.14,2.95,2.25,1.96,3.04
219,0,1.44,1.75,3.14,2.48,2.68,3.75,4.04,3.22
220,0,1.27,1.38,2.44,2.05,2.33,2.21,2.45,2.09
221,0,2.57,2.02,3.12,2.12,3.05,3.08,2.62,1.66
222,0,1.78,2.4,2.88,2.25,3.08,3.34,3.58,3.5
223,0,1.49,2.14,1.65,1.96,1.95,2.44,2.5,2.38
224,0,1.42,1.61,1.01,1.83,2.07,2.12,1.65,1
225,0,1.95,1.84,2.34,2.37,1.83,2.69,2.26,2.51
226,0,0.9,0.91,0.51,1.64,1.83,1.56,0.77,1.41
227,0,2.02,1.4,1.81,1.81,2.85,2.41,4.35,3.51
228,0,1.17,1.15,0.81,1.79,1.44,0.83,0.68,1.89
229,0,0.53,1.65,2.58,1.79,2.47,3.36,3.15,3.41
230,0,1.64,2.16,2.22,2.3,3.68,2.97,3.29,2.76
231,0,1,1.02,0.65,1.63,1.87,2.11,1.63,1.44
232,0,2.19,3.11,2.78,2.21,3.47,3.92,3.94,3.07
233,0,1.41,1.31,1.51,2.03,1.66,1.48,2.06,2.98
234,0,2.67,1.71,2.21,2.09,2.2,1.84,1.73,3.25
235,0,1.98,0.94,1.73,2.28,2.52,2.38,3,3.27
236,0,2.32,2.27,2.98,2.48,2.51,2.38,2.74,2.93
237,0,0.77,1.67,1.04,2.2,0.6,1.75,1.81,2.43
238,0,1.85,3.03,2.08,2.04,3.02,3.08,2.7,2.66
239,0,1.36,1.07,2.18,2.11,1.69,2.09,3.18,3.27
240,0,0.55,1.59,1.26,1.74,0.93,1.38,0.47,1.07
241,0,1.53,2.12,1.31,2.05,2.09,1.75,2.44,3.3
242,0,1.81,2.03,1.71,2.03,0.58,1.03,1.72,1.98
243,0,1.85,1.95,1.54,1.85,1.94,1.9,2.18,2.73
244,0,1.4,1.18,0.84,1.6,1.74,2.1,0.5,1.08
245,0,2.37,2.09,1.81,1.99,3.35,2.29,3.53,3.02
246,0,2.05,1.33,1.04,1.98,2.4,1.92,1.79,2.96
247,0,1.05,2.1,1.11,1.45,3.04,2.61,1.58,1.88
248,0,1.21,1.65,1.73,1.69,2.1,1.97,2.61,2.61
249,0,1.55,1.31,1.38,1.69,2.82,2.98,2.47,2.65
250,0,1.74,1.91,2.64,1.99,2.65,2.31,1.59,1.49
251,0,0.53,1.1,1.14,1.95,0.49,0.88,0.67,1.81
252,0,0.91,0.43,0.66,1.55,2.05,2.09,1.35,2.44
253,0,2.29,2.14,2.29,2.37,3.11,2.63,3.09,4.53
254,0,0.94,1.31,0.66,1.94,2.15,1.13,1.76,3.33
255,0,1.18,0.91,1.77,1.64,2.9,2.75,2.67,1.56
256,0,1.71,1.62,0.64,2.04,2.3,1.79,2.13,3.51
257,0,1.98,1.09,1.95,2.22,2.2,1.86,2.85,2.23
258,0,1.91,2.48,3.14,2.11,2.36,2.69,3.46,3.71
259,0,2.43,1.58,2.11,1.79,1.68,1.3,1.59,2.23
260,0,1.57,1.31,1.03,1.73,0.9,0.64,1.24,1.36
261,0,1.06,0.82,1.45,2.15,2.97,3.3,2.87,4.1
262,0,2.1,1.78,1.2,2.48,3.48,3.09,3.31,3.73
263,0,2.37,2.52,2.62,2.11,2.37,2.61,2.45,3.83
264,0,0.21,0.88,0.25,1.36,1.06,1.03,0,0
265,0,1.96,1.29,1.83,2.18,2.11,1.85,2.34,3.31
266,0,2.45,2.77,2.75,1.6,1.11,1.85,1.96,1.13
267,0,0.63,2.11,2.48,1.91,1.71,1.99,1.77,1.25
268,0,1.61,1.5,2.24,2.24,2.6,3.31,3.8,3.77
269,0,0.56,0.42,1.21,1.79,1.82,1.15,1.72,2.04
270,0,1.26,2.16,3.05,1.98,3.27,3.55,3.77,3.86
271,0,1.91,1.92,1.58,2.16,3.25,2.9,3.37,3.67
272,0,0.68,1.34,1.24,1.66,1.48,1.35,2.2,1.43
273,0,1.55,0.67,1.42,1.8,1.79,1.87,2.73,2.61
274,0,1.2,1.49,1.85,1.86,2.11,2.24,3.5,2.77
275,0,1.94,1.43,2.08,1.86,2.44,2.27,3.21,1.4
276,0,1.57,1.64,1.02,1.85,1.29,1.35,0.73,2.43
277,0,1.62,2.41,2.13,2.55,2.99,3.86,3.12,4.02
278,0,1.74,1.89,1.53,2,2.6,2.53,1.59,2.99
279,0,1.21,1.84,1.54,1.81,2,1.65,1.9,1.66
280,0,1.52,1.32,0.66,1.47,1.33,1.19,1.38,0.61
281,0,2.39,1.44,0.45,1.51,1.92,0.71,1.35,1.68
282,0,2.91,3.31,3.38,2.69,2.78,3.46,3.35,4.3
283,0,2.23,2.4,2.46,2.48,2.83,2.66,3.16,4.66
284,0,0.55,1.43,1.69,1.89,0.14,0.79,1.56,1.13
285,0,1.49,2.17,2.05,1.8,2.4,3.3,3.39,2.51
286,0,2.32,2.2,2.32,1.73,1.54,2.5,1.86,1.78
287,0,1.39,0.53,1.64,2,1.44,0.75,1.42,1.42
288,0,2.57,2.68,2.54,2.17,2.78,3.14,3.48,4.03
289,0,0.69,1.43,1.34,1.45,1.43,1.55,1.23,1.8
290,0,0.69,2.27,2.7,2.3,2.49,2.7,2.66,2.58
291,0,1.07,1.53,1.9,1.55,1.62,1.77,2.12,1.47
292,0,2.49,1.75,2.68,2.01,3.05,2.42,3.08,2.83
293,0,1.89,2.56,2.43,2.13,2.31,2.42,3.7,2.74
294,0,1.39,1.62,1.65,2.04,1.11,1.43,1.18,1.44
295,0,2.39,2.59,3.8,2.41,2.18,2.11,3.14,3.26
296,0,1.61,1.73,2.09,1.9,2.48,1.84,3.45,2.61
297,0,1.48,1.22,0.78,1.67,1.56,1.13,1.63,0.67
298,0,2.36,1.66,2.16,2.4,2.06,3.02,3.12,3.29
299,0,0.12,0.9,0.56,1.53,1.81,1.61,2.34,2.04
300,0,0.88,1.9,1.35,1.69,2.71,2.67,2.6,2.62
301,0,0.85,1.47,1.39,1.75,1.08,2.06,1.77,2.76
302,0,2.31,2.11,2.44,2.24,2.86,3.96,3.2,3
303,0,1.83,1.84,2.69,2.24,2.24,2.2,2.75,2.2
304,0,1.07,1.19,0.53,1.53,1.3,2.01,1.08,1.67
305,0,1.08,1.74,1.7,2.41,2.11,2.67,2.64,3.08
306,0,1.56,1.11,0.74,1.6,1.37,1.94,0.83,0.18
307,0,1.4,1.47,2.86,2.18,2.73,1.86,3.06,2.2
308,0,1.99,0.99,2.28,1.91,2.38,2.77,2.76,2.56
309,0,2.17,1.38,1.19,2.21,3.33,2.81,2.65,3.58
310,0,1.37,1.57,1.63,1.83,1.06,1.34,1.52,0.88
311,0,1.91,1.58,1.31,1.83,2.04,1.62,1.94,1.65
312,0,1.51,0.63,1.32,1.78,1.65,1.09,0.99,0.69
313,0,1.53,1.66,1.6,1.93,1.23,1.91,1.24,1.75
314,0,0.13,0.53,0.95,1.81,2.06,2.5,2.36,2.53
315,0,0.6,0.59,0.73,1.32,1.56,1.59,1.47,1.76
316,0,0.32,0.32,1.35,1.61,1.1,1.43,1.54,2.41
317,0,2.2,1.68,1.63,1.67,2.69,2.26,2.2,1.38
318,0,2.44,1.82,2.37,2.08,3.5,3.4,3.58,2.99
319,0,1.14,1.34,1.59,1.71,0.79,1.03,1.04,1.17
320,0,2.44,1.6,2.07,1.92,2.41,1.27,1.93,2.04
321,0,1.91,1.61,1.75,2.2,2.56,2.18,2.39,2.9
322,0,0.81,1.84,2.28,1.84,1.6,1.4,2.07,2.17
323,0,1.13,1.56,1.31,1.96,2.21,2.64,2.89,3.54
324,0,2.03,1.61,2.13,2.27,1.79,2.13,3.6,2.55
325,0,0.61,1.22,0.56,1.48,1.47,1.34,1.57,2.48
326,0,2.24,1.18,1.28,1.75,1.42,1.49,1.2,1.3
327,0,1.68,1.55,2.15,1.94,2.2,1.48,2.49,2.73
328,0,1.61,1.61,1.56,1.88,2.72,2.75,2.44,2.18
329,0,2.18,1.84,1.15,1.8,0.89,0.78,1.21,1.71
330,0,2.26,3.13,3.8,2.73,3.72,3.9,4.33,5
331,0,1.06,0.99,2.92,1.8,0.97,1.25,2.49,1.65
332,0,1.72,1.76,2.51,2.11,2.89,2.73,3.42,3.3
333,0,1.64,1.6,0.65,1.75,1.63,1.2,1.91,2.34
334,0,2.17,1.37,2.02,2.02,3.08,1.9,2.74,2.29
335,0,1.26,0.7,0.73,1.31,1.75,1.74,1.54,1.23
336,0,1.88,2.21,1.96,2.15,1.64,2.39,2.6,2.02
337,0,2.03,2.19,2.57,2.17,1.71,1.93,2.23,2.92
338,0,1.55,1.28,2.03,2.16,3.46,2.98,2.68,2.81
339,0,1.39,2.52,1.56,1.97,2.34,1.8,2.72,2.63
340,0,1.53,1.66,1.43,1.35,2.37,2.05,2.87,1.74
341,0,1.83,1.63,1.42,1.53,1.76,1.18,1.36,1.29
342,0,2.09,0.84,1.26,1.5,2.58,2.37,3.1,1.98
343,0,2.62,2.25,2.24,2.33,2.01,2.22,2.36,3.8
344,0,0.98,1.13,1.46,1.2,1.62,0.83,1.73,0.52
345,0,1.48,1.64,1.49,1.63,3.28,2.77,3.45,2.31
346,0,1.62,2.55,1.77,1.97,2.57,2.1,1.59,2.42
347,0,1.13,1.61,1.91,1.65,1.4,2.58,2.39,2.81
348,0,1.82,2.13,2.15,1.86,3.05,3.01,2.72,2.61
349,0,2.56,0.72,1.12,2.15,1.91,0.94,1.76,2.41
350,0,2.35,1.87,1.33,1.54,3.03,2.28,1.88,1.87
351,0,1.98,1,1.54,2.05,2.53,2.26,2.29,1.97
352,0,1.68,1.62,2.55,2.2,2.4,3.09,3.66,3.54
353,0,2.43,1.86,2.56,1.84,3.21,3.26,3.02,2.69
354,0,1.12,0.63,1.16,1.69,2.27,1.42,1.81,1.68
355,0,1.46,1.75,1.67,1.9,1.99,1.38,1.99,2.15
356,0,1.28,1.9,1.06,1.38,1.75,2.57,3.29,3.35
357,0,1.07,1.49,2.5,2.16,2.68,3.04,3.51,3.83
358,0,1.36,1.2,0.47,1.86,1.7,1.21,1.81,2.25
359,0,0.91,1.35,1.83,1.78,2.23,2.51,3.39,3.35
360,0,1.09,2.22,1.93,1.49,1.11,1.48,1.78,1.48
361,0,0.97,1.07,2.38,2.03,2.12,2.24,2.89,2.77
362,0,2.15,2.96,1.74,2.11,2.91,2.6,1.65,2.19
363,0,1.79,1.43,1.67,1.68,2.48,2.65,1.78,1.49
364,0,1.27,1.29,1.14,1.49,2.81,2.03,2.51,1.66
365,0,1.33,1.68,1.54,1.91,2.15,2.06,1.8,1.37
366,0,0.89,0.71,1.12,1.74,1.98,1.56,1.43,1.86
367,0,1.48,1.84,3.1,2.12,1.6,2.27,1.84,1.19
368,0,2.69,2.08,2.22,1.95,3.33,2.85,3.48,3.09
369,0,1.55,1.3,1.95,1.7,1.08,2.32,3.03,2.58
370,0,1.49,1.59,0.69,1.64,1.8,2,2.28,2.9
371,0,2.65,2.05,2.43,1.96,2.67,2.79,2.83,2.35
372,0,2.25,2.34,1.75,2.15,3.11,3.03,2.6,3.25
373,0,1.75,0.7,0.34,1.69,1.4,1.13,1.82,1.04
374,0,1.9,2.75,1.27,1.82,2.41,2.39,1.61,2.35
375,0,1.27,1.38,2.43,2.33,1.51,2.57,2.62,2.85
376,0,1.71,2,2,2.38,2.94,2.31,1.9,2.78
377,0,1.14,2.15,1.71,2.36,3.09,3.55,2.64,4.09
378,0,1.21,1.05,1.58,2.03,2.8,2.55,2.05,2.9
379,0,1.2,2.17,2.17,2.05,1.58,1.96,2.88,2.69
380,0,1.15,1.78,2.47,1.8,1.05,2.1,2.14,1.66
381,0,0.98,1.47,1.39,1.75,1.69,2.08,1.39,1.45
382,0,2.27,2.3,1.71,1.67,0.9,2.24,2.25,2.38
383,0,2.04,1.93,2.65,2.19,2.8,2.59,3.14,2.96
384,0,1.31,1.64,1.9,1.46,0.76,1.74,1.51,0.67
385,0,1.94,1.26,1.94,2.05,2.21,1.2,1.6,2.58
386,0,1.98,2.78,2.13,1.8,2.87,2.62,3.77,3.93
387,0,2.1,1.62,1.19,1.8,1.62,1.41,1.19,1.94
388,0,2.17,1.79,1.54,1.86,2.63,2.32,2.53,1.54
389,0,1.69,1.56,2.14,2.3,2.6,2.66,2.33,3
390,0,1.59,1.37,1.56,1.78,3.21,2.57,1.95,2.1
391,0,2.46,1.11,1.15,2.09,2.77,1.45,2.54,3.7
392,0,1.51,1.83,1.48,1.67,1.13,1.35,1.08,1.67
393,0,1.32,1.86,1.71,1.84,2.89,3.03,3.77,2.92
394,0,0.84,1.31,2.25,2,2.9,3.17,3.9,3.11
395,0,1.53,1.31,1.49,1.84,2.74,2.3,1.34,1.37
396,0,0.59,2,1.12,1.76,1.66,2.88,3.09,3.01
397,0,0.81,1.24,1.75,1.78,1.17,1.68,2.53,1.49
398,0,2,1.7,1.85,2.06,2.48,2.87,1.69,2.52
399,0,2.03,1.76,1.45,2.23,2.82,2.7,1.68,2.17
400,0,0.1,0.95,0.04,1.22,1.55,1.05,1.24,1.71
401,0,1.14,1.5,0.99,1.59,0.85,0.91,1.51,1.42
402,0,1.93,1.34,1.56,2.49,2.63,2.55,2.12,3.77
403,0,2.35,2.47,2.47,1.95,1.81,1.75,2.44,1.93
404,0,1.63,1.55,1.74,1.79,1.88,1.52,1.49,1.72
405,0,1.3,1.79,2.64,1.99,2.17,1.97,2.84,2.38
406,0,0.38,1.81,2.03,2.1,1.99,2.63,2.43,3.02
407,0,1.05,2.03,2.14,2.1,2,2.49,2.7,2.56
408,0,0.93,1.87,1.37,1.68,2.67,3.2,2.56,2.96
409,0,1.7,1.78,2.53,2.17,2.7,2.42,3.03,4.04
410,0,2.46,3.05,3.16,2.2,1.78,2.49,2.51,2.02
411,0,0,0.27,0.74,1.71,0.24,1.62,0.47,1.21
412,0,2.43,2.19,2.11,1.99,2.48,2.14,2.37,2.42
413,0,2.96,2.82,2.93,2.23,3.03,3.09,3.1,2.7
414,0,1.94,1.73,1.42,1.81,1.39,1.17,1.82,2.45
415,0,2.32,2.05,2.34,1.78,1.32,1.65,2.21,1.86
416,0,2.09,1.79,1.6,2.19,1.71,1.45,2.24,2.54
417,0,0.11,0.86,0.08,1.57,1.25,1.28,0.84,1.45
418,0,1.52,2.7,2.84,2.36,2.7,3.12,4.04,2.18
419,0,0.62,1.1,2.19,1.53,3.02,3.12,3.6,1.45
420,0,1,1.97,1.75,2.06,1.47,2.27,2.24,2.39
421,0,2.08,1.19,1.61,1.58,1.65,0.97,1.55,1.77
422,0,1.94,1.62,1.94,2.2,1.44,1.97,2.33,3
423,0,1.47,1.16,0.72,1.6,3.14,3.3,3.01,2.16
424,0,1.33,1.68,1.02,1.48,1.45,1.17,0.67,0.97
425,0,2.66,2.44,2.39,2.17,2.39,2.51,2.97,3.79
426,0,1.99,1.86,2.11,2.26,3.23,2.78,2.26,2.9
427,0,1.32,1.01,0.68,1.86,2.3,1.92,1.5,1.88
428,0,0.84,1.24,1.24,1.95,1.92,2.29,1.1,3.23
429,0,2.18,1.89,1.26,1.86,1.18,2.36,2.38,1.53
430,0,1.76,1.47,1.55,1.55,2.02,2.14,1.25,0.07
431,0,2.47,1.01,2.06,2,2.79,2.8,2.65,2.84
432,0,0.93,1.4,1.28,1.82,1.97,1.65,1.07,1.13
433,0,1.21,1.55,1.29,1.85,2.6,2.11,2.5,2.25
434,0,1.62,1.55,1.89,1.99,2.94,2.65,3.09,3.63
435,0,1.59,0.62,0.68,1.67,2.46,1.83,1.86,2.31
436,0,1.67,1.75,1.83,2.17,2.26,2.45,2.67,2.76
437,0,1.87,1.72,3.24,2.32,1.99,3.1,2.88,3.59
438,0,1.67,1.26,1.54,1.59,0.75,1.08,1.75,1.52
439,0,1.45,1.31,1.01,1.58,0.92,2.06,2.18,2.17
440,0,1.62,1.7,1.36,1.64,2.12,1.99,2.46,2.63
441,0,0.45,0.56,1.7,1.54,0.91,1.49,1.15,1.76
442,0,0.99,2.14,0.89,1.84,1.99,3.01,1.74,1.68
443,0,0.79,1.14,0.83,1.4,1.3,1.41,0.06,0.36
444,0,1,1.86,1.76,1.88,2.75,2.12,3.46,2.49
445,0,0.4,0.72,1,1.85,1.35,1.28,1.22,2.12
446,0,1.89,2.02,1.99,1.86,3.13,2.95,3.72,3.92
447,0,1.32,1.33,0.2,1.76,2.25,2.76,1.81,2.91
448,0,1.28,1.61,2.16,2.11,2.32,2.9,3.37,2.64
449,0,0.9,1.52,2.05,1.73,1.91,2.31,2,1.72
450,0,1.25,1.7,0.72,1.75,1.48,1.4,1.73,3.5
451,0,0.07,0.25,0.35,1.32,0.74,1.6,1.18,0.6
452,0,1.04,1.17,1.59,1.97,1.47,1.08,2.04,1.67
453,0,1.01,2.13,1.39,2.08,2.15,2.77,2.63,2.48
454,0,3,2.51,2.12,2.15,3.03,3.45,3.73,4.04
455,0,3.04,2.37,2.37,2.4,3.2,3.03,2.9,3.72
456,0,1.69,2.07,1.55,1.73,1.49,2.11,1.16,1.1
457,0,2.22,0.48,1.85,1.71,2.9,2.34,2.55,2.66
458,0,1.17,0.96,0.6,1.54,1.43,1.71,0.87,0.68
459,0,2.03,2.56,2.13,1.95,2.43,2.93,2.22,2.53
460,0,1.7,1.68,2.34,2.1,1.95,1.44,2.28,2.57
461,0,1.51,1.19,1.39,1.75,1.86,2.53,2.82,2.9
462,0,1.02,1.29,1.48,1.94,1.54,1.5,0.6,1.56
463,0,0.76,1.31,0.87,1.72,1.18,1.06,0.29,0.91
464,0,1.75,1.38,1.7,1.47,2.17,2.05,2.19,2.7
465,0,2.17,2.1,3.01,2.14,2.64,2.35,2.5,3.01
466,0,1.55,1.34,1.57,1.99,2.57,2.44,2.66,3.59
467,0,0.84,1.2,1.43,1.56,3.23,2.3,2.78,2.06
468,0,0.8,0.61,0.52,1.11,2.07,1.66,1.82,1.56
469,0,1.51,1.07,1.27,1.93,2.16,1.89,1.24,2.33
470,0,1.9,2.44,1.05,1.81,2.27,2.74,2.12,1.67
471,0,1.34,1.72,1.12,1.35,3.08,2.63,2.59,1.87
472,0,1.14,0.6,2.42,1.96,1.38,1.82,2.39,1.56
473,0,1.22,1.96,2.2,2.17,1.96,2.14,2.94,2.84
474,0,1.27,0.2,0.27,1.46,1.91,2.05,1.82,1.54
475,0,1.42,2.83,2.33,2.06,2.44,2.33,1.72,1.88
476,0,1.01,2.55,0.88,1.66,1.97,1.98,1,2.02
477,0,0.59,0.63,0.7,1.9,1.72,1.99,1.53,1.95
478,0,1.95,3.02,3.86,2.37,1.61,2.21,2.74,2.76
479,0,1.17,1.65,1.91,1.89,1.91,1.33,2.21,2.51
480,0,1.1,1.18,1.37,2.22,1.7,1.84,1.42,2.66
481,0,1.23,2.44,1.39,2.04,1.59,2.91,2.54,3.17
482,0,2.36,2.76,2.99,1.78,2.36,1.95,2.21,1.47
483,0,1.22,0.71,1.15,1.7,1.57,1.78,2.41,1.83
484,0,1.66,1.37,1.53,1.77,2.18,1.92,1.02,1.08
485,0,2.28,1.69,1.96,2.04,2.76,3.25,2.04,3.31
486,0,1.82,1.75,1.37,2.12,2.44,2.31,1.8,2.87
487,0,1.39,1.61,2.32,2.14,1.83,2.35,2,2.74
488,0,1.14,0.68,2.3,1.89,2.11,1.55,2.25,2.48
489,0,2.28,2.2,2.11,1.92,2.49,2.55,1.69,2.16
490,0,1.17,0.97,2.36,2.16,1.8,1.76,2.86,2.42
491,0,1.09,1.02,0.18,1.68,3.1,2.15,1.61,2.62
492,0,1.89,1.77,1.52,1.86,2.36,1.81,2.6,2.62
493,0,0.76,1.27,0.79,1.65,1.63,1.42,1.06,1.32
494,0,1.36,1.29,1.33,1.74,2.32,1.69,2.62,2.6
495,0,1.01,1.85,1.36,1.59,1.42,1.74,1.29,0.64
496,0,1.58,2.18,3.03,2.41,3.05,3.15,3.57,3.92
497,0,0.5,0.62,1.16,1.75,1.03,1.96,1.59,3.7
498,0,1.79,2.04,2.26,1.85,2.03,1.82,2.62,2.78
499,0,1.39,0.38,1.73,1.67,2.71,2.13,1.88,1.57
500,0,1.52,1.08,1.82,1.9,2.14,2.34,1.59,1.55
501,0,0.95,1.12,1.47,2.09,2.34,2.46,1.95,1.5
502,0,1.99,1.44,1.64,2.18,2.12,1.05,1.06,2.9
503,0,0.44,0.61,0.49,1.61,1.24,1.35,1.26,2.51
504,0,2.11,2.05,1.55,1.91,2.07,2.22,2.14,3.13
505,0,1.28,1.63,1.82,1.86,3.11,2.24,1.44,1.66
506,0,2.37,2.34,1.62,1.57,2.96,2.41,2.18,1.71
507,0,1.76,2.12,2.44,2.01,2.45,2.88,2.11,2.03
508,0,1.61,1.81,1.99,2.03,3.06,2.62,2.81,2.83
509,0,1.66,2.13,2.14,2.27,1.98,2.53,2.9,2.33
510,0,1.44,1.76,1.51,1.74,2.46,1.64,1.94,2.23
511,0,0.53,2.05,2.22,2.1,1.74,2.87,2.8,2.94
512,0,2.84,2.07,2.98,2.04,3.01,2.69,2.69,2.36
513,0,1.55,1.02,1.65,1.89,2.92,1.84,2.08,1.66
514,0,1.35,1.45,1.67,2.49,2.94,2.92,2.33,3.83
515,0,2.34,1.45,1.88,1.98,1.27,2.14,1.83,2.62
516,0,1.9,1.79,2.02,2,2.01,1.54,1.55,1.52
517,0,1.55,1.65,1.74,2.18,2,1.55,3.38,3.38
518,0,2.76,2.32,1.24,1.96,2.99,2.77,2.9,3.07
519,0,0.13,1.12,1.2,1.68,0.78,1.54,1.98,1.47
520,0,1.86,2.28,2.77,2.14,3.32,3.15,4.14,4.45
521,0,2.57,2.2,2.22,1.85,3.41,3.5,2.71,2.84
522,0,1.35,1.02,2.02,1.58,2.23,1.42,1.95,1.66
523,0,1.51,2.03,1.98,2.17,3.08,3.49,3.31,2.84
524,0,2.45,1.21,2.35,1.89,1.75,2.41,2.75,2.41
525,0,1.35,1.36,1.39,1.81,1.46,1.96,1.85,2.46
526,0,0.88,1.02,1.66,1.35,1.66,2.13,1.42,1.76
527,0,1.24,0.25,0.34,1.02,1.64,1.24,1.72,0.32
528,0,2.19,2.04,2.28,2.39,2.97,2.93,2.88,3.58
529,0,1.96,1.65,2.02,1.74,2.48,1.95,2.18,2.1
530,0,0.84,0.02,0.86,1.42,1.58,1.69,1.39,0.6
531,0,1.04,0.32,0.95,1.29,2.22,2.15,2.01,2.24
532,0,1.2,2.17,2.13,2.02,2.83,2.64,3.69,2.3
533,0,1.7,1.9,0.98,1.53,1.36,1.26,1.99,2.3
534,0,0.47,0.87,0.63,1.38,1.02,1.18,1.31,1.14
535,0,2.12,0.97,1.36,1.84,2.46,1.8,1.64,2.29
536,0,1.29,2.23,1.05,1.92,2.01,3.03,1.62,2.86
537,0,2.05,1.15,1.3,2.01,2.32,1.88,2.68,2.86
538,0,1.97,2,1.78,2.25,3.4,3.15,2.57,3.57
539,0,1.52,1.42,1.15,2,1.71,0.92,2.3,2.85
540,0,1.22,1.73,1.14,1.46,1.36,1.89,1.33,2.06
541,0,1.64,1.8,1.09,2.06,1.55,1.07,1.88,2.4
542,0,2.45,1.97,2.41,2.12,2.76,3.4,2.66,2.53
543,0,0.95,1.5,1.49,1.58,1.62,2.45,2.29,1.75
544,0,1.39,1.38,1.24,1.75,1.74,2.06,1.28,2.05
545,0,2.38,1.79,1.75,1.78,3.09,2.67,2.11,2.84
546,0,1.7,2.56,2.81,2.19,2.86,2.99,2.49,1.61
547,0,1.55,2.15,1.49,1.95,3.1,2.48,3.02,3.7
548,0,2.25,2.11,1.94,1.94,3.34,1.84,2.39,1.61
549,0,2.44,1.43,1.16,1.94,2.75,1.06,0.38,1.63
550,0,0.15,1.75,1.31,1.57,1.66,2.58,1.85,2.29
551,0,2.51,2.28,3.36,2.11,2.24,3,2.82,1.76
552,0,1.54,2.25,1.69,2.39,2.4,2.29,2.72,3.47
553,0,1.09,1.77,1.93,1.86,1.48,1.6,1.93,1.69
554,0,1.98,2.16,3.16,2.06,2.05,2.26,2.59,2.7
555,0,2.98,1.9,1.65,1.91,3.03,2.1,1.61,2.09
556,0,0.84,1.38,1.83,1.64,1.7,2.16,2.46,2.96
557,0,1.77,1.01,1.3,1.36,1.02,1,1.74,1.17
558,0,2.31,2.1,2.6,2.29,2.22,2.04,1.7,2.61
559,0,1.6,1.85,1.66,2.18,2.53,2.53,1.83,2.23
560,0,0.79,1.73,1.33,1.89,0.72,1.68,1.21,1.89
561,0,1.6,0.96,1.31,1.47,1.16,0.67,1.55,1.38
562,0,1.81,1.69,1.47,1.77,1.36,1.57,0.78,0.71
563,0,2.03,1.71,2.67,1.81,1.21,1.38,2.78,1.1
564,0,1.12,2.1,1.65,1.45,1.86,2.38,2.62,1.65
565,0,2.89,2.07,2.27,1.87,3.3,3.07,2.33,2.16
566,0,1.59,2.53,2.25,2.14,2.68,2.39,2.47,3.1
567,0,0.48,1.39,0.56,1.43,1.83,1.84,1.94,1.3
568,0,1.57,1.41,1.58,1.72,3.01,1.83,1.69,2
569,0,0.95,1.18,1.73,1.96,2.08,1.73,2.31,2.12
570,0,1.42,0.97,1.83,1.78,3.47,2.34,3.19,3.32
571,0,2.6,2.7,3,2.28,2.6,2.77,2.93,2.41
572,0,1.43,0.7,1.33,1.44,1.45,1.44,2.94,1.39
573,0,1.26,1.17,1.54,1.49,1.51,1.41,2.56,2.1
574,0,2.25,2.13,2.7,1.81,1.44,1.71,2.25,1.54
575,0,1.9,1.23,1.76,1.76,2.52,1.69,2.03,1.74
576,0,2,2.2,2.2,1.83,2.75,2.62,2.45,1.99
577,0,1.39,0.56,0.49,1.52,1.36,1.79,2.57,1.77
578,0,1.59,1.81,0.74,1.61,3.1,2.31,2.21,3.08
579,0,1.51,0.4,1.65,1.65,0.96,0.49,0.61,1.36
580,0,1.6,0.54,0.49,1.79,2.16,1.92,1.34,1.68
581,0,0.83,1.57,1.33,1.63,2.18,1.96,2.45,1.99
582,0,2.06,2.06,2.53,1.91,3.01,2.88,3.64,2.15
583,0,1.25,1.7,1.54,2.03,1.66,1.81,1.9,2.08
584,0,1.67,1.05,1.29,2.16,3.05,2.46,1.68,3.19
585,0,2.3,1.84,1.98,2.07,2.71,2.62,1.52,1.51
586,0,1.14,0.93,1.72,1.89,1.48,1.23,0.9,1.3
587,0,0.52,0.97,1.2,1.59,2.07,2.43,1.92,0.83
588,0,1.36,1.98,1.75,1.81,2.64,2.43,2.84,2.33
589,0,2.05,1.8,2.24,2.11,2.49,2.97,2.63,2.86
590,0,2.16,1.57,1.45,1.47,2.31,1.05,2.12,1.21
591,0,0.9,0.92,0.25,1.41,0.79,0.87,1.2,1.2
592,0,1.32,0.74,0.89,1.59,0.72,1.19,1.34,1.06
593,1,1.57,0.82,1.57,1.96,1.85,1.76,0.73,2.49
594,1,1.04,1.97,2.24,2.61,2.13,1.89,1.62,3.21
595,1,2.05,1.23,0.7,2.65,2.44,3.17,3.22,4.19
596,1,1,1.17,1,1.8,2.82,2.65,3.13,1.29
597,1,1.99,2.57,2.32,3.26,1.57,2.81,2.5,2.71
598,1,0.77,2.86,2.78,2.39,1.95,3.56,2.23,2.71
599,1,1.57,2.03,0.14,1.48,3.14,2.09,1.39,1.14
600,1,2.27,1.33,4,3.27,3.07,2.43,1.52,2.61
601,1,2.5,2.09,1.55,3.58,2.54,2.02,2.47,2.9
602,1,2.83,0.63,1.05,2.65,2.69,1.64,2.66,1.02
603,1,1.64,3.01,2.3,2.89,1.45,2.44,1.2,2.4
604,1,1.2,0.73,1.49,3.87,1.83,1.95,1.97,1.82
605,1,1.39,2.2,2.07,2.85,2.74,2.68,2.28,2.57
606,1,2.87,2.08,2.23,0.82,1.4,2.63,1.23,2.33
607,1,1.72,2.86,2.55,1.85,2.96,2.57,2.42,3.32
608,1,2.23,3.11,2.08,2.8,2.93,1.81,2.16,1.21
609,1,1.91,1.58,1.96,1.79,1.93,1.92,1.9,2.03
610,1,3.06,1.39,2.92,1.63,2.46,1.62,1.55,2.74
611,1,1.85,0.93,2.78,1.81,2.33,2.61,1.45,1.84
612,1,3.22,2.68,1.05,2.03,1.33,3.14,2.37,2.15
613,1,2.79,3.08,0.36,2.81,1.91,2.88,1.73,2.88
614,1,1.32,2.43,1.21,2.34,3.85,3.28,3.06,1.55
615,1,3.02,2.87,1.76,2.01,1.74,2.98,1.71,2.11
616,1,1.12,2.77,1,1.29,1.02,1.84,2.6,1.29
617,1,3.16,2.34,1.84,2.33,2.54,2.46,2.58,2.38
618,1,2.3,2.07,2.01,1.06,3.17,1.87,3.03,1.91
619,1,2.99,1.43,1.8,2.21,2.25,2.87,3.61,3.05
620,1,1.92,2.1,0.74,2.7,2.73,3.53,1.91,1.38
621,1,2.04,1.5,1.24,1.62,2.12,2.66,2.79,3.05
622,1,1.9,1.19,2.44,2.5,1.84,2.16,2.24,2.64
623,1,1.02,2.27,3.23,0.96,1.73,3.03,4.46,2
624,1,2.6,0.86,1.48,2.31,0.91,2.8,3.6,1.01
625,1,3.14,1.24,1.23,1.31,2.33,2.02,2.33,2.15
626,1,1.36,2.45,1.46,2.05,1.79,2.99,3.38,1.96
627,1,2.6,3.64,2.61,2.69,2.9,2.09,1.61,3
628,1,1.84,2.22,1.57,0.41,2.77,2.55,2.24,1.15
629,1,2.03,1.6,1.67,3,2.91,2.62,2.15,2.45
630,1,1.75,1.45,1.86,2.45,2.36,2.45,4.18,0.71
631,1,0.71,2.65,2.19,2.49,1.55,0.91,2.5,2.75
632,1,0.59,3.13,3.29,2.08,3.08,2.25,2.45,2.87
633,1,1.94,2.83,1.78,1.22,2.33,3.93,2.69,2.54
634,1,0.24,1.71,2.96,1.98,2.1,2.26,1.94,0.81
635,1,2.76,1.59,0.99,1.72,2.23,2.24,2.35,2.99
636,1,1.43,2.11,1.19,2.45,3.28,3.22,3.06,3.03
637,1,2.7,3.31,1.28,4,2.46,4.39,4.04,3.2
638,1,1.44,2.62,2.13,2.21,4.43,2.63,2.41,2.46
639,1,0.54,1.48,0.93,2.83,2.25,1.45,3.57,3.16
640,1,2.37,2.69,1.29,1.98,2.57,1.47,4.47,3.44
641,1,2.88,2.21,1.07,3.18,3.33,2.58,2,2.86
642,1,2.37,1.52,1.71,2.46,2.99,4.09,1.52,1.92
643,1,3.06,2.26,2.71,1.57,1.96,2.58,1.66,3.35
644,1,1.01,2.86,2.33,1.21,3.55,2.47,2.08,2.84
645,1,1.85,1.94,1.65,2.75,1.39,2.44,2.24,2.11
646,1,2.53,2.52,2,2.71,0.93,1.58,2.45,3.6
647,1,1.09,0.85,2.27,2.29,1.11,2.33,2.16,2.52
648,1,1.16,1.69,1.66,3.21,1.82,2.04,0.96,2.41
649,1,1.51,2.89,3,1.97,1.05,2.05,2.38,1.63
650,1,1.48,2.55,3.35,1.25,1.79,0.57,2.99,2.88
651,1,2.71,2.19,1.77,0.63,2.72,3.28,2.87,1.87
652,1,1.4,2.09,2.15,2.62,3.19,3.2,2.65,1.5
653,1,1.34,1.21,3.04,0.95,1.44,2.48,3.04,2.68
654,1,2.54,1.9,1.64,0.89,2.18,3.37,2.52,3.5
655,1,2.34,2.35,1.53,2.42,1.45,3.19,1.6,1.9
656,1,2.96,1.62,3.1,2.14,1.93,2.05,3.06,1.18
657,1,0.84,2.6,3.2,3.97,2.86,2.98,3.24,1.82
658,1,1.87,2.28,2.16,3.5,3.18,3.48,3.31,3.27
659,1,0.83,2.67,0.74,2.34,2.59,1.75,3.49,2.64
660,1,1.72,2.62,2.56,3.28,2.97,3.55,2.14,1.65
661,1,3.21,1.84,2.55,2.91,1.07,2.73,1.74,1.69
662,1,4,0.86,1.45,0.96,3.11,1.65,2.26,2.79
663,1,2.92,3.53,1.05,2.34,3.47,3.18,2.79,2.73
664,1,3.71,3.16,1.73,2.18,1.35,2.14,2.12,1.35
665,1,2.62,2.85,3.63,3.07,2.54,3.87,1.65,2.83
666,1,1.66,0.73,0.79,2.12,2.59,2.61,2.28,2.48
667,1,1.97,1.45,1.56,2.54,3.51,2.38,4.11,1.62
668,1,2.27,2.32,2.01,2.97,1.23,2.21,2.4,3.07
669,1,1.38,0,3.06,3.07,3.04,2.17,0.43,2.64
670,1,3.19,1.76,1.6,2.25,2.34,2.11,2.95,3.37
671,1,1.39,2.39,2.25,1.36,3.32,2.65,3.25,1.95
672,1,1.83,1.97,2.67,2.47,3.29,2.08,2.22,1.75
673,1,1.77,1.84,3.65,1.38,3.03,3.25,1.71,1.79
674,1,1.71,2.69,1.87,1.39,3.12,2.42,1.48,3.05
675,1,1.87,2.29,1.82,2.99,1.65,2.17,3.2,3.56
676,1,1.46,2.45,1.13,1.87,2.82,1.34,2.43,2.48
677,1,2.49,1.48,1.75,3.13,1.87,2.48,3.18,1.94
678,1,2.09,2.09,1.17,1.96,3.53,3.4,2.38,1.03
679,1,2.62,1.27,1.95,1.49,2.15,2.3,1.77,2.77
680,1,1.19,2.53,1.55,2.54,2.41,1.1,2.18,1.55
681,1,1.43,2.52,1.58,2.72,1.88,2.97,3,3.52
682,1,4,2.36,2.71,3.08,3.34,3.18,1.38,2.45
683,1,2.75,3.27,1.95,2.37,0.66,1.56,3.85,1.57
684,1,2.88,1.73,2.13,2.23,1.75,1.33,3.18,1.62
685,1,1.86,2.02,3.03,1.88,2.64,2.37,2.18,2.88
686,1,0.8,2.17,1.94,2.58,1.41,2.67,1.72,2.25
687,1,2.37,2.4,1.57,0.25,3.02,2.66,2.77,2.91
688,1,3.47,2.35,2.4,2.4,1.86,2.28,2.15,2.01
689,1,2.54,2.29,1.48,2.21,1.09,1.75,2.72,3.03
690,1,2.58,2.53,2.68,3.81,1.7,2.64,3.82,1.17
691,1,2.07,2.24,1.86,1.12,2.5,2.36,1.33,1.58
692,1,2.15,2.98,1.81,2.66,1.34,2.05,2.59,2.48
693,1,0.68,2.26,3.76,1.66,3.54,2.77,3.97,2.38
694,1,3.01,3.27,2.37,3.74,1.84,1.27,3.11,3.81
695,1,1.83,3.38,2.26,2.92,2.63,2.89,2.61,2.31
696,1,2.47,0.78,3.08,3.79,1.5,2.6,1.17,1.55
697,1,1.31,1.61,2.19,2.9,1.8,2.86,2.08,1.83
698,1,1.86,1.75,1.47,1.6,1.49,1.32,2.33,3.48
699,1,1.29,2.05,3.51,2.03,2.94,2.94,0.9,1.88
700,1,1.47,2.55,3.23,3.01,2.53,0.96,2.85,1.55
701,1,1.14,1.56,1.66,3.27,1.76,3.93,3.05,2.04
702,1,1.26,2.37,2.08,4,1.3,3.14,2.04,4.39
703,1,2.27,2.18,2.38,3.26,2.1,3.19,3.73,2.55
704,1,2.61,1.69,0.78,2.39,1.92,3.04,3.05,1.85
705,1,1,2.58,1.61,2.3,2.2,1.69,1.76,3.05
706,1,3.01,1.1,1.72,2.04,2.63,3.87,1.92,2.56
707,1,1.35,3.26,2.22,2.83,1.78,3.99,3.05,2.58
708,1,3.16,2.84,1.72,2.03,1.15,2.52,2.15,2.88
709,1,1.89,2.31,2.81,2.26,2.16,0.9,1.71,2.4
710,1,2.99,1.63,2.8,2.62,0.57,2.42,2.18,2.34
711,1,3.08,0.68,2.83,1.03,2.63,3.11,2.75,2.24
712,1,3.7,2.01,1.43,3.87,2.75,1.04,2.18,1.62
713,1,2.99,1.72,2.74,2.23,2.16,2.69,2.12,2.17
714,1,2,1.35,0.35,1.44,3.51,3.31,3.28,2.19
715,1,2.15,1.05,2.6,0.92,1.68,2.22,2.76,2.33
716,1,1.78,2.13,0.79,1.16,1.62,1.77,2.18,2.83
717,1,1.94,1.37,2.44,2.86,1.31,2.36,3.57,1.49
718,1,2.37,1.55,1.32,2.37,3.63,2.14,1,1.61
719,1,1.41,1.85,1.76,1.94,3.08,3.15,1.95,2.62
720,1,2.93,2.44,2.22,3.33,1.83,1.89,2.7,1.6
721,1,1.87,3.41,4,2.38,2.32,0.83,2.91,1.52
722,1,1.92,2.52,1.2,3.71,2.55,3.44,1.91,1.76
723,1,3.56,2.27,2.52,3.6,2.22,2.62,2.89,1.38
724,1,1.89,1.56,3.58,2,2.68,2.3,2.77,2.6
725,1,2.4,1.79,2.22,1.56,1.85,3.03,2.62,2.36
726,1,1.71,1.32,3.11,2.22,2.34,3.57,2.24,3.14
727,1,0.56,2.78,3.28,1.98,2.73,2.39,2.3,2.68
728,1,2.75,2.78,1.86,2.17,0.85,2.64,2.91,2.08
729,1,1.88,2.04,2.23,2.39,3.6,4.09,1.91,3.06
730,1,3.09,1.91,3.25,2.89,3.1,4.03,2.6,3
731,1,2.6,2.54,1.39,3.39,2.9,2.58,3.96,2.07
732,1,1.55,2.51,0.92,2.14,2.27,3.43,1.54,2.4
733,1,1.26,3,2.57,0.83,1.68,3.35,2.95,2.32
734,1,2.3,2.39,2.86,2.86,1.33,3.06,2.2,3.42
735,1,2.2,2.01,1.28,2.13,2.31,2.54,2.76,2.46
736,1,2.62,3.15,2.03,2.68,2.54,1.78,2.45,2.23
737,1,2.94,2.09,2.43,2.64,3.08,3.52,0.55,2.2
738,1,1.93,1.3,2.91,2.76,1.34,1.69,2.45,1.47
739,1,2.32,1.06,1.82,3.48,4.16,2.85,3.07,3.76
740,1,2.33,1.49,1.96,1.82,1.42,0.97,2.47,2.09
741,1,2.16,1.13,2.75,2.5,1.82,2.28,2.16,2.59
742,1,1.08,2.56,1.4,3.02,3.18,2.03,3.05,2.41
743,1,0.37,2.39,1.47,1.41,3.28,2.18,3.74,1.99
744,1,1.85,2.12,1.82,1.83,2.56,1.52,3.14,0.81
745,1,1.03,1.41,1.99,2.51,0.87,2.18,2.03,3.42
746,1,2.84,2.46,1.46,1.48,1.73,3.12,3.33,2.5
747,1,1.13,2.53,1.7,2.2,1.73,2.32,2.62,2.3
748,1,1.71,2.08,1.19,1.77,1.81,2.45,1.06,1.53
749,1,2.03,1.83,2.59,1.95,2.17,2.43,1.6,2.01
750,1,1.81,1.2,2.09,1.99,2.4,1.89,2.09,2.2
751,1,2.02,2,1.36,2.29,1.98,2.46,1.98,2.69
752,1,3.5,2.11,3.22,2.18,1.96,1.07,1.42,3.76
753,1,3.79,1.85,1.94,1.23,2.88,2.38,2.09,1.33
754,1,2.77,2.29,2.58,2.3,3.1,2.23,2.72,2.68
755,1,1.58,1.69,0.71,3.35,1.36,1.48,2.16,1.93
756,1,2.7,2.24,2.72,1.79,0.96,3.07,1.69,3.27
757,1,2.23,1.09,2.23,1.9,1.84,1.49,2.24,3.13
758,1,1.93,1.43,1.94,1.95,2.18,1.33,2.36,1.61
759,1,2.83,2.03,1.87,1.03,3.4,2.54,2.59,1.9
760,1,1.93,1.5,2.95,2.44,3.16,2.91,2.74,1.09
761,1,2.85,1.36,2.23,4,3.63,4.9,2.05,2.62
762,1,0.82,1.04,2.29,2.56,3.52,2.99,3.41,2.27
763,1,3.44,1.62,0.71,3.89,0.53,2.99,1.05,3.85
764,1,1.51,1.14,2.5,1.89,1.91,1.92,2.48,2.85
765,1,1.24,1.05,3.53,1.16,3.7,1.94,2.57,2.2
766,1,2.36,2.29,1.32,2.54,1.94,2.76,1.95,2.44
767,1,3.62,1.85,1.66,2.43,2.11,1.61,1.85,3.58
768,1,2.99,2.28,1.69,3.16,2.32,2.18,3.02,2.98
769,1,2.07,2.77,2.19,1.9,3.51,0.84,2.41,1.94
770,1,1.63,2.19,1.42,2.8,1.54,3.34,1.98,3.32
771,1,2.24,0,3.39,3.55,1.89,3.27,2.89,3.07
772,1,0.75,0.98,1.11,3.07,2.57,3.71,1.46,1.56
773,1,2.49,1.21,2.05,2.14,2.91,1.68,2.55,3.03
774,1,2.27,3.37,2.22,2.05,2.37,1.57,2.73,3.68
775,1,3.21,1.27,1.55,1.98,2.32,2.56,1.02,2.13
776,1,2.62,2.98,3.51,2.64,1.61,2.41,2.54,2.82
777,1,2.73,2.68,0.74,3.11,3.18,3.26,1.55,1.95
778,1,2.03,1.23,1.05,3.55,1.74,2.77,2.9,2.23
779,1,1.98,0.22,2.45,3.29,2.07,2.51,1.66,3.26
780,1,2.49,1.43,2.33,1.9,3.06,1.65,2.35,2.87
781,1,2.51,1.65,3.45,3.34,3.58,1.25,2.21,2.11
782,1,1.15,0.79,2,1.49,1.41,2.37,1.69,1.13
783,1,1.95,1.83,3.15,1.63,1.83,2.98,1.31,3.28
784,1,2.43,2.07,3.09,3.06,2.29,2.7,2.24,1.48
785,1,1.14,2.81,3.07,2.97,1.36,2.27,2.01,2.59
786,1,1.17,2.95,3.27,2.63,1.38,2.92,2.06,3.48
787,1,1.88,0.82,2.54,2.68,2.47,1.41,0.34,1.74
788,1,1.52,2.66,1.61,0.79,1.88,2.71,2.5,3.4
789,1,2.55,2.94,2.07,2.43,3.2,2.66,3.3,2.79
790,1,0.75,2.13,1.17,2.8,1.08,1.64,2.6,2.88
791,1,1.42,1.58,1.65,2.1,2.57,2.33,2.24,2.01
792,1,2.52,2.81,3.14,1.35,2.21,2.04,1.88,1.85
793,1,1.83,3.05,2.19,3.54,1.21,0.95,3.47,3.07
794,1,1.36,2.53,1.99,1.13,2.32,3.87,2.63,1.96
795,1,1.64,2.12,2.63,2.2,0.48,0.02,2.53,1.73
796,1,1.21,1.98,2.59,4,1.72,3.72,2.74,3.11
797,1,2.28,2.11,2.02,3.01,0.85,3.5,2.43,1.98
798,1,2.52,2.4,2.34,0.33,2.46,3.18,1.53,3.15
799,1,2.21,2.03,1.74,4,1.95,2,1.62,2.37
800,1,2.8,2.37,1.19,0.61,2.02,2.75,3.17,2.25
801,1,2.35,2.97,2.53,2.68,1.97,1.45,3.1,2.97
802,1,2.5,1.68,1.79,1.96,2.46,3.64,2.24,0.63
803,1,2.27,2.68,0.77,2.24,2.6,2.44,0.71,3.25
804,1,1.97,0.92,2.18,2.12,0.87,3.89,2.21,3.27
805,1,1.25,1.17,1.85,2.36,2.03,0.78,1.6,2.94
806,1,1.52,1.78,0.69,1.87,1.14,3.15,1.68,2.48
807,1,2.55,2.05,1.68,3.47,2,2.06,1.58,1.91
808,1,2.96,1.5,2.19,3.1,2.72,2.41,3.14,1.28
809,1,2.25,1.38,1.31,2.72,2.96,2.63,2.24,3.35
810,1,1.88,2.45,2.7,1.85,3.27,1.96,2.7,3.04
811,1,2.17,0.88,2.85,0,2.22,2.5,1.19,2.43
812,1,1.93,2.24,1.5,1.41,1.63,1.7,1.64,1.59
813,1,1.29,1.97,1.64,2.27,2.3,1.3,2.98,1.98
814,1,2.86,0.81,2.38,2.99,2.07,1.56,2.93,2.33
815,1,1.75,3.74,0.66,1.85,1.91,2.52,2.42,4.42
816,1,2.01,3.59,2.68,3.14,2.86,1.95,3.6,3.01
817,1,1.93,2.64,3.28,2.37,1.66,1.54,3.36,2.43
818,1,2.43,0.95,2.31,1.91,1.86,1.81,2.92,2.25
819,1,2.31,2.94,3.17,2.87,2.11,2.42,2.37,0.83
820,1,1.73,1.5,1.9,0.98,0.06,1.48,3.5,2.35
821,1,2.2,1.06,1.45,1.15,2.06,2.96,2.73,3.41
822,1,1.59,1.59,0.38,2.54,1.88,1.6,3.42,2.22
823,1,1.4,3.2,2.67,3,2.89,2.34,3.39,3.15
824,1,1.82,2.64,2.95,2.08,1.97,1.7,2.66,4.38
825,1,1.77,3.2,1.69,0.44,2.1,2.46,3.41,3.09
826,1,1.38,1.99,1.61,1.47,1.45,1.34,1.49,4.22
827,1,2.44,1.44,2.17,2.19,2.67,1.64,0.75,3.04
828,1,2.6,1.87,3.6,1.92,2.57,0.63,4.01,2.33
829,1,0.91,2.59,2.36,3.66,2.47,2.95,2.39,4
830,1,1.59,1.81,1.92,3.07,3.08,2.06,2.64,3.93
831,1,3.53,4,2.23,3.54,2.03,1.85,2.92,2.48
832,1,1.41,2.27,1.29,2.34,2.42,3.49,3.15,2.62
833,1,3.35,1.8,2.13,1.63,2.52,1.52,2.71,2.07
834,1,2.11,0.35,3.26,1.68,1.77,1.58,2.75,2.41
835,1,1.33,1.99,1.94,3.12,3.1,3,2.67,2.07
836,1,0.43,1.97,2.2,2.88,1.98,1.57,2.33,2.36
837,1,1.84,3.29,1.33,1.59,2.52,2.46,1.14,1.06
838,1,1.9,0.26,2.59,2.44,2.82,2.65,1.57,2.6
839,1,2.99,1.24,2.03,0.98,2.22,2.83,1.46,2.61
840,1,1.53,1.56,2.13,3.54,1.57,2.79,2.5,3.45
841,1,1.3,3.09,2.17,2.53,2.48,1.37,2.22,1.72
842,1,2.23,2.93,2.13,0.39,0.98,2.8,1.44,3.11
843,1,3.6,2.31,2.16,1.47,2.19,1.79,1.56,1.92
844,1,2.98,2.64,1.3,2.62,1.93,1.33,2.78,2.53
845,1,1.62,0.99,1.71,2.89,2.9,3.77,3.74,1.74
846,1,3.08,2.2,1.64,2.19,1.98,0.53,2.5,3.04
847,1,1.52,1.97,2.37,2.17,3.48,1.55,2.75,2.26
848,1,1.37,0.57,1.97,3.02,3.24,1.77,2.78,3.15
849,1,2.49,1.28,3.51,1.37,2.72,3.9,2.94,1.23
850,1,2.33,1.37,1.99,1.87,3.05,1.9,2.96,2.32
851,1,0.95,1.63,2.51,1.69,2.59,2.08,4.36,1.5
852,1,1.7,1.67,2.8,3.2,2.98,1.42,3.67,1.77
853,1,3.26,2.3,1.9,3.51,2.97,3.31,3.17,3.22
854,1,2.26,2.08,2.28,1.36,2.7,1.25,2.47,2.51
855,1,2.95,0.7,3.12,2.8,2.01,2.36,1.31,0.9
856,1,0.97,2.24,2.58,2.49,1.69,1.73,1.43,2.36
857,1,1.16,2.75,2.84,2.24,2.41,3.07,3.54,2.48
858,1,1.69,2.97,2.7,2.92,3.4,1.78,2.06,1.79
859,1,2.12,0.11,3.25,3.13,2.21,0.75,2.26,2.92
860,1,3.44,3.69,2.21,1.56,3.37,3.4,3.41,3.17
861,1,0,2.23,1.81,2.58,2.65,2.64,2.15,2.29
862,1,1.76,1.95,2.5,1.7,1.23,2.05,1.73,2.77
863,1,1.55,2.76,1.65,2.41,1.8,1.42,2.56,2.54
864,1,3.22,2.48,3.13,2.98,2.03,1.13,2.25,1.92
865,1,2.38,2.02,3.87,1.13,2.7,2.88,3.26,1.31
866,1,2.81,2.51,2.38,2.01,0.78,1.58,1.29,2.95
867,1,1.99,2.42,1.09,2.47,2.86,1.25,2.23,1.43
868,1,2.35,2.7,2.78,2.96,1.53,3,2.79,2.28
869,1,1.56,2.89,2.52,2.65,1.02,3.1,3.59,1.51
870,1,2.7,1.24,2.74,1.89,2.9,1.74,3.49,3.01
871,1,1.36,2.71,0.83,1.92,2,2.15,2.04,2.79
872,1,1.93,2.23,2.2,2.11,0.6,2.78,1.47,2.2
873,1,2.14,1.56,2.18,1.91,3.02,2.99,0,2.74
874,1,2.93,3.55,1.63,0.66,2.84,2.74,3.4,2.24
875,1,2.47,3.51,3.51,0.69,2.77,2.04,2.6,1.92
876,1,2.19,2.57,1.73,3.12,3.3,2.2,2.15,3.49
877,1,2.17,2.29,1.65,2.17,3.94,3.04,1.52,1.59
878,1,0.75,1.9,2.02,2.9,3.13,2.65,2.48,1.29
879,1,1.95,1.47,1.83,2.87,2.83,3.78,3.11,2.17
880,1,2.83,2.83,1.89,2.76,2.65,0.99,1.89,2.22
881,1,0.94,1.07,2.94,0.03,2.53,3,2.58,2.15
882,1,2.54,2.83,3.09,1.16,1.33,2.33,2.87,2.43
883,1,1.81,1.76,1.57,3.07,3.99,2.09,3,3.23
884,1,1.97,2.83,1.77,2.8,1.96,1.02,1.47,1.94
885,1,3.08,3.35,2.37,2.68,1.5,0.71,2.26,2.35
886,1,1.86,1.36,1.12,1.99,3.15,3.7,1.78,2.93
887,1,2.98,1.32,2.25,2.45,2.67,3.4,1.26,3.05
888,1,2.3,1.75,2.35,4,2.25,1.54,1.37,1.17
889,1,1.4,4,1.94,3.59,1.17,3.45,1.86,1.5
890,1,1.38,1.98,1.39,3.01,2.78,3.75,2.63,2.47
891,1,2.24,2.14,3.08,2.73,3.06,3.32,2.52,5
892,1,2.15,1.49,1.7,1.54,1.54,2.83,3.23,0.94
893,1,1.79,1.65,1.64,1.59,2.43,2.63,2.53,2.97
894,1,2.4,2.28,0.93,3.65,3.36,2.24,3.13,2.1
895,1,3.02,0.8,1.34,1.32,2.52,1.43,2.76,3.62
896,1,1.55,3.99,1.83,1.36,3.1,1.96,3.03,2.47
897,1,1.19,1.9,2.68,2,0.97,1.24,1.72,2.69
898,1,2.72,2.46,2.23,3.36,2.22,3.01,2.82,2.11
899,1,0.05,3.54,2.86,2.01,1.69,3.42,2.11,2.27
900,1,1.23,2.17,4,3.1,3.24,1.55,3.06,2.39
901,1,1.76,2.6,3.14,2.02,1.43,2.99,2.36,2.08
902,1,2.29,1.39,2.36,2.06,2.66,3.12,3.29,4.41
903,1,0.83,4,1.78,2.27,2.62,2.79,3.45,1.1
904,1,1.66,1.84,2.86,3.28,1.43,1.88,2.3,3.45
905,1,1.12,2.66,1.63,2.65,2.57,1.77,2.56,2.24
906,1,2.13,1.65,2.42,4,1.8,1.94,2.78,2.29
907,1,1.33,1.45,2.21,2.22,2.47,1.39,2.29,1.17
908,1,1.22,1.01,3.27,2.58,1.62,1.82,2.71,1.97
909,1,2.96,2.27,2.65,3.14,2.75,2.8,2.19,2.44
910,1,1.45,2.24,2.11,1.7,2.21,2.04,2.39,2.01
911,1,2.62,4,1.76,2.25,2.42,1.76,2.66,2.46
912,1,4,1.94,3.61,2.45,2.75,5,2.65,1.68
913,1,1.83,1.47,1.21,2.44,1.69,3.07,3.02,1.98
914,1,2.66,2.08,1.88,2.05,1.52,3.22,3.2,1.52
915,1,2.04,2.37,3.31,1.76,3.77,0.13,2.63,1.42
916,1,2.24,2.73,2.93,2.16,1.63,3.13,2.11,2.86
917,1,0.77,1.4,2.88,2.29,2.4,1.75,3.46,0.61
918,1,0.89,2.67,2.34,3.11,1.22,1.44,2.87,2.14
919,1,1.7,1.83,1.04,2.77,1.46,2.73,3.09,0.95
920,1,1.59,3,3.14,3.39,2.1,1.82,3.65,0.9
921,1,2.19,2.2,4,2.36,1.7,2.21,2.31,2.96
922,1,2.18,1.14,2.15,3.12,2.37,2.11,2.67,1.46
923,1,1.78,3.08,3.17,1.33,3.34,1.69,3.1,0
924,1,0.76,2.43,2.28,2.29,2.71,2.62,1.45,3.19
925,1,1.96,1.8,2.81,2.06,3.71,3.3,2.7,1.8
926,1,2.2,1.97,2.7,2.47,3.44,1.45,1.85,3.29
927,1,3.46,4,2.2,2.68,2.41,1.96,3.38,2.32
928,1,2.41,2.3,2.6,1.78,2.66,2.24,2.81,2.26
929,1,0.77,1.92,2.36,1.83,2.26,1.43,2.02,1.15
930,1,1.28,2.41,2.48,3.12,2.57,1.41,2.09,1.38
931,1,3.39,2.89,1.95,3.07,2.63,1.21,2.95,2.86
932,1,1.02,2.67,2.38,0.61,1.36,3.06,3.16,2.76
933,1,2.26,0.68,1.11,1.94,2.74,2.81,2.08,2.05
934,1,2.22,2.29,0.94,3.4,1.55,2.68,4.25,2.99
935,1,1.55,2.58,0.9,1.42,2.08,0.72,1.07,3.11
936,1,2.41,2.57,1.96,4,1.81,2.54,2.14,2.73
937,1,1.03,2.33,3.18,3.51,0.89,2.89,2.25,3.21
938,1,1.01,0.12,2.15,2.75,1.51,1.51,2.25,1.61
939,1,1.67,1.99,2.33,1.4,3.09,2,1.8,1.47
940,1,1.58,2.2,2.67,2.84,2.96,2.95,3.23,2.08
941,1,1.71,1.98,3.02,1.9,2.46,2.01,2.63,2.8
942,1,1.78,1.01,1.85,3.5,2.8,2.24,2.66,2.02
943,1,1.57,1.06,2.63,0.64,1.39,1.72,4.14,3.49
944,1,1.56,1.27,3.25,2.44,1.98,2.33,3.45,2.92
945,1,1.75,2.38,2.74,2.98,1.22,1.06,3.1,1.75
946,1,2.16,2.25,1.09,2.79,3.77,1.73,1.97,3.54
947,1,1.63,1.23,3.37,1.42,2.95,0.31,1.7,2.16
948,1,3.45,1.78,2.15,2.01,1.79,1.16,2.33,1.27
949,1,0.73,1.47,2.32,2.27,1.78,3.35,3.42,3.11
950,1,2.02,2.84,2.91,4,2.42,2.63,1.23,2.21
951,1,3.05,2.22,2.47,1.1,1.23,2.35,2.42,1.71
952,1,1.86,3.07,3.54,1.93,1.53,2.29,2.08,1.95
953,1,3.73,1.48,1.06,1.41,2,2.45,1.79,2.34
954,1,2.89,2.11,1.73,1.71,2.98,2.52,2.93,1.94
955,1,2.17,0.25,2.32,2.19,2.38,1.65,2.83,2.24
956,1,1.88,2.6,3.87,1.96,1.58,3.05,2.03,3.54
957,1,2.77,3.06,2.26,2.31,1.99,2.43,2.79,2.72
958,1,1.93,2.07,2.64,1.32,2.04,2.11,2.2,2.22
959,1,0.8,2.73,2.9,3.18,1.78,2.16,2.49,2.62
960,1,1.4,2.59,2.07,3.05,2.05,2.08,1.19,2.48
961,1,0.67,3.07,3.91,3.54,1.85,2.8,2.56,2.26
962,1,0.87,2.24,2.4,1.67,1.26,1.25,3.47,0.81
963,1,1.22,2.72,1.47,2.04,1.35,1.39,1.58,1.22
964,1,2.03,1.55,4,3.5,1.09,2.21,2.36,1.32
965,1,2.13,1.03,2.32,2.49,1.97,4,3.02,2.47
966,1,3.48,1.71,2.1,2.94,1.89,2.69,1.54,3.54
967,1,1.87,2.12,3.7,2.47,3.38,2.92,1.55,2.86
968,1,1.36,2.37,2.27,1.48,2.53,3.1,2.75,2.85
969,1,1.59,2.51,2.23,3.32,2.59,1.76,1.72,2.54
970,1,1.83,1.55,1.47,1.7,1.92,2.23,3.15,2.82
971,1,2.84,1.96,2.95,2.43,2.44,2.75,2.01,1.66
972,1,1.13,2.02,3.01,3.18,2.26,2.85,1.49,2.36
973,1,1.18,2.57,3.04,1.79,1.69,1.96,2.87,2.33
974,1,1.66,2.22,2.59,2.37,2.86,2.03,3.65,3.68
975,1,3.91,2.78,1.85,2.09,0.69,2.71,2.7,3.1
976,1,2.62,1.08,2.4,2.58,2.34,2.66,1.83,1.76
977,1,2.74,2.65,1.87,3.01,1.55,2.82,1.56,2.92
978,1,1.87,1.86,2.82,2.52,1.87,2.94,2.55,2.1
979,1,2.18,1.89,1.49,0.4,2.94,2.38,2.16,3.24
980,1,3.44,0.62,3.08,0.76,1.67,2.58,2.95,3.52
981,1,1.14,1.08,2.45,1.48,3.09,0.62,3.51,2.56
982,1,2.5,3.35,2.34,1.6,1.56,1.92,2.62,2.62
983,1,2.55,1.82,3.06,2.42,2.88,2.23,2.17,3.24
984,1,3.46,2.02,1.22,3.65,0.99,2.85,1.61,2.11
985,1,1.74,1.38,2.9,2.88,0.73,2.68,3.4,2.04
986,1,2.38,2.74,2.53,0.82,2.58,2.37,1.48,1.62
987,1,1.68,4,2.42,2.71,1.82,3.4,3.11,2.87
988,1,1.24,1.77,1.75,1.75,1.48,2.25,2.07,1.86
989,1,2.42,0,0.87,2.33,3.01,2.86,1.68,2.34
990,1,1.79,2.18,1.34,2.83,1.46,2.28,3.09,2.9
991,1,1.66,0.33,2.43,1.75,2.36,2.83,2.82,2.52
992,1,2.04,2.48,3.4,1.64,1.96,2.55,2.87,3.7
993,1,2.36,2.13,2.74,3.6,2.49,1.82,2.38,3.23
994,1,1.46,3.57,2.7,1.44,1.99,2.8,1.44,0.63
995,1,2.18,2.17,3.96,2.75,2.19,1.43,2.43,2.72
996,1,2.01,1.08,3.74,2.94,2.75,3.79,2.12,2.08
997,1,2.47,3.12,2.02,2.75,1.31,1.61,0.98,2.49
998,1,3.3,2.05,3.09,1.49,1.66,1.98,3.45,3.27
999,1,3.65,2.76,1.67,1.31,3.15,1.39,2.18,2.33
1000,1,2.64,3.77,0.75,2.92,2.69,1.76,4.57,2.74
1001,1,1.77,1.87,1.46,2.6,2.44,2.96,3.77,1.88
1002,1,2.94,0.89,1.25,2.3,2.79,2.42,2.02,1.86
1003,1,3.09,1.61,2.99,1.94,3.8,1.63,1.92,2.91
1004,1,1.22,1.75,2.79,3.12,2.49,2.65,2.27,1.99
1005,1,2.04,0,2.71,2.32,1,2.96,2.6,2.03
1006,1,2.46,2.84,3.27,2.4,1.66,2.57,2.63,2.34
1007,1,1.47,2,2.8,3.37,2.13,2,1.72,2.67
1008,1,2.7,1.63,3.1,1.65,1.48,2.3,2.73,3.72
1009,1,3.15,1.89,2.74,2.74,2.11,2.37,1.92,1.76
1010,1,1.36,2.42,2.81,3.2,3.22,2.54,3.05,2.63
1011,1,2.34,2.51,1.87,0.28,3.61,3.58,3.25,2.69
1012,1,2.67,1.12,1.55,0.68,1.5,3.02,1.07,3.55
1013,1,2.72,1.56,2.09,0.89,3.58,2.63,2.81,2.4
1014,1,2.5,2.57,2.78,3.73,2.64,1.11,3.1,1.86
1015,1,0.84,3.64,2.4,3.43,3.06,1.6,3.01,1.58
1016,1,2.17,1.99,1.99,3.31,2.51,0.85,3.01,3
1017,1,1.67,2.53,1.78,3.17,1.16,1.97,1.6,2.36
1018,1,1.96,4,0.71,2.17,1.59,1.58,3.41,1.86
1019,1,0.98,2.65,2.12,1.86,2.3,2.38,2.5,2.35
1020,1,1.35,2.45,3.22,2.24,2.41,2.38,2.82,2.15
1021,1,1.02,2.81,2.52,3.11,2.78,1.43,3.19,1.58
1022,1,1.75,3.63,2.2,0.6,1.62,2.07,1.82,3.54
1023,1,2.27,2.12,1.28,1.54,2.54,1.71,2.35,2.81
1024,1,2.61,2.09,1.52,3.41,2.7,2.37,2.85,1.01
1025,1,2.41,1.47,2.02,2,2.3,2.69,2.52,1.05
1026,1,2.43,2.47,3.22,2.14,2.4,2.96,1.74,0.92
1027,1,2.76,1.45,3.62,3.07,1.52,3.16,2.94,3.33
1028,1,1.78,3.26,2.84,2.94,1.65,1.74,3.09,0.42
1029,1,3.34,1.22,3.04,3.77,2.06,2.84,2.56,1.85
1030,1,2.16,1.32,3.38,1.78,2.83,1.09,2.91,1.79
1031,1,1.47,2.24,0.73,2.14,3.2,1.97,2.33,3.32
1032,1,1.83,3.45,1.65,3.27,1.44,2.19,2.73,3.22
1033,1,2.05,0.61,1.93,2.37,0.87,2.38,3.8,0.43
1034,1,1.88,4,2.7,2.83,1.36,1.44,3.08,3.24
1035,1,2.52,3.13,1.83,2.65,2.06,3.41,1.79,1.78
1036,1,1.29,1.38,0.72,3.15,2.25,2.29,2.05,3.51
1037,1,2.29,2.03,4,1.71,2.09,2.45,1.73,2.78
1038,1,0.72,1.21,2.05,3.76,1.83,1.34,2.56,1.57
1039,1,1.94,4,2.36,1.32,1.83,3.86,1.59,3.68
1040,1,2.93,3.68,1.96,1.26,2.13,2.83,2.35,1.62
1041,1,2.37,3.14,2.57,2.42,2.31,2.94,3.55,2.26
1042,1,1.52,2.85,2.35,1.83,3.01,4.07,0.92,2.38
1043,1,1.02,2.11,1.9,2.1,1.98,0.74,1.73,2.1
1044,1,3.14,2.41,2.41,2.31,1.46,2.7,3.07,1.62
1045,1,2.81,2.06,1.8,2.11,2.65,2.74,1.93,3.42
1046,1,1.56,2.02,2.22,1.86,2.07,1.91,1.83,3.11
1047,1,2.46,2.56,0.9,2.71,1.86,2.95,2.01,2.56
1048,1,2.1,1.64,1.84,1.7,2.04,2.04,2.27,3.08
1049,1,0.27,1.86,3.44,2.18,3.14,3.54,2.64,1.49
1050,1,1.05,1.94,0.47,1.32,2.5,2.94,2.24,3.47
1051,1,1.78,0.75,2.76,2.23,1.83,1.96,3.44,2.33
1052,1,2.37,2.51,2.92,2.72,0.92,1.82,1.67,2.58
1053,1,2.28,4,2.65,1.95,4.18,3.02,1.56,2.15
1054,1,2.26,2.07,2.45,2.77,1.92,2.16,3.44,1.68
1055,1,2.74,2.39,2.12,2.39,1.46,3.9,2.3,2.94
1056,1,3.01,2.46,2.16,2.28,2.45,2.82,2.2,2.28
1057,1,0.58,3.21,1.69,1.76,2.81,3.3,2.81,1.74
1058,1,2.05,2.52,2.44,2.34,2.67,3.04,3.34,3.01
1059,1,2.15,1.39,2.89,2.14,2.57,1.39,2.35,2.16
1060,1,2.32,1.11,3.6,4,0.54,4.02,2.87,4.34
1061,1,2.43,2.18,1.04,2.11,1,1.52,2.22,3.03
1062,1,1.71,2.55,1.15,2.65,0.55,2.6,1.98,2.25
1063,1,1.1,0.33,2.5,4,2.37,3.16,3.54,2.36
1064,1,2.71,3.2,2.08,2.29,1.89,2.29,3.78,1.48
1065,1,2.23,1.98,1.33,1.91,1.73,1.24,3.04,2.65
1066,1,0.75,3.14,1.36,3.08,2.25,3.23,1.93,2.4
1067,1,0.61,3.43,1.46,2.15,3.03,1.37,2.04,1.29
1068,1,2.69,2.21,1.99,3.73,3.62,2.73,3.42,1.55
1069,1,2.26,3.44,1.93,2.18,0.63,1.95,2.65,2.52
1070,1,1.14,1.77,1.63,2.35,1.98,2.29,1.93,2.96
1071,1,1.47,3.01,3.22,2.07,2.84,3.19,2.61,3.77
1072,1,3.25,1.61,1.94,3.39,2.76,3.82,2.85,1.34
1073,1,2.16,1.9,2.9,0.94,3.28,2.86,2.24,3.14
1074,1,2.88,1.47,3.03,2.39,1.29,2.98,1.72,3.65
1075,1,1.79,2.59,2.6,3.56,3.1,1.08,2.89,1.71
1076,1,2.15,2.03,2.93,2.81,1.64,2.19,3.7,2.7
1077,1,1.13,1.87,1.43,1.68,1.2,2.26,1.1,1.72
1078,1,1.99,2.58,3.34,2.12,2.02,2.26,2.42,2.3
1079,1,0.7,1.51,1.74,1.01,2.47,3.31,1.63,2.2
1080,1,2.5,3.14,1.75,1.53,1.85,3.17,2.41,2.54
1081,1,2.67,0.86,2.1,1.31,2.42,2.64,1.59,2.06
1082,1,2.12,0.15,2.73,2.83,2.25,2.92,2.41,1.02
1083,1,0.52,1.64,0,2.74,1.55,1.99,4.35,2.01
1084,1,1.13,4,2.83,2.53,0.39,3.24,2.49,2.28
1085,1,2.52,2,1.98,2.87,1.61,0.39,1.82,2.71
1086,1,1.45,0.85,0.73,3.76,2.74,0.94,2.32,1.56
1087,1,1.89,2.51,2.17,2.03,2.64,2.09,3.49,1.3
1088,1,0.95,1.92,2.4,3.25,3.35,1.6,2.35,2.69
1089,1,2.77,1.85,2.06,1.44,1.89,1.92,1.74,2.07
1090,1,2.8,2.61,2.15,2.02,3.79,1.38,2.27,3.68
1091,1,1.76,3.86,1.3,4,3.39,1.88,2.06,1.13
1092,1,3.17,1.98,1.6,2.57,3.14,2.52,3.55,1.99
1093,1,2.73,2.04,2.96,3.75,3.03,2.32,1.35,1.59
1094,1,2.73,1.92,1.84,2.49,2.53,2.71,3.22,1.64
1095,1,1.8,1.3,2.42,2.4,2.9,2.34,2.6,3.29
1096,1,2.61,2.55,3.22,2.25,2.76,2.26,2.87,2.92
1097,1,1.84,1.07,0.85,2.66,2.73,2.05,1.57,2.4
1098,1,1.88,1.72,1.23,2.14,1.74,0.87,1.42,2.95
1099,1,0.53,3.56,2.39,1.53,2.02,3.02,1.82,1.49
1100,1,1.55,0,1.39,1.87,2.2,2.67,3.03,2.6
1101,1,1.86,4,1.06,1.01,3.19,0.58,2.14,2.88
1102,1,2.72,1.61,1.12,1.62,1.94,2.77,2.53,1.79
1103,1,1.91,2.95,1.64,1.23,1.28,2.8,2.96,1.74
1104,1,0.96,2.21,4,3.29,2.66,2.51,2.35,1.19
1105,1,1.16,2.47,2.73,2.42,1.79,2.35,1.59,2.72
1106,1,1.77,2.85,2.1,3.85,2.28,2.43,1.52,2.43
1107,1,2.8,2.57,1.6,2.4,1.07,1.65,2.51,1.8
1108,1,1.15,2.3,2.44,3.05,3.36,1.84,1.65,3.62
1109,1,0.38,1.93,1.89,3.07,1.59,1.53,2.55,1.3
1110,1,1.97,2.84,1.69,1.51,3.03,2.25,3.33,2.97
1111,1,3.08,1.79,1.76,1.52,2.93,2.28,1.37,2.96
1112,1,1.54,1.56,2.03,2.21,1.21,3.08,2.95,3.11
1113,1,1.6,2.88,1.91,1.7,2.17,1.83,2.19,3.22
1114,1,2.62,3.35,3.16,1.78,2.83,2.49,2.94,4.28
1115,1,2.07,2.14,1.49,2.12,1.87,2.91,2.69,2.57
1116,1,1.69,1.61,1.81,3.42,1.17,1.99,1.21,2.16
1117,1,2.27,2.58,3.11,1.21,2.44,2.31,2.12,2.85
1118,1,1.81,2.01,2.33,1.82,2.29,2.79,2.47,1.02
1119,1,3.05,1.59,1.81,1.92,2.35,2.28,2.71,1.21
1120,1,1.7,1.83,2.39,1.26,2.53,3.11,3.13,1.45
1121,1,2.02,1.4,2.91,2.02,1.89,1.5,4.31,2.36
1122,1,1.81,2.49,3.17,2.52,3.28,2.99,2.3,2.72
1123,1,2.83,2.52,3.13,2.54,2.37,2.14,2.55,2.24
1124,1,2.39,0.7,2.1,3.06,2.4,2.47,0.77,3.31
1125,1,2.38,1.27,1.28,2.55,2.92,2,2.94,2.51
1126,1,2.4,2.17,1.84,1.42,1.13,1.89,2.14,2.43
1127,1,2.05,2.01,2.28,3.82,1.93,1.66,2.83,2.1
1128,1,2.72,1.88,2.04,3.03,1.77,0.95,2.78,3.64
1129,1,1.94,2.35,1.98,3.12,2.69,1.72,2.94,2.71
1130,1,1.31,2.18,1.86,0.92,2.38,2.02,2.5,2.53
1131,1,1.4,0.99,1.49,2.07,2.07,3.02,2.54,3.6
1132,1,1.63,3,2.26,2.91,2.76,2.15,2.87,2.89
1133,1,1.37,2.99,2.04,2.87,3.16,1.99,1.74,3.39
1134,1,1.24,1.48,2.45,2.64,2.45,2.52,3.96,2.5
1135,1,1.48,1.65,1.41,2.17,1.7,2.3,1.91,3.26
1136,1,2.58,1.99,3.07,3.27,2.24,2.65,2.58,2.72
1137,1,1.98,1.72,3.35,1.94,2.44,2.49,2.62,0.93
1138,1,0.5,1.29,1.4,0,3.19,2.23,2.16,1.37
1139,1,2.1,0.94,1.19,3.47,2.65,3.29,2.53,2.42
1140,1,0.85,1.77,2.66,4,2.28,1.53,2.46,1.05
1141,1,0.89,3.38,1.59,1.6,2.54,2.9,2.27,2.15
1142,1,2.35,1.91,2.22,2.19,2.63,1.98,2.07,2.54
1143,1,1.35,1.66,4,2.5,2.3,2.18,1.96,2.39
1144,1,1.41,2.96,2.3,1.87,3.17,2.89,2.21,2.67
1145,1,2.43,2.42,1.99,0,2.55,3.89,1.43,2.58
1146,1,1.65,1.58,2.96,0.74,2.56,2.03,4.21,2.72
1147,1,2.83,1,3.11,1.17,2.75,2.28,2.75,0.98
1148,1,2.24,2.61,2.06,2.66,3.16,2.68,2.61,1.42
1149,1,1.62,2.65,2.22,2.32,3.92,3.12,2.54,2.47
1150,1,2.76,1.78,2.58,1.98,1.66,1.53,3.18,3.43
1151,1,2.81,1.99,2.22,2.8,2.68,1.46,3.29,2.54
1152,1,3.59,2.39,3.35,2.49,2.41,2.4,4.13,2.43
1153,1,2.67,1.02,2.6,1.22,2.94,2.04,2.54,2.35
1154,1,2,2.31,1.95,2.67,0.43,0.33,3.62,1.25
1155,1,1.49,0.43,3.86,1.87,2.71,2.18,2.5,2.75
1156,1,1.64,1.44,2.54,3.01,1,2.15,3.03,1.84
1157,1,1.69,0.41,2.85,3.61,2.2,2.73,4.48,3.17
1158,1,1.44,1.06,2.01,1.29,3.52,2.65,3.24,2.41
1159,1,2.39,1.8,1.97,2.21,1.11,2.25,3.04,1.55
1160,1,1.3,2.97,2.42,3.41,1.66,2.47,2.12,3.24
1161,1,4,2.4,0.74,2.38,2,2.68,2.42,2.98
1162,1,2.6,2.99,3,3.01,2.68,2.48,2.58,1.75
1163,1,3.77,2.59,2.49,1.77,2.18,2.7,2.99,2.55
1164,1,1.82,2.6,1.89,1.4,1.61,1.93,2.11,2.51
1165,1,0.55,2.31,2.42,2.27,1.72,2.22,2.73,1.44
1166,1,1.18,2.61,2.94,3.77,2.84,3.28,2.32,1.2
1167,1,2.94,0.55,3.78,2.68,1.57,3.34,2.42,2.32
1168,1,2.65,2.71,0.22,2.01,4.02,2.29,1.86,2.83
1169,1,2.37,2.62,2.01,2.17,4.17,1.96,2.62,2.38
1170,1,1.91,3.27,3.24,2.53,2.3,0.55,2.85,3.26
1171,1,3.86,2.49,3.32,2.88,3.56,2.54,2.82,1.99
1172,1,1.39,2.14,2.04,3.24,2.4,3.01,4.01,2.55
1173,1,2.31,2.19,1.36,2.73,1.18,2.12,2.05,2.69
1174,1,2.8,3.12,3.45,2.55,2.12,1.58,1.28,2.26
1175,1,1.25,2.22,2.28,0.71,2.34,3.8,1.73,2.82
1176,1,2.36,2.85,2.02,2.24,2.9,2.69,1.98,1.86
1177,1,1.63,2.48,2.64,0.68,1.08,2.52,3.08,2.21
1178,1,2.15,2.63,2.09,1.68,2.04,3.31,3.1,2.47
1179,1,1.63,1.82,2.26,1.2,3.15,2.28,3,2.53
1180,1,1.98,2.19,2.29,2.19,2.01,1.7,3.05,1.43
1181,1,1.83,1.37,3.29,1.95,0.09,2.71,1.17,2.16
1182,1,2.37,1.52,1.29,2.78,1.39,2.32,3.2,1.93
1183,1,1.92,2.32,3.47,2.54,2.02,3.1,1.34,2.51
1184,1,1.47,3.13,1.78,1.79,2.49,2.3,3.78,3.69
1185,1,2.56,2.01,2.53,2.15,1.88,0.67,3.2,3.5
1186,1,3.52,1.78,1.58,2.46,1.79,2.17,2.17,3.17
1187,1,2.44,2.09,2.87,3.16,1.01,2.53,1.48,4.21
1188,1,1.45,1.09,2.1,2.45,2.66,1.41,2.52,2.46
1189,1,2.29,2.72,3.1,1.47,2.27,1.24,2.55,2.82
1190,1,1.86,1.44,1.71,4,1.84,3.48,2.28,3.63
1191,1,0.75,1.99,2.16,2.62,2.73,2.32,1.6,1.48
1192,1,1.71,2.01,2.47,0.78,1.8,2.32,2.56,1.32
1193,1,1.92,1.54,1.99,1.84,3.54,1.59,2.24,1.72
1194,1,2.07,1.7,2.88,2.41,3.17,2.34,2.62,2.89
1195,1,0.27,0.25,2.31,0.89,2.63,2.66,3.62,1.64
1196,1,2.42,2.09,2.8,2.81,3.28,1.91,2.95,1.94
1197,1,3.52,3.04,2.84,3.11,1.24,3.43,2.75,1.22
1198,1,2.32,2.78,1.82,2.04,2.76,2.26,1.17,1.97
1199,1,1.62,3.49,2.02,1.01,2.72,2.02,3.09,3.14
1200,1,1.74,1.3,1.81,3.35,2.9,0.72,2.15,0.85
1201,1,2.8,1.77,1.88,2.15,2.14,3.19,1.63,2.35
1202,1,2.88,1.28,1.6,2.56,1.11,1.01,3.76,2.21
1203,1,1.75,2.13,2.71,3.75,1.68,2.14,2.15,1.97
1204,1,2.37,3.2,1.83,2.53,1.29,2.62,1.21,0.37
1205,1,1.3,1.09,2.55,2.06,3.08,2.02,2.53,0.63
1206,1,1.68,2.2,2.13,1.18,1.46,0.89,2.34,3.95
1207,1,2.74,1.64,3.52,2.99,1.96,2.74,0.01,2.81
1208,1,1.5,1.18,1.83,1.84,2.08,1,1.84,2.83
1209,1,2.25,1.68,2.5,2.2,3.18,2.26,3.51,0.82
1210,1,2.15,1.71,1.97,2.83,2.52,2.15,2.02,2.37
1211,1,2.28,2.31,2.54,0.89,2.4,1.75,3.02,1.81
1212,1,1.34,2.92,2.53,0.83,2.52,1.59,2.15,3.4
1213,1,2.63,0.59,1.25,2.62,2.63,2.49,2.69,2.26
1214,1,1.84,1.68,1.9,1.48,1.71,2.34,1.99,2.25
1215,1,1.24,2.39,2.95,1.18,2.59,1.44,2.18,1.17
1216,1,1.64,0.59,3.01,3.04,2.87,1.56,0.95,2.63
1217,1,1.77,1.36,2.01,1.45,2.85,0.81,2.57,2.5
1218,1,1.11,1.43,2.17,2.65,2.47,1.35,3.27,2.12
1219,1,1.74,2.52,2.26,2.71,2.57,2.03,2.44,2.32
1220,1,2.94,1.77,2.59,2.48,1.68,2.33,2.92,1.44
1221,1,2.32,3.5,3.57,2.38,3.05,1.11,3.63,2.38
1222,1,2.57,2.81,3.13,2.92,0.22,2.95,2.72,2.39
1223,1,1.46,2.17,1.59,2.11,2.38,2.01,1.88,2.77
1224,1,2.14,1.67,2.47,2.08,1.38,2.4,1.56,2.48
1225,1,2.76,2.36,2.39,1.53,2.98,3.11,3.56,2.66
1226,1,2.33,1,1.42,1.31,1.6,1.2,2.58,2.24
1227,1,1.49,1.91,2.47,2.29,2.3,2.03,2.99,2.23
1228,1,2.27,2.66,2.8,2.12,2.18,2.06,2.42,3.57
1229,1,1.54,2.15,2.36,3.25,1.46,2.7,1.4,0.64
1230,1,0.63,1.47,2.61,2.65,2.94,2.18,2.89,4.12
1231,1,1.73,2.07,2.38,2.71,3.55,2.28,3.62,2.67
1232,1,2.58,0.94,1.86,2.27,1.97,0.97,2.18,3.67
1233,1,1.59,1.97,3.23,0.85,1.4,1.72,1.6,1.42
1234,1,1.53,1,2.2,2.6,1.7,3.36,2.23,1.19
1235,1,2.99,1.9,1.49,2.11,1.64,2.79,1.71,2.31
1236,1,0.22,1.39,2.82,1.95,1.81,2.42,1.66,1.99
1237,1,1.87,2.03,2.61,2.11,2.92,1.45,2.16,2.22
1238,1,1.66,2.57,2.57,2.01,2.78,1.11,2.84,2.27
1239,1,1.44,1.49,2.46,2.01,2.12,3.57,1.61,2.21
1240,1,2.18,1.87,3.34,2.72,1.5,1.72,2.77,3.06
1241,1,3.32,1.99,1.92,2.21,2.04,2.08,2.33,2.38
1242,1,1.99,1.15,1.25,2.14,1.78,2.09,1.33,1.02
1243,1,1.86,2.01,1.66,2.42,3.38,0.62,2.77,1.16
1244,1,3.34,2.16,1.81,2.85,0.46,3.37,2.7,3.51
1245,1,1.72,1.83,2.6,1.89,2.04,2.49,2.05,2.09
1246,1,0,1.2,1.29,1.02,2.73,2.45,1.84,2.55
1247,1,2.32,1.91,3.16,0.72,2.08,3.12,3.17,2.94
1248,1,3.17,2.29,1.04,4,1.58,1.33,2.37,2.28
1249,1,3.54,1.57,2.63,1.32,3.02,3.16,3.27,1.31
1250,1,2.09,0.67,3.16,2.3,0.56,2.29,2.2,3
1251,1,0.58,2.68,2.61,2.39,3.36,1.94,0.75,2.27
1252,1,1.67,2.24,1.48,3.03,2.98,2.32,2.02,1.67
1253,1,2.87,2.44,2.81,2.77,1.82,3.11,3.21,2.71
1254,1,2.86,1.49,2.65,1.65,1.84,2.33,4.28,1.61
1255,1,2.1,2.94,1.08,0.73,2.82,1.2,3.94,2.64
1256,1,0.7,2.65,0.52,1.48,0.51,2.12,2.79,0.56
1257,1,2.54,3.21,2.45,4,1.55,1.52,2.82,2.33
1258,1,3.07,2.09,2.73,2.97,2.21,2.36,2.05,1.32
1259,1,1.36,2.24,2.02,1.82,2.71,1.34,2.45,2.3
1260,1,2.44,1.42,2.15,2.62,1.49,0.59,1.46,2.34
1261,1,2.97,3.32,2.93,1.54,0.95,1.55,3.37,1.21
1262,1,1.56,1.31,2.06,2.08,2.63,1.09,2.11,3.02
1263,1,0.22,4,1.75,1.97,3.42,1.25,2.76,3.05
1264,1,2.35,2.45,2.69,2.63,3.04,1.75,2.5,1.98
1265,1,1.94,0.72,0.88,2.01,2.83,1.12,3.13,3.11
1266,1,1.46,2.7,0.93,1.21,2.26,2.45,3.24,1.81
1267,1,1.6,2.3,3.27,1.84,1.75,3.9,1.33,2.35
1268,1,1.5,1.78,1.82,1.92,2.56,2.82,2.75,2.95
1269,1,2.07,2.14,2.19,1.92,1.63,1,3.47,2.5
1270,1,2.46,1.99,3.2,1.94,2.94,1.78,2.61,1.89
1271,1,3.14,2.98,0.94,2.56,2.45,0.94,2.9,3.64
1272,1,3.48,3.07,1.46,2.76,2.66,2.1,1.54,3.1
1273,1,2.37,1.46,1.34,1.59,2.18,1.76,2.67,2.97
1274,1,1.63,1.62,3.38,3.11,2.07,3.96,1.29,3.06
1275,1,3.19,2.36,1.77,1.96,2.43,2.56,2.67,4.49
1276,1,1.69,1.61,3.8,2.24,1.08,2.17,2.59,2.41
1277,1,0,0.34,3.55,2.65,2.38,2.95,3.82,2.62
1278,1,2.25,3.42,2.3,2.52,2.43,2.89,2.18,1.15
1279,1,2.31,1.83,1.22,1.24,2.12,2.67,1.85,1.59
1280,1,1.99,2.29,3.5,2.06,1.43,2.81,2.06,1.66
1281,1,1.85,2.65,2.49,1.34,2.53,1.54,3.06,2.68
1282,1,3.16,2.24,2.53,3.06,2.22,3.56,2.66,1.62
1283,1,1.17,3.38,3.48,3.54,2.31,1.84,1.68,2.92
1284,1,1.3,2.28,3.06,1.78,2.91,3.27,4.17,1.95
1285,1,1.02,0.74,1.94,1.53,2.3,2.01,2.69,3.27
1286,1,2.56,1.96,3.49,0.72,3.37,2.01,3.22,1.89
1287,1,2.66,2.08,1.59,2.95,2.94,2.41,1.05,3.27
1288,1,1.44,2.56,2.44,2.9,2.06,3.18,3.21,1.76
1289,1,0.05,2.68,1.16,2.51,3.3,2.38,1.98,2.33
1290,1,0.64,2.95,1.64,2.15,2.51,1.58,1.16,2.97
1291,1,1.39,2.5,1.19,3.43,1.47,2.17,1.81,1.26
1292,1,2.57,1.42,3.29,2.51,2.59,1.04,2.78,2.39
1293,1,2.43,1.88,1.33,1.66,2.02,4.34,2.76,3.69
1294,1,1.47,1.99,2.92,3.29,1.87,2.26,3.92,1.71
1295,1,2.48,2.48,1.49,2.94,0.96,2.41,2.73,3.39
1296,1,1.98,2.89,0.77,1.2,2.57,2.2,2.97,1.63
1297,1,1.19,2.47,3.11,2.79,1.72,1.3,2.82,1.54
1298,1,2.47,2.74,2.45,2.36,0.73,1.17,1.88,1.42
1299,1,2.61,2.18,2.53,1.71,3.43,2.05,1.56,2.31
1300,1,0.84,2.96,2.83,1.57,3.11,2.44,3.74,3.39
1301,1,1.53,2.04,4,1.97,4.21,3.45,2.58,1.14
1302,1,1.83,2.72,2.2,1.5,1.2,1.81,0.99,2.78
1303,1,0.73,1.93,2.28,2.34,2.76,2.02,1.48,3.63
1304,1,1.84,1.61,0.73,1.78,2.91,2.59,2.49,2.39
1305,1,1.85,1.69,0.86,2.51,1.84,2.74,2.63,2.76
1306,1,2.36,1.36,1.93,2.72,2.44,0.8,1.83,1.44
1307,1,1.17,1.99,1.7,4,1.44,1.41,2.06,2.89
1308,1,2.04,3.6,1.77,3.4,1.93,2.69,2.81,3.35
1309,1,3.16,1.32,2.01,2.8,1.86,3.38,2.35,1.43
1310,1,3.51,1.78,3.33,3.47,3.73,2.67,2.53,2.75
1311,1,1.52,3.33,3.84,2.75,2.59,3.73,2.36,2.28
1312,1,1.76,0,1.57,1.72,0.91,2.06,1.92,3.29
1313,1,2.19,2.6,1.09,2.2,2.26,2.32,2.22,1.57
1314,1,2.29,2.83,1.59,3.5,2.4,3.04,2.36,2.02
1315,1,2.16,3.08,3.61,2.75,3.07,2.63,2.55,3.13
1316,1,1.22,2.01,2.89,1.57,3.66,2.31,3.36,2.7
1317,1,2.47,1.38,2.86,1.37,1.66,2.4,2.29,1.07
1318,1,2.22,1.75,1.07,2.19,2.16,1.59,2.63,3.22
1319,1,3,2.97,2.62,1.77,2.22,2.19,1.98,2.76
1320,1,1.85,0.15,3.22,3.39,2.03,2.55,2.84,2.91
1321,1,2.41,3.92,2.1,2.33,1.74,2.51,2.83,2.45
1322,1,1.35,2.97,3.18,0.92,1.63,2.43,1.96,2.48
1323,1,0.76,1.87,1.53,3.45,1.79,3.46,2.2,1.79
1324,1,3.06,2.51,3.54,2.3,1.63,1.48,3.45,1.69
1325,1,2.06,2.72,1.25,3.49,2.72,0.17,0.75,1.42
1326,1,2.3,2.55,1.8,1.41,2.72,2.98,2.09,1.72
1327,1,1.7,3.85,2.2,1.66,1.75,2.24,3.3,2.45
1328,1,2.18,2.74,0.83,2.79,2.72,3.77,1.57,2.62
1329,1,1.88,1.2,1.9,2.38,1.4,1.45,1.72,0.93
1330,1,3.63,3.03,2.16,3.64,3.56,2.5,1.83,1.31
1331,1,2.56,3.16,2.66,3.55,2.67,2.21,3.27,2.51
1332,1,1.86,2.47,1.75,3.48,1.71,3.6,0.81,3.34
1333,1,2.03,2.03,1.2,2.29,1.53,2.72,1.67,3.4
1334,1,1.24,1.66,2.91,3.32,1.61,0.61,1.22,2.42
1335,1,4,0.96,1.47,1.78,2.36,1.74,3.53,1.13
1336,1,1.89,1.43,3.2,2.14,2.45,2.77,3.18,2.32
1337,1,3.42,0.87,2.85,2.5,2.22,2.07,3.68,2.25
1338,1,2.27,2.69,2.26,3.44,3.46,2.6,3.21,2.1
1339,1,2.04,1.65,1.91,0.75,1.48,4.17,2.42,3.16
1340,1,0.51,2.21,4,1.15,2.42,1.96,2.54,1.93
1341,1,2.21,1.33,1.48,1.53,1.21,1.82,2.07,2.24
1342,1,2.53,1.2,0.41,2.21,2.97,1.06,2.54,4.15
1343,1,2,2.26,1.62,2.2,2.3,3.68,1.87,1.59
1344,1,0.88,1.9,2.47,0.86,3.47,2.26,2.43,2.42
1345,1,2.9,2.64,1.4,2.41,3.87,3.44,3.01,2.83
1346,1,1.12,1.8,2.96,2.84,1.38,2.15,3.52,2.96
1347,1,2.73,1.3,1.97,2.31,1.36,2.9,2.56,2.99
1348,1,1.89,2.13,2.8,0.98,2.72,2.34,2.11,2.17
1349,1,1.79,2.72,2.27,2.2,1.08,1.56,1.7,2.65
1350,1,1.57,3.25,2.75,2.84,0.63,2.55,2.04,2.32
1351,1,2.79,0.8,1.49,1.5,1.59,1.67,1.59,3.71
1352,1,1.54,2.89,1.85,2.44,2.18,1.64,2.58,2.99
1353,1,1.94,1.65,2.38,1.78,0.64,2.22,2.68,2.44
1354,1,2.25,1.06,0.8,1.99,1.64,3.97,2.25,3.67
1355,1,3.68,2.39,0.9,1.26,1.86,2.87,1.53,2.58
1356,1,1.36,1.75,2.71,2.62,1.31,2.73,2.31,1.47
1357,1,1.58,2.13,2.09,2.62,1.69,2.33,2.81,2.99
1358,1,1.47,2.06,1.04,2.23,2.75,1.88,2.99,2.65
1359,1,2.56,2.84,1.7,2.5,1.99,2.36,2.32,3.63
1360,1,1.2,3.16,3.97,2.68,0.81,2.6,2.51,2.97
1361,1,1.64,2.89,2.7,1.45,3.86,1.83,2.73,2.43
1362,1,0.91,2.37,2.05,2,3.86,3.59,2.41,2.42
1363,1,2.86,3.6,2.93,0.74,2.08,1.51,3.4,3.37
1364,1,2.65,2.11,2.91,2.09,1.9,2.45,1,2.87
1365,1,2.2,2.08,3.77,2.03,2.74,0.81,1.67,3.45
1366,1,1.99,2.31,2.14,2.29,2.02,1.5,3.31,2.1
1367,1,3.83,2.2,2,1.43,2.89,2.03,2.48,3.27
1368,1,2.87,3.39,1.69,1.19,1.82,3.45,2.36,2.78
1369,1,2.06,1.8,1.7,2.73,2.01,3.03,2.55,1.82
1370,1,1.28,1.02,1.99,1.88,1.46,2.87,0.99,2.35
1371,1,2.14,2.59,1.93,2.6,1.6,3.32,2.75,1.55
1372,1,2.18,2.53,2.53,2.99,2.61,2.47,1.73,2.35
1373,1,0.69,0.66,1.08,3.26,2.33,2.66,1.69,1.41
1374,1,1.62,1.29,1.65,2.47,3.25,3.09,2.69,3.08
1375,1,2.17,2.78,1.93,2.55,2.47,1.12,3.5,0.79
1376,1,0.62,3.63,2.22,1.52,2.51,0.75,2.71,2.78
1377,1,2.91,1.83,3.28,1.09,2.23,2.31,2.96,2.76
1378,1,1.75,2.74,2.73,2.32,1.44,2.07,2.83,2.78
1379,1,2.85,2.55,2.16,2.13,2.09,2.15,2.03,1.58
1380,1,2.03,2.4,2.26,2.66,2.28,2.55,1.6,4.28
1381,1,0.94,2.46,1.94,0.48,2.01,1.74,1.93,2.65
1382,1,1.79,2.44,2.44,1.63,3.07,0.86,2.47,2.67
1383,1,0.75,1.94,1.71,3.35,1.18,2.92,2.25,3.45
1384,1,4,1.72,3,2.47,2.56,2.96,2.21,1.4
1385,1,3.26,1.28,1.47,3.06,2.83,1.59,3.28,3.68
1386,1,2.72,2.35,2.17,3.15,3.33,1.68,2.65,2.53
1387,1,0.02,2.73,1.33,2.79,1.98,1.62,2.75,2.1
1388,1,3.01,2.37,2.05,2.38,2.73,3.34,3.29,2.83
1389,1,1.83,1.66,3.45,3.54,2.95,2.02,2.8,1.08
1390,1,2.43,0.98,2.32,3.28,1.51,3.13,1.88,2.19
1391,1,2.06,1.87,2.66,3.09,1.56,2.23,2.52,1.7
1392,1,1.11,2.09,2.35,1.91,1.06,1.49,0.64,2.31
1393,1,3.53,0.94,1.76,1.14,2.53,1.81,2,2.4
1394,1,2.07,1.17,3.35,3,2.14,3.56,1.35,2.13
1395,1,3.53,0.69,1.2,2.04,2.34,1.42,2.1,1.2
1396,1,2.29,2.96,2,3.29,1.76,2.49,1.74,2.29
1397,1,2.03,1.23,2.47,3.1,2.8,3.24,2.27,2.18
1398,1,2.64,1.53,2.24,1.91,3.04,1.74,2.26,1.7
1399,1,1.9,3.13,3.06,1.82,3.32,2.75,1.82,3.15
1400,1,1.69,2.94,3.05,1.94,3.37,2.75,2.96,2.06
1401,1,1.35,2.05,3.5,1.61,2.31,3.03,2.62,3.07
1402,1,1.81,1.33,2.71,2.14,2.14,3,3.64,1.8
1403,1,2.81,4,3.14,2.46,2.97,1.85,3.24,2.7
1404,1,2.1,1.8,3.64,2.35,1.42,1.67,1.76,2.11
1405,1,3.34,3.18,2.7,1.86,1.23,3.76,2.78,2.85
1406,1,2.21,3.37,3.03,2.05,2.71,2.16,1.13,2.81
1407,1,1.12,2.72,3.13,2.52,2.08,1.29,2.04,1.42
1408,1,1.36,0.81,2.65,3.61,3,3.04,3.09,0.86
1409,1,2.87,4,1.24,3.02,2.62,2.26,2.77,1.97
1410,1,0.67,2.33,2.58,2.7,0.23,3.28,4.12,2.89
1411,1,0.92,3.12,1.43,2.52,3.05,3.01,2.42,2.25
1412,1,2.2,2.8,1.83,3.03,2.06,2.62,0.77,2.88
1413,1,4,2.34,2.65,2.77,1.81,4.22,2.47,2.34
1414,1,1.41,1.84,0.78,2.32,2.37,1.61,2.55,1.63
1415,1,2.09,2.86,2.18,1.61,2.78,2.72,2.48,5
1416,1,1.78,3.65,1.68,1.61,2.48,1.3,2.4,1.53
1417,1,1.82,3.12,4,2.06,2.12,0.79,2.74,2.18
1418,1,2.13,1.23,2.14,3,2.52,0.84,1.67,3.43
1419,1,2.5,1.81,2.05,1.14,2.6,1.88,3.01,3.09
1420,1,2.61,2.22,3.38,2.01,2.34,3.24,3.4,2.55
1421,1,2.51,3.02,2.39,2.68,1.91,2.83,3.03,2.65
1422,1,2.3,1.75,1.83,0.88,4.09,2.02,1.83,1.89
1423,1,1.65,3.15,2.36,1.85,3.2,2.17,2.85,3.15
1424,1,1.69,1.92,1.52,3.43,1.39,2.81,3.05,2.43
1425,1,2.28,1.92,2.18,2.67,1.77,2.04,2.55,2.12
1426,1,2.29,0.8,2.27,2.67,2.16,1,1.22,2.56
1427,1,1.41,1.76,2.98,2.51,3.5,2.85,4.9,1.8
1428,1,2.7,2.42,2.36,2.63,2.79,1.8,3.08,1.92
1429,1,2.59,2.47,2.44,1.58,2.32,1.71,1.95,3.09
1430,1,1.71,1.52,1.87,1.74,0.81,2.91,1.73,1.88
1431,1,2.72,3.09,3.03,2.96,2.27,2.35,2.05,1.15
1432,1,2.58,1.14,2.29,1.47,2.61,2.5,1.26,3.53
1433,1,3.86,2.04,2.57,3.56,2.65,1.38,1.63,0
1434,1,1.98,3.41,3.34,2.09,3.07,1.7,3.07,1.97
1435,1,1.04,2.04,2.01,2.43,2.78,1.96,3.78,1.54
1436,1,2.46,1.95,1.32,2.43,2.07,0.68,2.27,2.41
1437,1,0.88,2.24,1.62,3.07,2.37,0.11,2.7,2.53
1438,1,1.72,0.95,2.46,1.33,2.26,2.87,2.41,2.28
1439,1,2.87,1.97,2.76,3.32,3.92,1.29,1.3,2.98
1440,1,2,2.56,1.61,2.4,2.92,2.58,2.08,2.97
1441,1,2.24,0.51,3.31,1.85,1.95,2.99,2.28,3.57
1442,1,1.42,2.52,3.22,3.22,1.27,1.95,2.36,2.2
1443,1,1.03,4,1.33,2.75,2.14,2.43,1.24,2.43
1444,1,2.62,0.84,2.45,2.08,1.43,2.92,2.83,2.08
1445,1,2.36,3.29,2.87,2.31,0.94,3.58,2.68,0.74
1446,1,1,1.56,1.34,2.7,1.81,2.23,2.24,2.48
1447,1,2.06,1.87,2.49,2.95,1.24,3.07,2.77,2.7
1448,1,0.95,2.23,1.45,1.39,2.62,0.73,2.41,1.72
1449,1,2.62,2.03,0.48,1.16,2.03,2.04,3.4,3.41
1450,1,1.51,2.91,3.07,2.94,3.09,2.54,1.99,1.39
1451,1,1.35,2.35,2.22,1.37,1.27,3.23,0.63,2.02
1452,1,2.79,2.36,2.92,3.36,2.14,2.17,2.6,3.04
1453,1,1.49,4,3.05,3.32,1.5,3.42,3.98,2.72
1454,1,2.94,1.83,2.03,2.11,1.4,2.06,2.61,2.04
1455,1,0.89,3.24,2.34,3.41,2.18,2.82,1.9,1.41
1456,1,2.84,3.39,1.9,2.86,2.59,1.46,3.9,2.05
1457,1,1.5,2.92,2.34,2.02,2.13,0.31,0.71,2.6
1458,1,0.53,0.71,2.41,2.62,2.69,2.75,2.16,2.86
1459,1,1.16,3.16,2.35,2.69,1.94,2.45,2.55,1.3
1460,1,0.84,2.69,2.23,0.37,1.72,2.32,1.74,1.76
1461,1,1.43,1,3.33,2.49,1.64,0.78,1.81,2.61
1462,1,2.42,2.66,1.92,2.15,2.11,2.5,2.49,2.69
1463,1,0.36,4,1.93,2.31,2.23,2.62,2.25,2
1464,1,1.85,2.7,1.78,2.38,2.23,1.82,2.38,2.8
1465,1,2.23,2.63,1.93,2.2,3.26,4.09,2.27,3.08
1466,1,0.76,2.21,3.5,1.62,2.56,1.63,1.93,4.09
1467,1,2.62,2.2,2.64,2.34,1.99,0.25,2.96,2.9
1468,1,0.01,2.6,2.45,2.66,1.69,2.32,3.1,1.62
1469,1,2.58,2.54,1.03,2.58,1.83,2.81,2.14,2.09
1470,1,3.35,1.33,1.65,3.97,2.28,0.9,3.59,2.7
1471,1,2.22,1.69,1.52,3.65,4.48,2.06,3.03,3.04
1472,1,1.49,2.14,2.83,3.01,1.87,3.23,1.34,2.55
1473,1,2.52,2.66,2,2.15,2.31,1.52,2.79,3.79
1474,1,1.99,1.73,2.57,1.54,1.02,2.58,2.56,4.22
1475,1,1.08,2.52,1.26,3.35,2.05,2.6,1.8,2.72
1476,1,2.01,1.53,1.38,2.7,2.73,3.04,2.98,1.32
1477,1,1.1,3.3,2.46,1.62,1.97,2.35,3.03,2.4
1478,1,1.49,0.68,2.58,1.94,0.12,1.87,1.3,2.9
1479,1,1.09,2.09,2.56,2.13,2.24,2.04,2.07,1.96
1480,1,2.58,1.77,3.57,1.47,2.15,2.65,2.45,2.57
1481,1,3.41,1.02,1.15,2.08,1.15,4.17,2.35,0.93
1482,1,1.92,2.43,1.7,1.95,2.25,3.32,0.45,3.48
1483,1,2.53,2.3,2.38,2.21,1.77,3,0.82,3.01
1484,1,3.06,2.33,2.22,3.82,3.24,2.96,1.94,3.4
1485,1,2.6,2.62,2.53,2.65,3.51,2.08,2.66,1.97
1486,1,1.94,1.28,2.99,1.7,1.53,1.93,1.66,3.3
1487,1,3.02,2.73,1.98,3.21,2,1.56,1.88,2.35
1488,1,1.57,2.33,1.68,1.16,3.56,1.27,2.82,2.94
1489,1,2.93,2.89,1.49,2.8,4.23,3.62,1.1,3.28
1490,1,2.65,1.62,1.37,1.95,2.9,1.9,2.71,2.04
1491,1,2.98,3.14,2.31,4,0.65,1.8,2.76,2
1492,1,1.68,2.21,1.7,3.86,1.68,2.26,1.32,1.05
1493,1,2.17,3.18,2.64,2.55,1.93,1.15,1.6,2.95
1494,1,3.62,1.56,2.72,2.96,1.58,2.44,2.07,1.54
1495,1,2.65,3.04,1.64,2.78,2.37,2.35,3.03,1.17
1496,1,2.05,2.17,2.61,3.24,2.24,2.52,2.01,1.02
1497,1,0.86,2.23,1.74,3.02,0.98,2.63,2.34,3.18
1498,1,1.8,2.52,2.17,2.52,0.88,2.31,3.25,1.89
1499,1,2.87,4,2.67,1.43,1.92,2.39,2.01,1.49
1500,1,3.82,1.45,1.38,2.66,2.36,1,2.14,3.08
1501,1,2.19,1.33,1.93,1.88,2.41,2.9,1.12,3.05
1502,1,1.03,1.83,2.8,2.1,1.94,2.36,2.99,2.28
1503,1,1.08,1.4,2.4,2.88,1.82,4.2,2.06,3.09
1504,1,2.16,3.67,1.17,2.39,2.46,2.16,2.68,2.27
1505,1,1.18,0.59,2.58,2.62,1.44,1.47,2.58,3.24
1506,1,0.57,2.8,1.83,2.41,2.39,2.05,2.09,1.68
1507,1,3.38,3.34,2.81,1.71,2.07,2.03,0.99,2.01
1508,1,1.69,3.74,0.88,1.48,1.89,3.32,1.79,2.19
