"id","cigsperday","hvysmoker","age","parsmoke","female","race","income","educ"
1,4,0,19,1,0,1,9,1
2,NA,NA,24,0,0,1,12,2
3,5,0,20,1,0,1,6,2
4,1,0,19,0,1,1,9,2
5,1,0,18,0,1,1,11,3
6,2,0,21,0,0,1,1,1
7,12,1,21,1,1,1,NA,3
8,4,0,19,0,0,NA,1,2
9,2,0,20,0,1,2,4,2
10,1,0,21,0,1,1,13,NA
11,NA,NA,22,1,1,1,3,3
12,1,0,21,1,1,1,12,3
13,5,0,24,0,1,2,4,2
14,NA,NA,21,0,1,1,15,3
15,8,1,21,1,0,3,6,2
16,3,0,21,1,0,2,14,3
17,0,0,20,0,1,1,12,3
18,NA,NA,22,0,1,4,9,1
19,3,0,23,0,0,1,11,3
20,3,0,25,0,0,3,NA,2
21,2,0,19,0,1,NA,10,2
22,4,0,24,1,1,1,1,2
23,NA,NA,20,0,0,1,5,2
24,NA,NA,22,1,1,1,NA,2
25,5,0,25,0,0,1,10,2
26,NA,NA,24,0,1,3,NA,2
27,NA,NA,23,1,1,1,8,2
28,NA,NA,23,0,1,1,8,2
29,2,0,25,0,1,3,10,3
30,NA,NA,18,1,0,3,7,2
31,2,0,19,0,0,NA,14,2
32,6,1,22,0,0,1,3,2
33,3,0,21,1,0,1,10,2
34,9,1,25,0,1,1,7,2
35,4,0,19,0,0,3,NA,1
36,4,0,24,0,1,3,NA,1
37,5,0,25,0,0,1,10,2
38,8,1,25,1,1,1,9,NA
39,NA,NA,25,0,0,4,6,2
40,5,0,20,0,1,3,2,2
41,13,1,20,0,0,2,10,2
42,NA,NA,19,1,1,1,NA,2
43,NA,NA,18,0,0,3,1,2
44,1,0,19,0,0,4,NA,2
45,NA,NA,20,1,0,1,7,2
46,NA,NA,19,0,0,3,8,2
47,9,1,23,0,1,3,12,2
48,8,1,24,1,0,1,9,2
49,7,1,18,1,1,3,5,2
50,3,0,25,0,1,1,8,2
51,8,1,22,NA,0,3,3,2
52,15,1,22,0,0,1,3,NA
53,3,0,20,0,1,1,18,3
54,0,0,18,0,0,1,NA,3
55,15,1,18,0,1,1,3,2
56,10,1,22,0,0,1,8,2
57,2,0,25,0,1,NA,11,3
58,NA,NA,21,1,1,1,13,3
59,7,1,20,1,0,1,2,2
60,13,1,18,1,1,1,11,3
61,6,1,24,0,1,1,7,3
62,4,0,24,1,0,3,5,1
63,4,0,23,0,1,1,13,2
64,0,0,21,0,1,2,10,2
65,NA,NA,21,1,1,1,8,NA
66,NA,NA,22,1,0,2,NA,2
67,8,1,20,1,1,1,4,2
68,6,1,24,0,0,1,19,3
69,5,0,24,0,0,3,7,3
70,NA,NA,18,0,1,3,8,2
71,5,0,24,0,0,NA,12,2
72,0,0,21,0,1,1,12,3
73,3,0,25,0,1,1,13,3
74,13,1,21,0,1,1,9,2
75,13,1,25,1,0,1,5,2
76,3,0,21,1,1,3,9,2
77,5,0,22,NA,0,1,10,3
78,7,1,22,1,1,1,11,2
79,NA,NA,22,1,0,4,5,1
80,12,1,20,1,1,4,NA,2
81,9,1,19,1,1,1,10,3
82,3,0,22,0,1,3,4,2
83,1,0,25,0,1,2,10,3
84,5,0,24,1,0,4,7,2
85,3,0,24,0,1,1,14,3
86,9,1,22,1,1,3,2,1
87,3,0,23,0,1,2,9,2
88,NA,NA,24,0,1,4,8,3
89,8,1,18,1,1,1,12,1
90,3,0,20,1,0,1,8,2
91,NA,NA,20,0,0,1,NA,3
92,1,0,25,0,0,1,12,3
93,9,1,18,1,0,3,11,2
94,3,0,24,0,1,1,10,3
95,6,1,21,NA,1,1,13,3
96,8,1,21,1,1,1,11,3
97,3,0,18,0,0,1,12,2
98,NA,NA,19,1,1,2,6,2
99,5,0,18,1,1,3,13,3
100,NA,NA,20,0,1,3,6,1
101,7,1,22,1,1,3,1,NA
102,0,0,21,0,1,1,10,3
103,4,0,18,0,1,1,7,2
104,1,0,20,0,0,1,12,2
105,4,0,23,0,1,1,9,2
106,NA,NA,19,0,1,3,2,2
107,NA,NA,24,1,1,2,4,2
108,6,1,21,1,1,1,NA,2
109,NA,NA,22,1,1,3,10,1
110,NA,NA,18,1,0,1,3,2
111,NA,NA,19,0,1,3,7,1
112,NA,NA,18,1,0,2,7,2
113,4,0,20,1,1,1,11,3
114,5,0,20,1,1,1,7,2
115,NA,NA,19,1,1,4,7,2
116,3,0,23,0,1,3,3,2
117,2,0,18,1,1,1,11,2
118,NA,NA,25,0,1,1,8,2
119,NA,NA,23,1,0,1,15,3
120,NA,NA,25,NA,1,1,12,3
121,7,1,22,1,1,3,5,2
122,NA,NA,24,0,1,3,8,2
123,0,0,20,0,1,1,9,3
124,6,1,24,1,0,NA,6,2
125,3,0,22,0,0,3,NA,2
126,8,1,23,0,0,4,11,3
127,4,0,23,NA,1,2,8,NA
128,10,1,25,1,0,1,8,1
129,9,1,22,NA,1,1,7,1
130,4,0,22,1,0,1,9,2
131,3,0,22,0,1,1,NA,3
132,3,0,20,1,0,3,3,2
133,12,1,24,0,0,1,9,2
134,0,0,24,0,1,2,8,3
135,16,1,25,1,1,4,3,2
136,4,0,19,1,1,1,11,2
137,15,1,25,1,1,3,10,2
138,NA,NA,21,0,0,1,10,2
139,3,0,21,1,1,3,9,3
140,5,0,23,1,0,4,9,2
141,4,0,22,0,0,2,NA,2
142,8,1,24,1,1,3,2,2
143,5,0,21,0,1,3,6,2
144,4,0,25,0,0,3,5,2
145,1,0,18,1,1,3,NA,2
146,6,1,18,1,0,1,3,1
147,NA,NA,19,1,1,1,NA,2
148,6,1,24,0,0,3,11,2
149,24,1,23,1,0,1,4,NA
150,5,0,23,0,1,1,9,NA
151,5,0,18,0,1,1,9,3
152,15,1,25,1,1,3,7,2
153,3,0,22,0,0,2,NA,2
154,8,1,23,0,0,1,6,2
155,3,0,19,1,1,3,5,NA
156,7,1,24,1,1,1,16,2
157,4,0,20,0,1,1,NA,3
158,NA,NA,18,1,0,1,10,3
159,NA,NA,18,1,0,4,2,2
160,NA,NA,22,1,1,1,4,3
161,NA,NA,21,1,0,1,NA,3
162,9,1,24,0,1,1,NA,2
163,4,0,24,0,1,3,10,NA
164,NA,NA,25,0,0,1,11,3
165,6,1,23,1,1,1,6,2
166,8,1,24,0,1,1,13,2
167,2,0,21,NA,1,NA,5,3
168,15,1,19,1,1,1,10,2
169,NA,NA,23,1,0,NA,8,3
170,NA,NA,24,1,0,4,11,2
171,0,0,19,0,1,1,12,3
172,NA,NA,22,1,1,4,8,1
173,0,0,23,0,1,2,7,NA
174,9,1,25,1,0,4,5,2
175,2,0,21,0,0,3,8,3
176,NA,NA,19,1,0,3,4,3
177,8,1,18,0,0,2,9,2
178,2,0,19,0,1,1,12,2
179,2,0,18,1,0,1,8,2
180,5,0,25,0,1,1,13,2
181,NA,NA,18,1,1,1,15,3
182,6,1,21,1,1,NA,NA,2
183,4,0,19,1,1,1,8,2
184,15,1,20,1,0,1,6,2
185,NA,NA,19,0,1,NA,16,NA
186,1,0,19,0,0,1,10,3
187,6,1,22,0,1,1,9,3
188,21,1,21,0,1,1,4,2
189,5,0,24,0,1,1,11,2
190,NA,NA,18,1,1,NA,10,2
191,3,0,21,1,0,NA,NA,2
192,13,1,23,0,1,3,8,3
193,3,0,25,0,0,1,12,2
194,3,0,20,1,1,1,13,3
195,3,0,18,1,1,3,8,NA
196,NA,NA,22,0,1,1,7,3
197,3,0,22,1,1,1,7,2
198,NA,NA,23,1,0,1,5,2
199,3,0,20,1,0,3,7,2
200,7,1,20,0,1,1,5,3
201,NA,NA,23,0,1,1,10,3
202,NA,NA,25,0,0,3,3,2
203,1,0,22,0,0,1,16,NA
204,3,0,20,1,1,3,9,2
205,5,0,18,0,1,1,NA,3
206,4,0,21,1,1,3,7,2
207,2,0,24,0,1,1,10,3
208,4,0,19,1,1,1,7,2
209,5,0,23,1,1,2,7,2
210,NA,NA,24,1,0,3,9,3
211,3,0,23,0,0,1,5,2
212,6,1,23,0,1,3,6,2
213,5,0,24,1,1,1,10,2
214,10,1,22,0,0,NA,2,2
215,9,1,25,1,1,1,12,2
216,3,0,24,0,1,1,15,1
217,3,0,25,0,0,1,16,2
218,8,1,24,1,0,1,2,2
219,12,1,25,1,1,1,7,3
220,1,0,18,0,0,1,6,2
221,12,1,24,0,1,3,6,2
222,2,0,19,0,1,3,9,2
223,3,0,20,1,0,1,5,NA
224,3,0,24,0,0,1,8,2
225,4,0,21,0,1,1,11,2
226,1,0,18,NA,1,4,12,2
227,3,0,19,0,1,1,7,3
228,NA,NA,25,1,1,1,9,3
229,1,0,19,1,1,2,9,2
230,NA,NA,21,NA,0,3,7,2
231,9,1,18,1,1,1,11,NA
232,NA,NA,21,0,1,3,1,2
233,2,0,19,0,1,1,11,2
234,2,0,20,0,1,2,10,3
235,1,0,18,NA,0,3,3,2
236,6,1,25,0,1,1,12,2
237,9,1,19,1,0,1,7,2
238,15,1,25,1,1,1,NA,2
239,3,0,20,0,1,1,3,1
240,3,0,25,0,1,1,14,2
241,NA,NA,24,1,0,1,10,2
242,NA,NA,23,0,1,1,NA,3
243,2,0,21,0,1,2,15,3
244,2,0,18,0,0,1,11,3
245,5,0,20,1,1,1,7,NA
246,5,0,25,1,1,1,13,3
247,8,1,25,1,0,1,10,2
248,4,0,19,1,1,1,12,2
249,8,1,22,0,1,1,11,2
250,9,1,24,1,1,4,9,2
251,2,0,20,0,0,1,10,3
252,2,0,23,0,1,3,7,2
253,NA,NA,18,1,0,2,4,1
254,4,0,23,0,1,1,6,3
255,3,0,24,0,1,3,11,3
256,2,0,18,0,0,1,10,2
257,NA,NA,19,1,1,1,3,2
258,3,0,19,0,1,1,15,3
259,0,0,18,0,1,2,11,2
260,8,1,24,1,1,1,NA,2
261,4,0,19,1,0,1,6,2
262,NA,NA,19,0,0,1,6,1
263,3,0,23,0,0,1,19,3
264,3,0,18,NA,0,2,8,2
265,6,1,25,0,1,3,4,2
266,8,1,24,NA,1,3,8,2
267,NA,NA,19,0,1,2,NA,2
268,2,0,21,NA,1,3,4,2
269,6,1,19,0,1,1,10,2
270,2,0,18,1,1,1,9,3
271,3,0,20,1,1,2,8,3
272,1,0,18,0,1,3,10,2
273,9,1,19,0,1,1,NA,2
274,15,1,25,1,0,4,16,2
275,10,1,24,1,1,4,7,2
276,7,1,25,1,0,4,8,2
277,9,1,25,0,0,1,14,3
278,4,0,25,0,0,NA,NA,2
279,4,0,22,0,0,2,14,3
280,1,0,19,0,1,3,10,2
281,1,0,20,0,0,1,NA,2
282,8,1,21,1,1,NA,1,2
283,1,0,18,1,1,1,10,2
284,0,0,22,0,0,3,8,2
285,9,1,22,0,1,1,12,2
286,4,0,25,0,0,NA,12,2
287,6,1,23,0,0,3,2,1
288,4,0,21,0,1,1,NA,2
289,7,1,23,1,0,1,10,3
290,2,0,18,0,0,1,6,3
291,7,1,25,1,1,1,12,3
292,4,0,22,0,1,3,NA,2
293,3,0,18,0,0,1,13,3
294,2,0,22,1,1,3,7,2
295,0,0,19,0,1,3,9,2
296,3,0,25,0,0,1,8,3
297,9,1,25,0,1,3,NA,2
298,NA,NA,20,0,0,4,8,3
299,4,0,25,0,1,4,12,2
300,1,0,21,0,0,1,8,2
301,0,0,18,0,0,1,11,3
302,3,0,21,1,1,3,4,2
303,7,1,18,1,0,1,9,2
304,1,0,19,0,1,3,5,3
305,3,0,22,0,0,1,6,2
306,NA,NA,24,0,1,1,13,NA
307,3,0,25,0,1,1,13,NA
308,NA,NA,21,1,0,3,5,2
309,3,0,23,0,1,1,8,3
310,19,1,25,0,1,1,10,3
311,6,1,22,1,1,3,1,2
312,NA,NA,25,0,0,1,8,1
313,NA,NA,24,1,1,1,11,3
314,2,0,21,0,1,3,11,3
315,5,0,20,1,1,2,5,2
316,NA,NA,23,1,1,NA,10,3
317,NA,NA,23,1,1,1,7,2
318,9,1,25,1,0,2,15,2
319,NA,NA,25,1,0,1,12,2
320,3,0,19,1,0,1,NA,2
321,8,1,20,0,1,4,NA,NA
322,NA,NA,19,0,1,4,3,3
323,NA,NA,21,0,1,NA,NA,3
324,0,0,20,NA,1,1,7,3
325,1,0,18,0,0,1,4,NA
326,4,0,20,0,1,3,7,2
327,3,0,21,0,1,1,13,3
328,4,0,22,0,1,3,1,2
329,1,0,22,0,0,1,12,2
330,6,1,24,0,1,1,5,2
331,NA,NA,18,1,1,3,8,2
332,5,0,23,0,0,2,10,3
333,6,1,25,0,1,3,NA,2
334,3,0,20,1,1,1,9,3
335,3,0,22,1,1,2,NA,2
336,5,0,24,0,0,1,8,1
337,3,0,19,1,1,3,11,2
338,8,1,24,1,0,NA,12,3
339,1,0,23,0,0,1,12,3
340,8,1,18,0,1,1,10,2
341,3,0,23,0,1,1,5,NA
342,12,1,22,0,0,2,6,2
343,NA,NA,22,0,1,1,4,2
344,9,1,22,0,0,1,7,2
345,3,0,18,1,0,3,8,2
346,3,0,19,0,0,NA,8,1
347,NA,NA,23,0,0,1,5,2
348,NA,NA,24,1,0,1,5,2
349,2,0,21,0,1,3,9,2
350,9,1,21,0,1,1,12,NA
351,9,1,24,0,1,NA,8,2
352,0,0,21,0,0,1,8,2
353,5,0,25,0,0,1,7,2
354,3,0,24,0,0,1,8,2
355,NA,NA,20,0,0,1,6,3
356,3,0,18,0,0,1,9,3
357,NA,NA,20,0,0,3,NA,2
358,4,0,22,NA,1,4,NA,1
359,8,1,24,1,0,1,10,2
360,4,0,24,0,0,3,12,2
361,5,0,21,0,0,2,NA,2
362,3,0,21,1,1,2,8,2
363,7,1,21,1,1,3,7,NA
364,2,0,21,0,0,1,10,2
365,2,0,20,0,0,1,7,2
366,NA,NA,23,1,1,NA,4,2
367,NA,NA,22,1,1,3,NA,1
368,10,1,22,1,1,1,5,1
369,NA,NA,22,1,1,1,NA,3
370,5,0,21,0,1,1,7,2
371,2,0,18,0,0,1,11,1
372,8,1,21,NA,0,1,NA,1
373,7,1,24,0,1,1,11,3
374,3,0,18,0,1,1,13,3
375,3,0,21,0,1,4,3,2
376,4,0,18,0,1,1,11,1
377,12,1,25,1,1,1,7,NA
378,NA,NA,25,NA,1,3,6,2
379,4,0,19,1,0,1,6,2
380,NA,NA,19,0,0,1,9,2
381,2,0,21,NA,1,3,5,3
382,9,1,20,0,1,1,12,3
383,NA,NA,25,0,0,1,17,3
384,2,0,20,0,0,2,11,2
385,1,0,18,0,0,3,NA,2
386,3,0,18,1,0,3,7,2
387,7,1,23,1,0,1,13,2
388,5,0,20,0,0,1,13,3
389,NA,NA,25,0,0,1,6,2
390,5,0,20,1,1,1,12,2
391,1,0,18,NA,1,2,NA,3
392,7,1,22,1,1,3,10,2
393,0,0,23,0,1,1,10,2
394,7,1,24,0,1,1,NA,1
395,5,0,24,0,0,3,12,3
396,6,1,24,0,1,1,5,2
397,3,0,18,1,1,3,9,3
398,6,1,23,0,1,4,12,2
399,6,1,19,1,0,1,9,2
400,3,0,23,0,0,2,8,2
401,0,0,23,0,1,1,9,3
402,2,0,22,0,1,3,10,2
403,6,1,22,1,1,1,NA,2
404,1,0,18,0,0,4,7,2
405,2,0,18,0,0,3,10,2
406,5,0,24,0,1,4,2,NA
407,7,1,25,0,1,1,NA,3
408,7,1,21,0,1,1,3,2
409,1,0,25,0,0,2,9,2
410,4,0,19,NA,1,2,6,2
411,NA,NA,19,0,1,1,7,2
412,6,1,20,1,1,1,NA,1
413,NA,NA,18,1,1,1,5,2
414,5,0,24,0,1,1,4,1
415,6,1,24,0,0,2,5,2
416,18,1,25,1,1,3,1,2
417,NA,NA,23,1,0,2,11,2
418,10,1,24,1,1,1,NA,2
419,2,0,18,0,0,1,8,2
420,2,0,18,0,1,1,14,3
421,8,1,23,1,1,1,11,2
422,7,1,25,0,1,NA,9,2
423,NA,NA,21,0,0,1,12,3
424,7,1,25,0,1,1,9,2
425,2,0,24,0,1,1,9,3
426,6,1,25,0,1,1,2,1
427,NA,NA,24,0,1,NA,12,3
428,4,0,21,1,1,3,8,2
429,3,0,19,0,1,1,13,3
430,NA,NA,18,0,0,2,NA,NA
431,2,0,21,0,1,1,5,3
432,NA,NA,20,1,1,1,10,2
433,NA,NA,20,0,0,3,10,2
434,7,1,24,NA,1,3,9,NA
435,NA,NA,24,0,0,1,5,3
436,9,1,25,1,0,NA,NA,2
437,5,0,21,0,1,3,7,2
438,2,0,19,0,1,1,NA,2
439,3,0,18,1,0,1,13,2
440,NA,NA,24,0,0,2,10,3
441,0,0,18,0,1,3,11,2
442,4,0,19,1,0,NA,NA,2
443,7,1,21,1,0,1,4,2
444,12,1,25,0,0,3,4,1
445,9,1,25,0,0,1,12,3
446,2,0,18,0,1,1,5,2
447,NA,NA,23,0,0,1,7,3
448,NA,NA,19,1,1,1,9,2
449,3,0,23,0,1,3,10,2
450,3,0,21,1,0,1,13,2
451,NA,NA,18,0,0,2,NA,1
452,NA,NA,19,1,0,1,8,1
453,NA,NA,23,1,0,NA,NA,1
454,3,0,18,0,1,2,NA,3
455,6,1,23,1,1,1,8,2
456,2,0,25,0,1,1,11,2
457,3,0,25,0,0,3,8,2
458,3,0,20,1,1,3,10,2
459,8,1,22,1,0,1,7,2
460,NA,NA,21,1,1,1,18,2
461,10,1,21,1,1,3,NA,2
462,15,1,24,1,1,2,10,2
463,5,0,23,1,0,3,2,2
464,NA,NA,23,0,1,1,10,3
465,10,1,25,1,1,1,3,NA
466,3,0,23,1,1,NA,5,2
467,10,1,24,1,0,NA,7,3
468,NA,NA,23,1,1,3,1,1
469,6,1,25,0,1,1,7,2
470,1,0,18,0,1,3,5,2
471,9,1,23,1,1,4,6,2
472,12,1,25,1,1,3,7,2
473,3,0,24,0,1,1,5,3
474,4,0,23,0,1,3,4,2
475,1,0,18,0,0,NA,7,3
476,NA,NA,19,0,1,3,NA,1
477,5,0,23,1,0,1,13,2
478,8,1,24,1,1,1,10,2
479,1,0,20,0,0,1,7,NA
480,1,0,20,1,1,3,7,2
481,1,0,18,0,0,1,8,3
482,2,0,20,0,1,1,15,NA
483,1,0,20,0,0,2,9,2
484,4,0,19,1,1,1,15,3
485,5,0,22,1,1,NA,12,3
486,NA,NA,18,1,1,2,NA,1
487,5,0,25,0,1,1,13,2
488,NA,NA,22,1,1,2,2,2
489,8,1,25,1,1,1,9,2
490,0,0,22,0,0,2,NA,2
491,2,0,19,1,0,1,13,3
492,4,0,22,NA,1,3,NA,2
493,3,0,20,1,1,4,8,2
494,NA,NA,25,0,0,3,10,3
495,NA,NA,19,0,1,1,13,2
496,1,0,19,1,0,1,16,3
497,2,0,22,0,0,2,10,3
498,0,0,23,0,1,1,8,2
499,12,1,25,1,0,1,11,2
500,7,1,20,1,0,1,12,3
501,1,0,19,0,0,3,9,2
502,2,0,24,0,1,1,14,3
503,3,0,22,0,1,1,9,2
504,1,0,20,0,1,1,12,2
505,NA,NA,25,1,1,3,NA,2
506,3,0,22,0,1,1,6,2
507,5,0,19,0,1,1,6,1
508,16,1,21,1,0,1,8,2
509,NA,NA,18,1,1,1,15,2
510,3,0,25,0,0,1,8,2
511,NA,NA,22,1,1,1,11,1
512,NA,NA,19,0,1,2,3,2
513,6,1,21,0,1,1,5,2
514,1,0,20,0,0,1,7,2
515,3,0,20,0,0,NA,7,3
516,NA,NA,18,1,1,1,9,2
517,12,1,19,1,1,3,NA,1
518,6,1,22,0,1,3,NA,1
519,3,0,22,0,1,4,9,2
520,3,0,24,0,0,1,12,3
521,2,0,20,0,1,2,9,2
522,5,0,20,1,1,3,2,2
523,3,0,19,0,1,3,7,3
524,0,0,20,0,1,3,7,2
525,5,0,23,NA,1,1,3,2
526,NA,NA,18,0,0,1,11,2
527,10,1,25,1,1,3,NA,1
528,7,1,22,1,0,1,14,3
529,3,0,21,0,1,NA,12,3
530,3,0,19,1,0,1,16,2
531,1,0,22,0,1,4,7,2
532,NA,NA,23,0,0,1,11,2
533,1,0,21,1,1,2,15,3
534,3,0,22,0,0,1,10,3
535,4,0,23,1,1,4,NA,2
536,6,1,23,1,1,1,4,2
537,NA,NA,21,0,0,3,6,2
538,8,1,25,1,0,1,7,2
539,NA,NA,25,NA,0,1,13,3
540,NA,NA,24,0,0,NA,6,2
541,NA,NA,23,1,1,1,7,NA
542,NA,NA,25,0,1,3,NA,3
543,5,0,25,0,1,3,12,2
544,4,0,18,1,0,1,8,2
545,2,0,21,1,1,1,12,2
546,3,0,20,1,1,1,10,1
547,4,0,21,0,1,3,8,1
548,NA,NA,25,1,0,3,9,3
549,NA,NA,18,1,1,1,13,2
550,NA,NA,18,0,1,4,14,NA
551,4,0,21,0,1,1,14,2
552,0,0,19,0,0,1,14,2
553,3,0,21,0,0,1,6,3
554,4,0,22,0,0,3,10,2
555,NA,NA,19,0,0,3,NA,2
556,1,0,19,0,0,1,8,2
557,3,0,24,1,0,1,11,2
558,NA,NA,19,0,1,1,9,2
559,4,0,18,0,0,1,10,3
560,NA,NA,23,0,1,1,7,2
561,9,1,22,0,1,1,1,2
562,NA,NA,19,0,1,2,NA,1
563,NA,NA,20,1,1,2,6,2
564,12,1,24,1,0,1,8,2
565,NA,NA,19,1,1,1,6,3
566,3,0,25,0,0,2,13,3
567,5,0,23,1,1,NA,7,2
568,5,0,18,1,1,1,6,NA
569,3,0,20,0,1,3,NA,2
570,1,0,21,0,1,1,13,3
571,4,0,22,0,1,4,8,3
572,4,0,22,0,1,3,12,2
573,4,0,19,0,1,1,10,2
574,9,1,20,0,0,1,7,3
575,NA,NA,23,1,1,3,5,1
576,5,0,19,1,1,1,13,3
577,1,0,23,0,1,3,NA,1
578,3,0,24,0,1,3,13,3
579,2,0,21,0,1,3,8,3
580,5,0,22,0,1,2,6,2
581,4,0,24,0,1,2,8,2
582,16,1,25,1,0,4,3,2
583,2,0,25,0,1,3,NA,2
584,3,0,18,1,0,3,NA,2
585,4,0,24,0,1,3,4,2
586,9,1,25,1,0,1,NA,NA
587,NA,NA,19,1,1,1,4,2
588,6,1,20,1,0,3,4,1
589,7,1,18,1,1,3,1,2
590,7,1,24,1,1,1,10,2
591,7,1,23,0,0,1,8,2
592,NA,NA,20,1,1,3,3,1
593,15,1,19,1,1,1,10,3
594,6,1,22,1,1,1,14,3
595,6,1,22,1,0,1,5,2
596,5,0,25,1,1,1,11,2
597,4,0,25,0,1,1,11,2
598,1,0,20,0,1,1,4,2
599,6,1,22,1,0,1,8,1
600,NA,NA,25,0,0,1,11,3
601,1,0,21,0,1,NA,10,2
602,NA,NA,20,0,1,1,NA,2
603,8,1,24,1,1,3,2,1
604,NA,NA,23,0,1,1,12,2
605,4,0,19,0,1,3,6,2
606,19,1,18,0,0,1,13,2
607,NA,NA,24,0,0,1,9,2
608,0,0,18,0,1,3,9,3
609,5,0,22,1,0,2,8,2
610,3,0,19,1,1,1,10,NA
611,1,0,19,0,1,1,12,2
612,7,1,24,0,1,3,7,2
613,2,0,19,0,0,1,14,2
614,7,1,23,0,1,1,NA,NA
615,8,1,24,1,0,1,3,2
616,NA,NA,19,1,0,1,2,2
617,NA,NA,22,1,0,1,8,3
618,NA,NA,25,1,1,2,NA,2
619,3,0,18,1,1,1,7,2
620,3,0,19,0,1,1,13,2
621,3,0,21,0,1,2,3,2
622,8,1,20,1,1,1,11,3
623,4,0,25,1,0,2,5,2
624,NA,NA,19,1,1,NA,1,1
625,NA,NA,18,1,1,1,2,1
626,15,1,23,1,1,1,6,3
627,3,0,20,0,0,1,7,2
628,6,1,23,1,1,3,5,2
629,9,1,20,1,1,1,3,2
630,3,0,24,0,1,4,6,2
631,NA,NA,25,1,0,1,7,3
632,1,0,22,0,1,2,16,3
633,1,0,21,0,1,1,15,3
634,5,0,20,1,1,1,13,3
635,1,0,19,0,1,2,6,2
636,5,0,21,1,1,1,NA,2
637,3,0,19,1,0,1,7,2
638,7,1,22,NA,0,1,13,3
639,NA,NA,22,1,0,1,14,2
640,NA,NA,21,1,1,1,13,2
641,NA,NA,23,1,1,1,5,2
642,4,0,23,0,1,1,7,2
643,NA,NA,20,1,1,3,NA,1
644,3,0,18,1,0,1,15,2
645,4,0,20,1,1,1,4,2
646,9,1,21,0,0,1,7,2
647,10,1,18,NA,0,1,13,3
648,13,1,24,1,1,1,7,2
649,19,1,22,0,0,1,2,1
650,NA,NA,22,1,1,1,9,3
651,8,1,25,1,0,3,NA,2
652,1,0,19,0,0,1,8,3
653,3,0,18,NA,0,2,8,2
654,3,0,20,0,1,1,7,2
655,6,1,25,0,0,3,9,2
656,10,1,18,1,1,1,13,2
657,4,0,24,0,0,1,7,2
658,3,0,22,NA,1,1,8,2
659,6,1,18,1,1,1,3,1
660,7,1,22,1,1,1,NA,2
661,3,0,24,1,1,1,9,3
662,NA,NA,18,1,1,1,1,2
663,8,1,25,0,0,1,8,2
664,3,0,24,0,0,1,16,3
665,4,0,21,0,0,1,5,1
666,4,0,19,0,1,NA,6,NA
667,9,1,22,1,1,NA,8,2
668,3,0,20,0,0,1,4,2
669,12,1,22,1,1,1,6,NA
670,NA,NA,20,1,1,NA,9,3
671,NA,NA,19,0,1,3,7,2
672,0,0,25,0,0,2,9,3
673,NA,NA,21,1,0,NA,NA,3
674,10,1,22,1,1,1,5,2
675,3,0,22,0,0,2,NA,3
676,8,1,24,0,1,1,8,2
677,12,1,19,1,0,1,7,2
678,4,0,19,1,1,1,8,2
679,NA,NA,20,0,1,1,6,2
680,7,1,24,1,1,3,NA,1
681,3,0,20,0,1,1,16,2
682,NA,NA,21,0,1,NA,4,2
683,3,0,24,0,0,4,8,2
684,10,1,21,1,0,4,6,2
685,12,1,23,0,0,2,8,2
686,2,0,22,0,1,3,12,2
687,4,0,25,1,1,3,9,2
688,3,0,23,1,1,NA,NA,2
689,3,0,18,1,1,1,12,3
690,6,1,24,0,0,NA,NA,3
691,1,0,22,0,0,4,9,1
692,2,0,18,0,0,1,9,3
693,12,1,20,0,1,NA,6,2
694,4,0,25,0,1,1,15,2
695,6,1,25,0,0,NA,8,2
696,3,0,18,1,0,4,9,1
697,2,0,18,0,1,1,3,3
698,6,1,22,1,0,1,8,2
699,3,0,24,0,1,1,15,3
700,4,0,19,1,0,1,9,2
701,1,0,19,0,1,3,3,2
702,6,1,22,1,1,1,6,2
703,1,0,20,0,1,1,14,2
704,1,0,20,0,0,1,5,3
705,7,1,22,0,0,1,8,2
706,3,0,18,1,1,1,9,2
707,5,0,19,0,1,1,13,2
708,6,1,23,1,0,1,9,2
709,3,0,19,1,1,3,4,2
710,0,0,23,0,1,2,15,3
711,1,0,18,0,0,1,14,2
712,4,0,22,0,1,4,6,2
713,13,1,20,NA,0,NA,5,2
714,NA,NA,23,0,1,1,9,2
715,4,0,24,0,1,1,7,2
716,4,0,20,1,0,1,12,2
717,8,1,25,1,0,1,10,1
718,8,1,25,1,1,2,5,2
719,NA,NA,20,0,0,1,12,3
720,4,0,23,0,1,1,NA,2
721,15,1,25,0,1,1,6,2
722,3,0,19,0,1,3,5,2
723,1,0,22,0,1,1,12,2
724,NA,NA,24,1,0,1,9,2
725,7,1,21,1,0,3,NA,2
726,2,0,18,1,1,3,10,1
727,3,0,18,1,1,1,10,2
728,2,0,22,0,0,3,NA,2
729,3,0,23,1,0,1,13,3
730,2,0,19,0,1,1,10,2
731,NA,NA,18,0,1,NA,5,2
732,4,0,25,NA,0,1,NA,1
733,2,0,20,0,1,1,10,2
734,3,0,21,1,0,4,12,2
735,NA,NA,21,1,1,1,NA,3
736,1,0,20,0,1,1,8,2
737,3,0,20,0,0,3,NA,1
738,15,1,25,1,0,1,12,2
739,16,1,24,0,1,1,8,3
740,4,0,21,1,1,1,5,2
741,3,0,24,0,0,3,10,2
742,NA,NA,22,1,1,3,2,1
743,NA,NA,21,0,1,4,9,2
744,7,1,22,1,1,1,8,3
745,NA,NA,18,0,1,3,9,NA
746,1,0,21,0,1,2,10,3
747,3,0,20,0,1,4,15,3
748,5,0,21,1,0,1,10,2
749,0,0,25,0,1,NA,NA,3
750,3,0,19,1,1,3,6,1
751,1,0,20,0,1,4,12,2
752,4,0,22,0,1,1,6,NA
753,4,0,24,1,0,3,8,2
754,0,0,19,0,0,4,5,3
755,8,1,24,1,1,1,10,3
756,1,0,18,0,1,1,15,NA
757,6,1,25,0,1,1,9,2
758,3,0,24,0,1,1,10,3
759,6,1,20,1,1,1,1,2
760,NA,NA,21,0,1,1,4,2
761,4,0,23,0,1,3,8,2
762,0,0,18,0,1,1,10,3
763,0,0,20,0,1,1,17,3
764,NA,NA,22,0,1,3,NA,1
765,3,0,23,NA,0,3,5,2
766,5,0,24,0,0,4,7,1
767,8,1,22,1,1,1,NA,2
768,1,0,18,1,1,4,7,3
769,NA,NA,19,1,0,1,4,2
770,0,0,19,0,1,3,14,3
771,2,0,18,0,1,1,7,2
772,5,0,20,1,0,1,5,2
773,NA,NA,19,1,1,3,NA,2
774,2,0,22,1,1,3,6,3
775,5,0,24,0,1,3,13,NA
776,3,0,18,0,1,1,10,2
777,12,1,24,1,0,4,3,2
778,7,1,20,0,0,1,11,3
779,7,1,23,0,0,1,7,2
780,NA,NA,25,0,1,4,5,2
781,3,0,21,0,1,1,4,2
782,4,0,21,0,0,4,6,2
783,2,0,21,0,1,1,7,3
784,6,1,25,0,0,1,9,2
785,8,1,23,0,1,NA,8,NA
786,NA,NA,22,1,1,3,7,3
787,3,0,19,0,1,2,8,3
788,8,1,25,0,1,2,2,3
789,3,0,23,0,1,4,7,3
790,NA,NA,25,1,1,NA,7,2
791,3,0,18,0,1,1,8,3
792,1,0,24,0,1,2,17,3
793,3,0,23,0,0,1,10,2
794,9,1,24,1,1,2,8,2
795,NA,NA,18,0,1,3,9,3
796,8,1,21,0,1,1,NA,3
797,9,1,23,0,1,NA,13,3
798,2,0,22,0,0,1,16,3
799,NA,NA,18,0,0,1,5,1
800,3,0,18,1,1,1,NA,3
801,8,1,25,0,1,3,9,2
802,NA,NA,25,0,1,2,8,2
803,7,1,25,0,1,4,8,2
804,3,0,25,0,0,1,11,3
805,3,0,25,0,0,3,3,1
806,5,0,20,1,1,3,11,2
807,7,1,23,1,0,4,9,2
808,1,0,21,1,0,1,11,3
809,7,1,24,0,0,3,6,2
810,21,1,25,0,0,1,7,2
811,7,1,24,1,1,1,15,3
812,3,0,22,1,0,4,6,3
813,7,1,22,1,0,1,7,3
814,7,1,19,0,1,3,NA,2
815,1,0,23,1,0,1,NA,2
816,6,1,18,0,1,NA,5,2
817,3,0,19,0,0,1,NA,2
818,13,1,24,1,0,1,12,2
819,9,1,25,0,1,1,9,2
820,9,1,24,1,1,1,8,3
821,NA,NA,20,1,0,1,10,2
822,10,1,22,1,1,3,NA,1
823,NA,NA,21,0,0,4,7,NA
824,6,1,25,0,1,3,NA,2
825,2,0,20,0,1,NA,9,2
826,6,1,18,0,0,1,10,2
827,3,0,20,1,1,NA,8,3
828,4,0,20,1,1,1,8,2
829,21,1,19,1,1,1,7,2
830,NA,NA,21,0,1,1,NA,3
831,7,1,23,1,1,1,10,2
832,NA,NA,20,1,1,NA,NA,1
833,NA,NA,23,1,1,1,8,2
834,NA,NA,21,1,1,1,NA,2
835,0,0,18,1,0,1,5,2
836,3,0,18,1,1,1,9,2
837,2,0,19,0,1,3,NA,1
838,0,0,19,0,0,NA,15,3
839,3,0,21,0,1,1,13,3
840,3,0,23,0,1,3,9,3
841,2,0,20,0,1,1,9,3
842,13,1,21,1,0,1,9,2
843,2,0,18,1,0,1,11,2
844,0,0,18,0,1,2,12,3
845,2,0,24,0,0,1,6,2
846,0,0,20,0,1,1,11,3
847,2,0,20,0,1,3,NA,2
848,6,1,24,1,0,1,9,2
849,NA,NA,20,0,0,1,5,2
850,10,1,21,0,0,1,6,2
851,3,0,23,1,1,1,3,3
852,NA,NA,24,1,0,2,13,2
853,NA,NA,25,NA,1,1,9,2
854,3,0,23,0,1,3,8,2
855,NA,NA,20,1,1,4,3,2
856,6,1,23,0,0,NA,NA,2
857,1,0,20,0,0,4,9,2
858,NA,NA,18,1,1,1,8,2
859,3,0,20,1,1,NA,10,2
860,NA,NA,18,1,0,1,4,2
861,9,1,20,1,0,1,7,2
862,6,1,25,0,1,1,7,2
863,NA,NA,22,0,1,1,12,2
864,3,0,19,0,1,1,13,2
865,NA,NA,18,0,1,1,12,3
866,10,1,25,0,1,2,10,2
867,1,0,21,0,0,1,10,2
868,5,0,24,1,0,1,12,2
869,4,0,23,1,0,3,13,1
870,NA,NA,23,0,1,1,9,2
871,3,0,18,1,0,NA,6,2
872,2,0,20,0,0,1,7,2
873,NA,NA,18,0,1,3,6,2
874,5,0,25,0,1,2,5,2
875,5,0,24,0,1,3,7,NA
876,6,1,24,1,1,1,4,2
877,2,0,18,0,0,1,9,2
878,3,0,18,1,1,1,5,2
879,7,1,21,1,0,NA,5,2
880,3,0,19,1,1,2,NA,2
881,4,0,24,0,1,1,11,3
882,9,1,24,1,1,1,NA,2
883,9,1,23,0,1,4,5,2
884,7,1,23,1,1,2,8,1
885,3,0,19,1,1,1,7,2
886,2,0,18,1,1,3,12,3
887,1,0,24,0,0,3,NA,2
888,NA,NA,21,1,1,2,7,2
889,NA,NA,22,0,1,4,15,3
890,5,0,20,1,1,NA,NA,2
891,16,1,24,1,1,1,9,2
892,9,1,24,1,1,NA,4,2
893,2,0,19,0,0,1,8,3
894,16,1,23,1,1,1,10,3
895,3,0,21,0,0,3,10,NA
896,7,1,20,1,1,1,15,2
897,6,1,21,1,1,2,4,1
898,1,0,21,0,1,1,11,2
899,12,1,23,1,1,4,6,NA
900,NA,NA,25,1,1,3,9,2
901,NA,NA,19,1,0,3,7,2
902,3,0,21,1,0,1,7,2
903,3,0,22,0,1,1,11,3
904,NA,NA,23,1,1,NA,9,1
905,13,1,24,1,1,1,2,2
906,5,0,25,0,1,1,12,3
907,3,0,20,0,0,1,11,3
908,NA,NA,24,1,1,3,NA,3
909,4,0,25,1,1,4,7,1
910,5,0,22,0,0,1,9,3
911,NA,NA,18,1,1,1,9,2
912,13,1,25,1,0,1,6,2
913,NA,NA,24,0,1,1,13,2
914,1,0,19,0,1,4,8,2
915,NA,NA,20,0,0,1,7,2
916,13,1,21,1,1,1,8,2
917,0,0,18,0,1,2,15,2
918,3,0,19,0,1,1,4,NA
919,13,1,25,0,1,1,6,2
920,6,1,24,0,0,3,9,1
921,0,0,19,0,1,3,9,2
922,NA,NA,25,0,1,1,14,3
923,5,0,20,1,1,3,6,2
924,3,0,22,0,1,1,14,2
925,1,0,19,0,1,NA,10,2
926,3,0,19,0,1,1,NA,3
927,10,1,25,0,0,1,5,2
928,NA,NA,19,1,0,NA,6,1
929,NA,NA,25,1,1,1,11,2
930,1,0,25,0,0,1,13,3
931,3,0,21,1,1,1,9,2
932,1,0,19,0,1,1,6,3
933,3,0,18,0,1,3,NA,2
934,0,0,19,0,0,1,12,NA
935,2,0,20,0,1,1,15,2
936,4,0,25,0,1,1,7,2
937,7,1,24,0,1,2,6,2
938,10,1,20,1,1,NA,10,1
939,5,0,23,0,1,1,4,2
940,NA,NA,18,0,1,3,5,1
941,NA,NA,21,1,0,1,12,3
942,3,0,20,1,1,1,4,2
943,NA,NA,21,0,1,2,4,2
944,13,1,21,1,0,3,3,1
945,1,0,22,0,0,3,8,3
946,2,0,25,1,0,4,11,2
947,NA,NA,23,1,0,1,9,2
948,4,0,23,1,1,1,6,2
949,NA,NA,24,1,1,1,5,2
950,9,1,23,1,1,1,8,2
951,3,0,21,1,1,NA,9,3
952,NA,NA,25,0,0,1,8,2
953,NA,NA,23,0,0,4,3,2
954,6,1,23,1,0,4,7,1
955,7,1,24,1,1,3,9,2
956,NA,NA,20,0,1,3,8,2
957,4,0,21,0,1,1,10,2
958,NA,NA,25,1,0,1,3,2
959,2,0,20,0,0,3,8,NA
960,8,1,25,1,0,1,8,3
961,10,1,20,1,1,1,5,3
962,9,1,25,NA,1,2,8,3
963,2,0,22,0,0,1,NA,2
964,1,0,22,0,1,1,13,3
965,NA,NA,22,1,1,1,11,2
966,NA,NA,24,1,0,1,8,2
967,12,1,22,1,1,1,9,3
968,NA,NA,23,1,0,1,5,2
969,5,0,20,1,1,NA,6,1
970,NA,NA,24,1,1,1,8,1
971,6,1,25,1,1,NA,11,3
972,NA,NA,21,1,1,1,8,2
973,5,0,24,1,0,1,10,3
974,1,0,21,0,0,1,14,3
975,3,0,21,0,1,1,9,3
976,3,0,20,0,1,1,15,3
977,5,0,23,1,1,1,NA,3
978,4,0,20,1,1,1,13,3
979,7,1,21,1,0,3,7,2
980,8,1,18,1,0,2,6,2
981,3,0,18,1,0,1,10,2
982,10,1,25,1,0,1,9,3
983,1,0,20,0,1,1,14,2
984,8,1,21,0,0,1,NA,1
985,NA,NA,22,0,0,2,7,1
986,NA,NA,22,NA,0,1,4,2
987,1,0,23,0,0,3,5,2
988,5,0,25,1,1,1,5,3
989,5,0,25,0,0,1,NA,2
990,7,1,20,0,1,1,10,3
991,1,0,18,1,0,1,7,2
992,5,0,24,0,0,2,11,3
993,1,0,21,0,0,1,8,3
994,2,0,22,0,1,NA,10,3
995,0,0,21,0,0,1,7,3
996,7,1,23,0,0,4,9,2
997,5,0,22,1,1,3,6,2
998,9,1,20,1,1,1,11,NA
NA,1,0,21,0,0,1,11,2
1000,3,0,25,1,0,1,13,NA
1001,0,0,23,0,1,3,9,3
1002,5,0,22,0,0,2,8,2
1003,3,0,25,0,1,3,NA,NA
1004,6,1,23,1,1,3,10,2
1005,3,0,18,1,0,1,5,NA
1006,1,0,24,0,0,1,9,3
1007,8,1,22,1,1,NA,2,1
1008,NA,NA,21,0,1,3,10,1
1009,NA,NA,18,1,0,4,10,2
1010,3,0,21,1,0,2,4,NA
1011,8,1,21,1,1,1,9,2
1012,3,0,22,0,1,3,11,2
1013,NA,NA,25,1,1,1,NA,2
1014,1,0,18,1,1,1,10,3
1015,NA,NA,22,NA,1,2,5,2
1016,NA,NA,18,NA,1,NA,NA,2
1017,1,0,24,0,0,1,7,3
1018,4,0,21,0,0,1,5,2
1019,10,1,25,0,1,1,17,3
1020,3,0,21,0,0,1,10,3
1021,4,0,25,0,0,1,11,1
1022,6,1,18,1,1,1,8,NA
1023,13,1,24,NA,0,1,8,3
1024,3,0,19,1,0,1,8,2
1025,5,0,25,0,1,NA,6,2
1026,13,1,24,1,1,3,5,2
1027,5,0,25,0,0,1,9,2
1028,6,1,25,0,1,1,8,2
1029,NA,NA,24,0,0,2,5,2
1030,NA,NA,24,1,0,1,12,2
1031,9,1,24,0,0,1,8,2
1032,5,0,21,1,0,1,NA,3
1033,2,0,19,0,1,1,11,2
1034,4,0,24,NA,1,1,11,3
1035,7,1,20,0,1,1,9,2
1036,4,0,25,0,1,3,14,2
1037,8,1,25,1,1,1,16,2
1038,2,0,21,1,1,1,11,2
1039,NA,NA,19,1,1,3,9,2
1040,7,1,22,1,1,3,10,2
1041,NA,NA,21,1,1,1,10,2
1042,NA,NA,22,1,1,1,NA,2
1043,3,0,19,1,0,1,6,2
1044,3,0,19,0,0,1,5,1
1045,1,0,19,0,0,1,12,3
1046,1,0,19,0,1,1,8,2
1047,13,1,25,1,1,1,9,2
1048,5,0,25,0,1,4,NA,2
1049,1,0,20,0,1,4,NA,1
1050,3,0,19,0,1,3,7,2
1051,2,0,19,0,0,1,12,2
1052,9,1,25,0,0,3,9,3
1053,2,0,21,0,0,3,11,2
1054,NA,NA,25,1,1,1,14,3
1055,NA,NA,18,0,0,1,10,2
1056,0,0,24,1,1,1,NA,2
1057,NA,NA,19,0,1,1,NA,2
1058,7,1,21,NA,1,2,13,2
1059,4,0,20,0,0,1,NA,2
1060,7,1,24,0,0,1,9,3
1061,NA,NA,21,0,1,NA,9,NA
1062,8,1,22,0,0,1,10,2
1063,3,0,25,0,0,3,15,3
1064,1,0,20,1,1,2,7,2
1065,2,0,18,0,0,1,10,2
1066,9,1,21,1,1,3,10,2
1067,NA,NA,22,0,1,1,NA,2
1068,1,0,21,0,1,1,6,2
1069,4,0,18,1,0,1,10,2
1070,1,0,18,0,1,2,9,3
1071,4,0,22,0,0,1,10,3
1072,0,0,20,0,1,1,6,NA
1073,3,0,23,0,1,1,9,3
1074,NA,NA,18,0,1,2,NA,3
1075,3,0,19,1,1,3,4,1
1076,1,0,18,0,0,1,11,2
1077,1,0,21,0,0,1,NA,3
1078,7,1,24,1,1,1,8,3
1079,6,1,21,1,0,1,6,2
1080,19,1,24,1,0,3,5,NA
1081,7,1,23,1,1,3,15,3
1082,10,1,25,0,1,1,7,NA
1083,6,1,23,0,1,2,NA,2
1084,4,0,22,1,0,3,NA,1
1085,4,0,22,1,0,3,9,1
1086,NA,NA,23,1,0,3,NA,3
1087,3,0,22,0,1,3,9,2
1088,0,0,18,0,0,NA,13,2
1089,NA,NA,21,NA,1,1,4,2
1090,1,0,19,0,0,4,10,2
1091,NA,NA,23,1,0,3,8,2
1092,7,1,21,1,1,1,5,2
1093,12,1,19,0,0,1,13,2
1094,NA,NA,19,1,1,1,7,2
1095,13,1,25,1,0,1,12,3
1096,2,0,24,0,1,1,14,2
1097,1,0,23,1,1,1,12,2
1098,8,1,18,1,0,1,NA,2
1099,NA,NA,20,NA,1,4,NA,3
1100,16,1,21,1,0,3,8,3
1101,NA,NA,22,0,1,1,8,2
1102,2,0,20,0,1,4,9,2
1103,2,0,20,0,0,1,NA,2
1104,1,0,23,0,1,1,12,3
1105,8,1,24,1,1,1,10,2
1106,12,1,25,1,0,1,12,2
1107,4,0,23,0,0,1,9,3
1108,2,0,24,0,1,1,10,2
1109,1,0,25,0,1,1,8,3
1110,2,0,20,1,0,3,3,NA
1111,NA,NA,20,0,0,1,5,2
1112,10,1,25,1,1,1,13,3
1113,5,0,21,0,1,1,6,2
1114,8,1,23,1,1,2,9,3
1115,NA,NA,22,1,0,3,11,2
1116,4,0,22,0,1,4,6,1
1117,7,1,24,0,0,1,14,2
1118,7,1,21,1,0,1,7,2
1119,NA,NA,23,1,0,4,8,2
1120,7,1,24,1,0,3,7,2
1121,NA,NA,19,0,0,1,3,2
1122,NA,NA,21,1,0,NA,9,2
1123,1,0,19,0,1,1,9,3
1124,NA,NA,24,1,0,1,7,3
1125,7,1,23,1,1,3,5,2
1126,9,1,22,1,0,3,8,2
1127,2,0,20,0,1,1,10,NA
1128,NA,NA,18,1,1,3,2,2
1129,9,1,24,0,1,1,11,2
1130,3,0,25,0,0,1,8,3
1131,9,1,23,1,0,3,7,1
1132,21,1,19,1,0,1,4,2
1133,18,1,24,1,1,2,NA,2
1134,NA,NA,25,0,1,1,13,3
1135,0,0,18,0,1,3,6,2
1136,7,1,23,1,0,1,7,2
1137,NA,NA,20,1,0,1,11,2
1138,4,0,21,1,1,3,NA,2
1139,5,0,24,1,0,4,6,3
1140,10,1,24,0,1,3,5,2
1141,NA,NA,22,0,1,1,8,2
1142,NA,NA,22,0,1,3,NA,1
1143,3,0,20,0,1,1,10,NA
1144,NA,NA,22,0,1,3,3,2
1145,NA,NA,23,1,0,1,10,2
1146,2,0,22,0,0,1,10,3
1147,NA,NA,24,0,1,1,8,2
1148,3,0,23,0,1,2,7,2
1149,1,0,21,0,0,1,6,2
1150,5,0,25,0,0,1,NA,3
1151,3,0,22,0,1,1,11,3
1152,NA,NA,24,0,0,3,NA,2
1153,3,0,23,0,1,NA,6,2
1154,4,0,24,NA,0,2,8,3
1155,6,1,23,1,0,3,5,1
1156,6,1,19,0,0,4,4,2
1157,8,1,24,1,0,1,7,2
1158,NA,NA,24,1,0,2,11,2
1159,6,1,25,0,1,3,7,3
1160,NA,NA,19,0,0,1,10,2
1161,6,1,20,1,1,3,5,2
1162,9,1,24,0,1,1,5,2
1163,9,1,24,1,0,1,11,3
1164,2,0,21,0,0,4,6,3
1165,NA,NA,25,NA,1,1,10,3
1166,NA,NA,24,1,0,1,6,3
1167,9,1,23,1,1,1,9,2
1168,1,0,21,0,1,2,8,3
1169,NA,NA,25,0,0,1,9,2
1170,5,0,25,1,0,3,9,3
1171,0,0,20,0,0,2,12,3
1172,3,0,21,0,0,2,10,2
1173,1,0,19,1,0,1,8,2
1174,9,1,21,1,1,3,5,3
1175,1,0,20,0,0,4,5,2
1176,3,0,21,0,1,1,12,3
1177,NA,NA,19,0,1,3,NA,2
1178,19,1,21,1,0,1,3,2
1179,3,0,23,0,0,1,6,1
1180,6,1,24,1,1,1,11,2
1181,0,0,19,0,0,1,11,3
1182,NA,NA,18,1,0,3,7,2
1183,3,0,18,0,0,NA,8,NA
1184,NA,NA,25,1,1,3,4,2
1185,NA,NA,22,1,1,1,9,3
1186,3,0,20,0,1,1,10,2
1187,3,0,24,1,1,1,11,2
1188,NA,NA,23,0,0,1,4,2
1189,6,1,25,1,0,3,9,3
1190,3,0,23,0,0,3,7,2
1191,4,0,19,0,1,2,10,2
1192,19,1,23,1,1,1,14,3
1193,NA,NA,20,0,1,1,6,3
1194,4,0,24,0,0,4,9,2
1195,3,0,18,1,1,3,NA,2
1196,1,0,19,0,1,3,1,2
1197,3,0,21,1,1,1,12,2
1198,NA,NA,18,0,1,1,7,2
1199,9,1,25,1,1,3,15,2
1200,3,0,19,0,1,4,1,1
1201,NA,NA,19,0,1,1,6,2
1202,NA,NA,22,0,0,1,7,2
1203,1,0,18,0,1,1,10,2
1204,NA,NA,21,0,1,1,10,2
1205,5,0,23,0,1,1,NA,2
1206,4,0,23,1,0,1,8,NA
1207,3,0,20,1,0,2,12,2
1208,NA,NA,19,1,1,1,7,2
1209,6,1,20,1,1,1,4,2
1210,1,0,23,0,0,2,9,2
1211,8,1,21,0,0,4,10,2
1212,7,1,22,NA,0,1,7,2
1213,2,0,24,0,0,4,7,2
1214,NA,NA,19,1,1,1,8,3
1215,5,0,22,1,0,2,NA,2
1216,3,0,23,0,0,1,10,3
1217,3,0,21,0,1,1,6,2
1218,5,0,25,0,1,1,6,2
1219,12,1,25,1,1,1,10,3
1220,3,0,18,1,1,NA,7,2
1221,NA,NA,19,0,0,1,7,NA
1222,5,0,24,0,1,1,8,2
1223,7,1,25,1,0,3,3,1
1224,2,0,18,1,1,3,11,2
1225,7,1,19,1,0,1,7,2
1226,4,0,22,1,1,1,6,2
1227,NA,NA,23,1,0,3,6,2
1228,12,1,24,1,0,1,8,2
1229,8,1,24,1,1,1,9,2
1230,4,0,23,0,0,1,5,2
1231,6,1,24,1,1,NA,8,2
1232,4,0,21,0,0,3,7,1
1233,3,0,22,0,0,1,NA,3
1234,3,0,19,0,0,1,12,3
1235,5,0,22,0,0,NA,10,3
1236,3,0,19,0,0,2,NA,3
1237,2,0,20,0,1,1,8,3
1238,1,0,18,0,0,1,9,2
1239,NA,NA,18,1,1,2,5,2
1240,2,0,22,0,1,3,7,3
1241,8,1,22,0,1,1,9,2
1242,NA,NA,19,0,0,1,9,2
1243,7,1,23,1,1,2,4,2
1244,3,0,22,0,1,3,5,2
1245,0,0,18,0,0,1,7,3
1246,0,0,19,NA,1,3,6,2
1247,7,1,19,1,0,1,NA,2
1248,13,1,24,1,0,NA,7,1
1249,NA,NA,24,1,1,2,5,2
1250,4,0,20,0,1,1,13,3
1251,3,0,19,0,0,2,10,3
1252,6,1,21,0,0,1,7,2
1253,12,1,21,1,0,1,8,NA
1254,6,1,21,0,1,3,6,2
1255,4,0,24,0,0,2,5,2
1256,NA,NA,20,1,1,1,15,3
1257,9,1,18,0,0,3,8,2
1258,5,0,25,0,0,1,12,NA
1259,3,0,24,NA,1,1,9,3
1260,0,0,23,0,1,4,8,3
1261,NA,NA,20,1,1,1,10,3
1262,6,1,21,1,1,3,5,2
1263,0,0,25,0,0,4,13,NA
1264,5,0,22,1,0,3,9,2
1265,NA,NA,22,0,0,3,5,2
1266,3,0,20,NA,1,1,10,2
1267,NA,NA,22,1,1,2,10,3
1268,3,0,25,0,1,1,NA,3
1269,8,1,19,1,1,1,10,2
1270,2,0,20,0,1,1,11,2
1271,2,0,22,0,1,3,6,3
1272,3,0,18,0,1,1,NA,2
1273,4,0,24,0,0,1,9,2
1274,1,0,22,0,0,1,15,2
1275,6,1,25,0,0,1,11,3
1276,9,1,24,1,0,2,10,2
1277,2,0,21,1,0,3,10,2
1278,16,1,18,1,0,4,11,2
1279,5,0,24,0,1,1,13,2
1280,3,0,19,0,0,1,4,1
1281,5,0,25,0,0,2,7,2
1282,6,1,25,1,0,1,13,2
1283,6,1,20,1,1,3,6,1
1284,5,0,25,0,1,2,9,2
1285,6,1,24,1,0,1,7,2
1286,NA,NA,23,0,0,1,7,2
1287,3,0,20,0,0,2,NA,2
1288,3,0,22,0,1,3,3,2
1289,3,0,24,1,0,NA,NA,2
1290,3,0,23,0,1,3,10,2
1291,4,0,21,0,1,1,3,3
1292,5,0,23,0,1,1,3,2
1293,2,0,22,0,1,1,6,3
1294,1,0,23,0,1,1,8,2
1295,0,0,18,0,1,3,2,2
1296,4,0,25,0,0,1,5,2
1297,9,1,23,0,1,1,20,3
1298,9,1,25,0,1,2,10,2
1299,4,0,22,0,1,1,12,3
1300,0,0,23,0,0,1,11,3
1301,8,1,25,0,1,4,5,2
1302,NA,NA,19,0,0,3,8,2
1303,5,0,20,1,0,2,6,2
1304,NA,NA,18,1,1,3,4,1
1305,NA,NA,19,1,1,1,10,3
1306,NA,NA,18,0,1,1,8,3
1307,4,0,23,0,1,1,14,3
1308,1,0,25,0,0,1,14,3
1309,NA,NA,18,0,1,1,9,3
1310,NA,NA,25,1,1,3,NA,3
1311,6,1,22,1,0,1,5,3
1312,7,1,24,1,1,3,6,2
1313,3,0,22,0,1,1,15,3
1314,9,1,19,1,0,1,10,3
1315,1,0,19,0,0,1,8,1
1316,3,0,20,0,1,1,11,NA
1317,12,1,21,1,1,1,6,2
1318,7,1,24,0,1,3,11,3
1319,NA,NA,23,0,1,2,NA,2
1320,NA,NA,22,1,1,1,4,2
1321,1,0,18,0,0,1,10,3
1322,7,1,22,0,0,1,5,2
1323,1,0,23,0,1,3,10,3
1324,3,0,18,1,1,NA,8,2
1325,3,0,20,1,1,NA,11,3
1326,2,0,23,1,1,2,NA,3
1327,1,0,18,NA,0,3,8,2
1328,2,0,19,0,1,1,6,3
1329,1,0,22,0,0,NA,9,2
1330,12,1,22,0,1,3,12,3
1331,2,0,18,1,1,2,NA,1
1332,NA,NA,20,0,0,2,11,3
1333,18,1,19,1,0,1,5,1
1334,0,0,21,0,0,1,13,2
1335,1,0,22,0,0,4,NA,2
1336,3,0,18,1,0,1,10,3
1337,NA,NA,23,1,1,4,NA,2
1338,1,0,18,0,0,1,7,2
1339,1,0,22,0,1,2,10,3
1340,8,1,23,1,0,1,9,2
1341,3,0,21,0,1,3,8,2
1342,NA,NA,23,1,1,3,5,2
1343,NA,NA,19,0,1,NA,2,1
1344,5,0,20,1,1,1,5,3
1345,4,0,22,0,0,3,8,3
1346,2,0,22,1,0,1,NA,2
1347,2,0,19,1,1,2,10,2
1348,3,0,21,0,0,1,8,3
1349,3,0,25,0,1,3,4,2
1350,NA,NA,25,0,0,NA,10,3
1351,3,0,22,1,1,2,NA,2
1352,5,0,23,1,1,1,13,2
1353,8,1,25,1,0,1,6,3
1354,1,0,20,0,0,1,10,3
1355,13,1,24,1,1,3,1,1
1356,6,1,23,0,1,2,9,2
1357,4,0,18,1,1,1,13,2
1358,9,1,25,1,1,3,8,2
1359,8,1,18,NA,1,1,NA,2
1360,8,1,24,1,1,3,1,NA
1361,2,0,18,1,1,1,8,2
1362,0,0,23,0,1,2,5,2
1363,4,0,23,0,0,1,12,3
1364,1,0,20,0,1,4,NA,3
1365,3,0,20,1,0,4,8,3
1366,NA,NA,19,1,1,1,7,3
1367,6,1,23,0,0,2,5,2
1368,7,1,23,1,1,3,6,2
1369,NA,NA,24,1,1,1,NA,2
1370,7,1,20,0,0,3,8,3
1371,4,0,21,1,0,2,10,3
1372,1,0,24,0,1,3,7,2
1373,3,0,20,1,0,3,NA,2
1374,NA,NA,21,0,1,1,6,2
1375,4,0,23,1,0,1,5,3
1376,2,0,21,1,1,1,NA,3
1377,5,0,22,1,0,3,NA,2
1378,8,1,24,0,0,NA,9,2
1379,3,0,19,1,1,1,10,3
1380,6,1,22,1,0,2,6,2
1381,5,0,22,0,1,1,NA,2
1382,5,0,25,0,1,2,12,2
1383,2,0,18,1,0,1,5,NA
1384,4,0,25,1,1,1,7,3
1385,1,0,20,0,1,1,11,3
1386,0,0,23,0,1,1,16,3
1387,NA,NA,23,1,0,1,NA,2
1388,2,0,25,0,1,2,11,2
1389,8,1,24,1,1,3,6,2
1390,1,0,18,1,1,3,7,2
1391,12,1,22,1,1,1,13,3
1392,1,0,21,0,0,4,6,2
1393,NA,NA,19,0,0,1,NA,2
1394,NA,NA,22,0,0,1,10,3
1395,NA,NA,19,1,0,3,9,2
1396,9,1,25,0,1,1,8,2
1397,3,0,18,0,1,1,13,2
1398,5,0,24,1,1,1,10,2
1399,7,1,23,0,0,4,7,2
1400,7,1,18,1,0,4,10,1
1401,3,0,20,1,1,2,4,2
1402,8,1,24,1,0,3,7,1
1403,3,0,22,0,1,NA,10,1
1404,10,1,22,0,0,1,9,3
1405,3,0,21,1,0,2,7,2
1406,2,0,20,0,1,NA,13,2
1407,4,0,20,0,1,1,9,2
1408,1,0,18,0,1,1,12,NA
1409,4,0,18,0,0,3,5,2
1410,12,1,24,1,0,1,3,2
1411,1,0,20,0,0,1,11,3
1412,8,1,25,0,1,4,9,NA
1413,3,0,18,1,0,3,8,2
1414,3,0,20,NA,1,1,14,2
1415,8,1,23,1,1,1,11,3
1416,NA,NA,21,1,1,3,NA,2
1417,16,1,25,1,1,3,3,NA
1418,5,0,19,1,1,1,3,2
1419,3,0,18,1,1,1,12,2
1420,4,0,20,1,0,1,12,2
1421,NA,NA,24,1,1,4,5,2
1422,5,0,24,0,0,4,8,2
1423,6,1,22,0,1,3,6,2
1424,NA,NA,18,0,1,1,6,NA
1425,1,0,19,0,0,1,10,NA
1426,4,0,24,0,1,1,NA,3
1427,8,1,22,1,0,3,NA,2
1428,3,0,21,0,0,4,8,2
1429,6,1,25,0,1,3,11,2
1430,0,0,24,0,1,1,18,3
1431,NA,NA,24,0,1,3,8,2
1432,2,0,19,1,0,1,11,3
1433,2,0,22,0,1,3,10,2
1434,4,0,20,1,1,1,5,2
1435,8,1,19,1,0,1,3,2
1436,3,0,21,1,1,1,12,2
1437,NA,NA,19,1,0,3,6,2
1438,15,1,22,1,1,1,8,2
1439,4,0,21,1,1,1,8,3
1440,NA,NA,18,NA,0,3,6,2
1441,1,0,23,0,0,1,11,3
1442,10,1,25,0,1,1,10,2
1443,21,1,25,1,0,1,NA,2
1444,NA,NA,19,0,1,4,10,2
1445,4,0,20,1,0,2,1,1
1446,NA,NA,20,0,0,1,7,3
1447,1,0,19,0,1,4,16,2
1448,NA,NA,19,1,1,2,7,2
1449,NA,NA,20,0,1,1,11,3
1450,0,0,18,0,1,1,10,3
1451,8,1,24,1,1,3,5,2
1452,6,1,18,0,1,4,7,2
1453,15,1,23,0,1,1,5,2
1454,7,1,25,1,1,1,NA,2
1455,5,0,23,1,0,1,14,2
1456,5,0,24,1,0,1,NA,3
1457,5,0,19,0,1,1,NA,2
1458,6,1,22,1,0,1,10,2
1459,5,0,22,NA,0,1,6,2
1460,1,0,19,1,1,NA,6,NA
1461,3,0,19,1,1,1,NA,2
1462,0,0,21,0,0,NA,3,2
1463,5,0,20,1,1,2,3,2
1464,NA,NA,25,1,1,1,4,3
1465,10,1,18,1,1,1,8,2
1466,2,0,19,0,0,1,12,NA
1467,NA,NA,22,1,1,1,7,2
1468,1,0,18,0,0,1,NA,2
1469,6,1,23,0,1,3,4,1
1470,7,1,24,0,0,1,13,NA
1471,8,1,22,1,1,NA,8,NA
1472,7,1,25,0,1,1,12,3
1473,4,0,25,1,0,2,11,2
1474,3,0,25,0,1,1,11,NA
1475,4,0,20,1,1,4,1,NA
1476,NA,NA,19,0,0,1,11,2
1477,NA,NA,20,1,1,4,10,2
1478,4,0,21,0,1,1,13,3
1479,NA,NA,22,0,0,NA,7,3
1480,NA,NA,20,0,0,1,8,3
1481,4,0,22,0,1,1,10,2
1482,2,0,20,0,1,4,10,2
1483,4,0,21,0,0,1,10,2
1484,3,0,19,0,1,3,1,2
1485,1,0,18,0,0,1,6,3
1486,NA,NA,24,0,1,3,8,2
1487,5,0,24,0,1,4,7,2
1488,6,1,21,0,1,1,8,2
1489,3,0,25,0,1,2,10,2
1490,5,0,24,1,1,3,12,3
1491,12,1,25,1,1,1,13,1
1492,NA,NA,19,1,0,1,NA,2
1493,2,0,18,1,1,1,12,2
1494,4,0,22,0,1,1,5,2
1495,4,0,25,NA,0,1,4,2
1496,3,0,21,0,0,3,NA,1
1497,12,1,20,1,0,1,6,1
1498,1,0,23,1,0,3,3,2
1499,7,1,20,1,0,1,3,2
1500,1,0,24,0,1,1,6,3
1501,1,0,21,NA,1,3,8,2
1502,2,0,20,0,0,1,7,1
1503,0,0,18,0,0,4,17,3
1504,1,0,24,0,1,2,11,2
1505,10,1,22,1,1,3,6,2
1506,6,1,22,1,0,1,11,NA
1507,5,0,24,1,1,3,14,3
1508,5,0,22,1,0,3,7,1
1509,10,1,19,0,0,3,NA,3
1510,8,1,19,NA,0,3,6,2
1511,6,1,22,1,1,1,11,2
1512,5,0,22,1,0,3,NA,2
1513,1,0,19,1,1,2,9,2
1514,1,0,20,0,1,1,9,3
1515,3,0,20,0,1,3,11,2
1516,NA,NA,21,1,1,2,10,2
1517,9,1,23,0,1,1,10,2
1518,6,1,22,0,1,2,4,2
1519,3,0,19,1,1,1,13,3
1520,1,0,18,1,1,2,4,2
1521,1,0,23,1,1,2,10,2
1522,NA,NA,21,0,1,1,10,3
1523,NA,NA,25,1,1,1,7,3
1524,4,0,19,NA,1,1,10,NA
1525,NA,NA,20,1,1,4,NA,2
1526,NA,NA,20,1,0,1,NA,2
1527,4,0,23,0,1,NA,10,2
1528,NA,NA,18,1,1,4,12,2
1529,8,1,22,1,1,1,9,2
1530,NA,NA,18,0,1,4,3,2
1531,NA,NA,25,0,0,4,7,1
1532,5,0,18,0,0,1,9,2
1533,3,0,25,0,0,4,8,2
1534,5,0,24,0,1,4,6,2
1535,12,1,21,1,1,3,2,1
1536,1,0,20,0,0,1,16,3
1537,3,0,19,1,1,1,12,3
1538,3,0,21,1,0,1,3,1
1539,NA,NA,23,1,1,2,6,1
1540,3,0,24,0,1,4,5,2
1541,5,0,25,0,1,3,9,2
1542,NA,NA,18,0,1,3,NA,2
1543,2,0,22,0,1,1,10,NA
1544,2,0,19,0,1,1,6,2
1545,1,0,18,1,1,1,12,2
1546,13,1,25,0,1,4,6,2
1547,4,0,18,1,0,3,13,2
1548,1,0,18,0,0,1,11,3
1549,1,0,21,0,1,1,8,2
1550,3,0,25,0,1,1,6,3
1551,0,0,18,0,1,2,NA,3
1552,13,1,24,1,0,1,NA,3
1553,3,0,20,0,1,3,5,2
1554,NA,NA,25,1,1,1,13,2
1555,15,1,18,1,1,3,8,2
1556,12,1,22,1,0,2,9,2
1557,5,0,23,1,0,3,NA,2
1558,7,1,25,0,1,1,7,3
1559,NA,NA,25,1,1,1,5,3
1560,10,1,18,0,1,1,10,3
1561,6,1,23,0,0,3,11,2
1562,5,0,18,1,1,1,10,2
1563,NA,NA,23,1,0,1,8,3
1564,1,0,21,1,1,1,7,NA
1565,4,0,22,0,0,1,10,3
1566,6,1,19,0,0,3,9,2
1567,NA,NA,25,1,0,1,12,2
1568,3,0,21,1,0,NA,11,1
1569,4,0,21,1,1,1,12,2
1570,NA,NA,24,1,1,2,6,2
1571,7,1,23,1,0,1,11,3
1572,10,1,25,1,1,1,13,3
1573,3,0,19,0,1,1,12,3
1574,2,0,19,1,1,1,8,2
1575,2,0,19,1,0,1,10,2
1576,3,0,22,1,0,NA,7,2
1577,NA,NA,20,0,0,NA,2,2
1578,NA,NA,25,0,1,1,19,3
1579,NA,NA,19,NA,0,2,7,2
1580,NA,NA,20,1,0,1,7,1
1581,5,0,24,0,1,1,10,2
1582,5,0,22,1,1,2,3,2
1583,NA,NA,23,0,1,1,7,2
1584,3,0,21,0,1,2,4,2
1585,NA,NA,18,1,1,1,5,2
1586,7,1,21,1,0,1,12,2
1587,NA,NA,24,0,1,3,10,2
1588,1,0,18,0,1,3,6,2
1589,5,0,22,1,1,3,NA,2
1590,NA,NA,24,1,1,1,7,2
1591,1,0,18,0,1,1,16,3
1592,4,0,25,1,0,NA,10,1
1593,3,0,20,1,1,3,8,2
1594,3,0,24,0,1,3,11,3
1595,4,0,21,0,0,3,6,2
1596,7,1,23,1,1,1,7,2
1597,4,0,21,1,1,3,NA,2
1598,3,0,25,1,0,1,5,3
1599,3,0,20,0,1,1,12,3
1600,18,1,25,1,1,1,NA,2
1601,NA,NA,19,1,1,1,5,2
1602,3,0,18,1,0,1,8,2
1603,8,1,25,1,1,4,9,3
1604,1,0,20,0,1,1,8,2
1605,NA,NA,21,NA,1,3,9,NA
1606,NA,NA,18,0,1,1,9,2
1607,0,0,18,0,0,4,11,2
1608,4,0,20,0,1,3,9,2
1609,NA,NA,20,1,0,1,NA,2
1610,5,0,22,0,1,2,1,2
1611,6,1,25,1,1,1,11,3
1612,0,0,19,0,0,1,NA,3
1613,6,1,21,1,0,2,5,2
1614,3,0,20,1,1,4,5,3
1615,3,0,23,1,1,3,7,3
1616,NA,NA,20,1,1,1,14,2
1617,NA,NA,24,1,1,1,9,NA
1618,8,1,25,1,1,3,9,2
1619,6,1,21,1,0,3,6,2
1620,6,1,23,0,0,3,12,2
1621,0,0,24,0,0,2,10,2
1622,9,1,23,0,1,1,14,3
1623,NA,NA,20,1,0,1,NA,2
1624,4,0,22,1,0,3,10,2
1625,1,0,18,0,0,1,9,2
1626,9,1,25,0,0,2,16,3
1627,2,0,20,0,0,1,13,3
1628,5,0,25,0,0,3,7,2
1629,3,0,19,1,0,1,12,2
1630,2,0,18,0,0,1,10,2
1631,NA,NA,18,0,0,1,7,2
1632,6,1,24,0,0,2,10,2
1633,5,0,22,1,0,2,2,2
1634,3,0,22,0,0,1,2,1
1635,3,0,21,0,0,1,8,2
1636,2,0,21,0,0,1,15,2
1637,3,0,19,1,0,1,13,3
1638,4,0,18,0,1,1,10,2
1639,4,0,21,1,1,1,8,2
1640,3,0,19,1,1,1,4,2
1641,4,0,21,1,0,1,12,NA
1642,6,1,23,1,1,3,12,2
1643,3,0,19,0,1,1,9,3
1644,1,0,21,0,0,3,6,3
1645,1,0,20,0,1,3,9,3
1646,NA,NA,21,1,1,1,7,2
1647,8,1,23,1,0,1,NA,2
1648,1,0,22,0,1,3,13,3
1649,1,0,20,0,0,3,7,2
1650,2,0,20,1,1,3,2,2
1651,NA,NA,21,1,0,1,5,NA
1652,NA,NA,18,0,1,3,4,1
1653,3,0,23,0,0,1,9,3
1654,NA,NA,24,1,0,1,8,3
1655,4,0,20,1,0,1,6,NA
1656,2,0,20,1,0,1,8,3
1657,12,1,22,1,1,1,9,2
1658,5,0,21,0,1,1,4,2
1659,5,0,20,1,1,1,12,3
1660,NA,NA,24,0,0,1,9,2
1661,7,1,20,1,0,1,6,2
1662,NA,NA,18,NA,0,1,8,2
1663,NA,NA,25,1,0,1,9,2
1664,1,0,20,0,1,3,5,2
1665,15,1,24,1,0,1,9,2
1666,5,0,18,1,1,1,4,2
1667,5,0,21,1,1,1,12,2
1668,2,0,21,0,0,3,7,2
1669,1,0,21,0,1,2,13,3
1670,5,0,23,1,1,3,NA,NA
1671,0,0,22,0,0,2,9,2
1672,0,0,25,0,1,1,10,3
1673,6,1,21,1,0,1,15,3
1674,5,0,24,0,1,1,13,3
1675,7,1,19,0,0,1,13,3
1676,12,1,24,1,0,1,9,3
1677,NA,NA,23,1,1,1,1,2
1678,3,0,22,0,1,1,7,2
1679,23,1,25,1,1,2,8,2
1680,6,1,20,0,1,1,9,2
1681,15,1,24,0,1,1,6,NA
1682,1,0,20,0,0,1,9,3
1683,5,0,21,1,1,1,7,2
1684,5,0,23,0,0,1,NA,3
1685,4,0,21,0,0,3,NA,1
1686,6,1,25,0,0,1,7,2
1687,1,0,20,0,0,3,NA,1
1688,NA,NA,20,1,0,3,NA,2
1689,8,1,22,1,1,3,NA,2
1690,8,1,24,0,0,1,7,2
1691,6,1,24,0,0,1,6,3
1692,NA,NA,21,0,0,1,12,3
1693,3,0,22,0,1,1,7,2
1694,8,1,24,1,1,1,10,2
1695,6,1,19,1,0,1,9,2
1696,3,0,19,1,0,1,7,3
1697,NA,NA,18,1,1,1,3,2
1698,3,0,24,0,1,1,11,2
1699,0,0,22,0,0,1,14,3
1700,NA,NA,18,1,1,3,2,2
1701,1,0,18,1,0,2,7,2
1702,4,0,22,1,0,2,8,2
1703,1,0,20,0,1,1,NA,3
1704,1,0,20,0,1,1,13,2
1705,NA,NA,21,1,1,1,6,2
1706,3,0,25,1,0,NA,6,2
1707,16,1,23,1,1,1,7,2
1708,3,0,23,0,0,3,5,3
1709,4,0,25,NA,1,1,5,NA
1710,1,0,18,1,0,1,6,2
1711,1,0,19,0,1,NA,8,2
1712,7,1,23,0,1,3,6,NA
1713,1,0,18,0,1,NA,10,3
1714,NA,NA,24,0,0,1,5,2
1715,NA,NA,19,1,1,3,6,2
1716,3,0,20,0,0,1,2,2
1717,7,1,22,1,1,3,NA,2
1718,NA,NA,18,1,0,1,6,NA
1719,NA,NA,24,0,0,1,11,2
1720,2,0,19,1,0,2,11,2
1721,NA,NA,23,0,1,1,16,3
1722,NA,NA,22,1,1,3,7,3
1723,5,0,24,0,1,3,6,1
1724,NA,NA,25,0,0,3,7,3
1725,8,1,22,0,1,3,1,1
1726,NA,NA,20,0,0,2,3,2
1727,NA,NA,24,1,0,1,11,3
1728,1,0,18,0,1,4,9,3
1729,0,0,20,0,1,NA,11,3
1730,5,0,25,0,0,1,13,3
1731,3,0,20,0,1,NA,9,3
1732,3,0,25,0,1,1,9,3
1733,3,0,18,1,1,3,7,3
1734,NA,NA,22,1,0,3,13,2
1735,1,0,20,0,0,2,13,3
1736,3,0,20,1,0,1,9,2
1737,3,0,23,0,0,3,10,2
1738,NA,NA,25,1,0,1,9,2
1739,2,0,22,0,1,NA,10,3
1740,6,1,22,1,1,1,8,1
1741,10,1,23,0,1,3,8,2
1742,3,0,20,NA,1,NA,13,3
1743,NA,NA,23,0,0,1,4,3
1744,5,0,19,1,0,1,15,2
1745,5,0,23,0,1,1,11,NA
1746,8,1,22,0,0,3,8,2
1747,6,1,22,1,0,1,6,2
1748,3,0,21,0,0,3,2,2
1749,10,1,22,1,0,1,16,2
1750,0,0,23,0,1,1,11,2
1751,5,0,18,1,1,2,9,3
1752,2,0,23,0,0,1,11,3
1753,6,1,22,NA,1,1,13,3
1754,7,1,23,1,1,3,11,2
1755,NA,NA,22,0,1,3,6,1
1756,7,1,21,1,1,1,10,3
1757,NA,NA,21,1,0,1,7,2
1758,3,0,24,NA,1,1,8,2
1759,2,0,18,1,0,1,4,2
1760,0,0,22,0,0,1,12,2
1761,6,1,24,1,1,NA,10,2
1762,10,1,24,1,1,3,12,3
1763,7,1,21,1,1,1,4,1
1764,NA,NA,19,0,1,1,12,2
1765,1,0,18,0,0,1,9,2
1766,7,1,25,1,0,2,8,2
1767,10,1,23,1,1,1,8,1
1768,2,0,18,1,0,1,8,2
1769,NA,NA,20,1,0,3,1,NA
1770,1,0,18,0,0,NA,13,2
1771,5,0,24,0,1,3,15,2
1772,NA,NA,21,1,1,2,8,2
1773,21,1,22,1,1,2,2,2
1774,10,1,25,0,1,3,11,2
1775,3,0,19,0,0,1,10,2
1776,NA,NA,24,0,1,3,NA,2
1777,NA,NA,24,0,1,3,10,3
1778,6,1,24,0,0,1,6,3
1779,3,0,21,0,0,NA,12,3
1780,6,1,25,0,1,3,10,2
1781,2,0,23,0,1,2,11,3
1782,1,0,19,0,0,3,1,1
1783,3,0,21,1,0,3,12,3
1784,NA,NA,24,1,1,NA,8,2
1785,6,1,21,1,0,1,8,2
1786,4,0,23,0,1,4,8,3
1787,5,0,22,1,1,4,12,2
1788,16,1,25,1,1,1,8,2
1789,4,0,19,1,1,1,2,1
1790,NA,NA,23,1,0,3,NA,2
1791,7,1,21,1,1,1,11,2
1792,2,0,25,0,1,3,6,2
1793,3,0,18,0,1,1,15,3
1794,3,0,21,1,1,1,NA,2
1795,4,0,20,0,1,NA,7,2
1796,1,0,19,0,0,1,7,2
1797,1,0,18,1,1,2,14,2
1798,3,0,20,1,1,3,11,2
1799,NA,NA,20,1,0,1,7,3
1800,3,0,24,0,1,3,6,2
1801,23,1,21,0,1,4,10,NA
1802,8,1,22,1,1,1,6,2
1803,7,1,25,0,1,1,10,2
1804,NA,NA,18,0,0,4,11,3
1805,6,1,19,0,1,1,4,2
1806,3,0,18,0,0,1,10,2
1807,2,0,21,0,0,3,10,3
1808,NA,NA,19,0,0,1,1,2
1809,16,1,25,1,1,2,4,2
1810,3,0,18,1,1,1,9,2
1811,5,0,25,NA,0,1,11,2
1812,5,0,24,1,1,2,11,3
1813,3,0,19,0,1,1,11,2
1814,NA,NA,24,1,1,3,9,NA
1815,7,1,21,1,0,3,10,2
1816,NA,NA,20,1,1,3,5,2
1817,2,0,18,0,1,3,NA,2
1818,12,1,25,1,0,3,2,2
1819,3,0,20,1,1,2,4,1
1820,3,0,18,1,0,1,9,3
1821,2,0,19,0,0,3,1,1
1822,NA,NA,21,0,0,4,8,2
1823,NA,NA,24,0,1,NA,12,2
1824,2,0,18,1,0,3,13,2
1825,4,0,20,1,0,1,9,3
1826,2,0,24,0,1,1,6,3
1827,0,0,18,0,0,1,12,3
1828,NA,NA,24,0,1,3,9,2
1829,NA,NA,18,1,1,1,12,3
1830,13,1,23,0,0,1,11,2
1831,1,0,18,0,0,4,5,1
1832,12,1,23,1,1,1,10,1
1833,7,1,22,1,1,1,NA,2
1834,NA,NA,22,0,0,3,9,2
1835,1,0,22,0,1,1,8,2
1836,5,0,23,1,0,1,1,1
1837,9,1,24,0,1,1,8,2
1838,NA,NA,24,1,1,1,4,1
1839,3,0,18,0,1,3,NA,2
1840,3,0,20,0,0,1,14,3
1841,3,0,18,0,0,1,15,3
1842,16,1,22,1,1,3,10,2
1843,3,0,23,0,1,3,13,2
1844,1,0,21,0,1,3,5,2
1845,1,0,19,0,0,1,9,3
1846,0,0,24,0,0,1,6,2
1847,8,1,22,1,1,1,5,2
1848,6,1,21,1,1,1,13,NA
1849,6,1,23,1,0,3,4,2
1850,8,1,20,0,0,1,9,1
1851,NA,NA,20,1,0,1,11,2
1852,10,1,25,1,1,3,8,1
1853,1,0,21,0,0,3,12,2
1854,3,0,23,0,1,1,9,3
1855,NA,NA,22,1,0,1,6,3
1856,5,0,19,0,0,1,11,3
1857,3,0,21,0,1,1,6,2
1858,0,0,18,0,1,4,11,3
1859,2,0,22,0,1,1,14,2
1860,9,1,18,1,0,2,13,2
1861,9,1,22,1,1,1,10,2
1862,1,0,20,0,1,1,14,2
1863,NA,NA,23,1,1,3,NA,2
1864,2,0,24,0,1,1,6,2
1865,3,0,22,0,0,3,12,2
1866,1,0,20,0,0,3,5,2
1867,NA,NA,23,1,0,2,1,2
1868,NA,NA,21,NA,0,3,NA,2
1869,2,0,24,0,1,3,5,2
1870,5,0,23,1,1,NA,7,2
1871,1,0,18,0,1,3,NA,2
1872,2,0,20,0,0,3,7,1
1873,7,1,25,0,1,1,11,3
1874,1,0,22,0,0,1,16,2
1875,NA,NA,20,NA,1,3,2,2
1876,4,0,18,1,1,3,8,2
1877,6,1,19,1,1,1,5,1
1878,4,0,22,1,0,1,12,3
1879,6,1,23,1,1,2,9,2
1880,7,1,24,NA,1,1,13,2
1881,NA,NA,23,0,0,2,8,3
1882,NA,NA,18,NA,1,3,5,2
1883,0,0,19,0,0,2,15,3
1884,NA,NA,18,1,1,1,7,2
1885,3,0,21,1,1,1,14,2
1886,7,1,25,1,1,2,5,2
1887,3,0,18,1,0,1,NA,2
1888,2,0,24,0,1,1,NA,2
1889,3,0,22,0,1,1,14,2
1890,5,0,21,1,0,1,9,2
1891,7,1,20,1,1,1,11,3
1892,7,1,25,0,0,1,7,2
1893,0,0,23,0,0,1,7,2
1894,2,0,25,0,1,1,17,3
1895,NA,NA,24,1,1,1,2,1
1896,15,1,25,1,1,1,5,NA
1897,3,0,25,0,0,2,8,2
1898,2,0,20,1,1,1,5,2
1899,NA,NA,25,1,1,1,17,3
1900,3,0,23,0,0,1,7,3
1901,3,0,20,1,0,1,10,NA
1902,NA,NA,19,0,1,3,13,NA
1903,7,1,25,0,1,1,6,3
1904,10,1,22,0,1,3,NA,2
1905,7,1,25,0,0,3,4,2
1906,4,0,20,1,1,3,NA,NA
1907,6,1,25,0,1,1,11,3
1908,6,1,20,0,1,1,12,2
1909,7,1,20,1,0,2,6,2
1910,NA,NA,19,0,1,1,NA,2
1911,NA,NA,24,0,1,3,NA,2
1912,NA,NA,19,0,0,3,1,2
1913,1,0,20,0,1,1,12,3
1914,7,1,24,1,1,1,15,2
1915,NA,NA,18,NA,1,1,5,2
1916,10,1,24,0,0,3,5,1
1917,1,0,19,1,1,4,6,2
1918,9,1,24,NA,1,3,9,2
1919,6,1,21,1,0,3,9,2
1920,3,0,19,1,1,1,11,3
1921,1,0,21,0,1,1,14,2
1922,2,0,20,0,0,3,6,2
1923,7,1,19,0,0,1,7,2
1924,2,0,18,1,0,1,15,3
1925,8,1,23,0,0,1,7,2
1926,13,1,23,1,1,1,3,1
1927,3,0,19,1,1,3,6,2
1928,13,1,25,1,0,1,4,1
1929,1,0,21,0,1,3,2,1
1930,NA,NA,19,1,0,1,7,2
1931,10,1,25,0,0,2,3,2
1932,1,0,18,1,1,1,7,2
1933,1,0,20,0,0,1,NA,2
1934,3,0,24,0,1,2,11,3
1935,NA,NA,19,1,1,1,3,2
1936,9,1,23,NA,0,1,9,2
1937,15,1,25,1,0,1,10,3
1938,NA,NA,18,0,0,1,9,3
1939,4,0,21,1,0,1,8,2
1940,2,0,25,0,1,NA,10,2
1941,2,0,22,0,1,2,11,2
1942,13,1,25,1,1,3,15,2
1943,19,1,25,1,0,1,9,2
1944,NA,NA,25,1,1,1,5,2
1945,4,0,23,1,1,1,9,3
1946,4,0,20,0,1,2,9,3
1947,0,0,24,0,0,2,9,2
1948,4,0,25,0,1,1,6,2
1949,6,1,23,0,1,1,1,1
1950,6,1,19,NA,1,1,5,1
1951,7,1,18,0,1,2,9,2
1952,16,1,25,1,0,1,9,2
1953,19,1,23,1,0,1,9,3
1954,3,0,20,0,1,3,NA,2
1955,3,0,21,1,0,1,12,2
1956,NA,NA,24,0,0,2,5,3
1957,3,0,22,0,1,1,4,2
1958,NA,NA,24,1,1,NA,2,1
1959,9,1,25,1,1,4,3,2
1960,23,1,21,0,1,1,15,2
1961,3,0,25,0,1,2,6,3
1962,16,1,25,1,0,1,7,3
1963,3,0,25,1,0,NA,5,2
1964,NA,NA,20,0,1,3,5,3
1965,1,0,23,0,1,1,12,3
1966,1,0,22,0,1,2,4,2
1967,7,1,20,1,1,3,5,2
1968,0,0,19,0,0,3,6,1
1969,NA,NA,22,1,1,4,7,2
1970,4,0,22,0,0,1,8,3
1971,2,0,21,1,0,1,NA,2
1972,1,0,21,0,0,3,1,2
1973,7,1,23,1,1,3,10,2
1974,NA,NA,25,0,1,3,1,1
1975,NA,NA,22,1,1,3,1,2
1976,5,0,18,0,0,3,8,3
1977,3,0,22,1,0,4,7,2
1978,0,0,19,0,0,1,15,3
1979,3,0,23,0,1,2,11,2
1980,6,1,22,1,1,3,7,2
1981,9,1,21,1,1,1,14,2
1982,2,0,21,0,0,2,7,3
1983,NA,NA,20,1,1,1,9,3
1984,4,0,22,0,0,1,13,2
1985,5,0,20,1,1,1,8,2
1986,5,0,18,1,1,NA,3,3
1987,4,0,24,0,1,3,11,2
1988,1,0,18,0,0,NA,10,2
1989,8,1,22,1,0,1,6,NA
1990,NA,NA,23,0,0,1,10,2
1991,10,1,25,1,1,3,8,2
1992,6,1,21,1,1,1,6,2
1993,4,0,25,1,1,1,2,2
1994,NA,NA,24,0,1,1,15,3
1995,3,0,25,1,1,4,10,2
1996,7,1,25,0,1,1,6,2
1997,7,1,21,1,1,3,7,2
1998,NA,NA,25,1,1,1,10,2
1999,10,1,22,1,1,1,7,3
2000,3,0,19,1,1,1,4,2
