id,consci1,consci2,consci3,consci4,consci5,consci6,emostab1,emostab2,emostab3,emostab4,emostab5,emostab6,orgcon1,orgcon2,orgcon3,orgcon4,orgcon5,orgcon6,workbeh1,workbeh2,workbeh3,workbeh4,workbeh5,workbeh6,consci,emostab,orgcon,workbeh
1,5,4,5,5,5,5,4,2,4,4,3,3,5,2,2,2,1,4,1,1,1,1,2,1,4.83,3.33,2.67,1.17
2,5,4,5,4,5,3,4,2,4,3,4,1,3,1,3,2,4,4,1,3,2,3,3,3,4.33,3,2.83,2.5
3,5,3,5,5,2,1,1,2,2,1,2,2,4,5,5,2,5,5,3,3,3,2,NA,3,3.5,1.67,4.33,NA
4,5,5,5,5,5,5,1,5,4,4,4,3,1,NA,4,2,1,2,1,1,4,1,2,2,5,3.5,NA,1.83
5,1,4,4,2,3,4,4,2,2,3,4,4,5,4,1,5,5,NA,3,3,5,4,2,3,3,3.17,NA,3.33
6,4,3,2,4,3,5,3,4,5,5,4,5,2,3,2,1,1,NA,1,1,1,1,2,2,3.5,4.33,NA,1.33
7,4,4,4,4,5,5,1,4,5,4,3,3,2,1,2,2,2,5,2,NA,1,1,1,1,4.33,3.33,2.33,NA
8,5,5,5,5,4,5,3,1,1,1,2,3,5,5,4,4,NA,5,1,1,2,1,3,3,4.83,1.83,NA,1.83
9,5,3,5,5,5,5,5,5,5,5,5,4,1,1,1,1,1,1,2,2,3,2,2,2,4.67,4.83,1,2.17
10,3,1,5,4,3,1,4,4,1,4,4,3,3,4,2,2,3,5,1,2,3,1,2,3,2.83,3.33,3.17,2
11,1,3,4,4,2,3,1,4,4,1,2,2,4,4,4,4,2,2,1,2,3,2,3,1,2.83,2.33,3.33,2
12,4,5,4,3,4,4,4,1,5,4,4,4,3,3,2,3,3,2,1,1,2,1,1,1,4,3.67,2.67,1.17
13,1,1,1,3,2,4,1,3,3,3,3,3,2,3,1,2,3,2,2,1,1,2,1,1,2,2.67,2.17,1.33
14,4,4,4,4,3,5,1,2,3,1,1,1,2,2,2,1,1,2,1,1,1,1,NA,1,4,1.5,1.67,NA
15,5,5,4,5,5,5,5,4,4,5,4,5,3,2,4,5,4,2,2,2,1,1,1,NA,4.83,4.5,3.33,NA
16,5,2,5,4,3,5,5,4,4,5,5,5,5,4,4,5,4,5,2,2,2,1,2,3,4,4.67,4.5,2
17,5,5,5,4,5,5,1,1,2,1,2,3,2,5,2,2,3,2,3,1,1,2,2,1,4.83,1.67,2.67,1.67
18,4,2,1,4,4,5,2,2,1,4,3,4,4,2,2,4,2,4,2,2,1,1,1,3,3.33,2.67,3,1.67
19,4,5,4,4,5,4,5,3,4,5,4,3,1,2,3,1,1,2,1,2,1,2,NA,2,4.33,4,1.67,NA
20,5,5,5,3,4,NA,1,1,3,1,1,1,1,2,2,4,2,NA,1,2,1,1,1,1,NA,1.33,NA,1.17
21,1,4,3,1,4,2,3,1,3,2,2,3,4,NA,3,4,5,4,1,2,1,2,1,2,2.5,2.33,NA,1.5
22,3,5,5,4,4,5,2,2,2,3,4,4,2,1,1,2,3,1,1,3,1,1,1,1,4.33,2.83,1.67,1.33
23,4,3,2,3,4,5,2,4,1,1,4,1,5,4,5,2,5,5,2,3,2,3,1,NA,3.5,2.17,4.33,NA
24,2,1,1,1,1,1,4,3,4,2,3,4,2,2,2,1,1,2,1,NA,2,1,1,1,1.17,3.33,1.67,NA
25,1,4,1,3,2,3,1,2,4,3,1,3,4,3,4,2,2,2,2,2,3,2,3,2,2.33,2.33,2.83,2.33
26,2,3,3,4,3,5,5,4,2,3,5,5,1,1,1,1,1,1,1,2,1,1,1,2,3.33,4,1,1.33
27,4,5,4,4,2,5,2,1,2,2,2,1,2,5,3,3,5,2,1,3,2,1,2,2,4,1.67,3.33,1.83
28,5,5,5,5,5,5,4,5,5,5,5,4,2,2,1,2,2,5,1,1,1,1,2,2,5,4.67,2.33,1.33
29,3,5,5,3,4,5,5,4,3,4,5,3,3,4,3,5,3,4,3,1,1,1,2,1,4.17,4,3.67,1.5
30,4,5,5,5,5,5,3,4,4,3,2,4,5,3,3,5,4,5,1,3,1,2,NA,2,4.83,3.33,4.17,NA
31,5,5,4,5,5,5,4,2,4,5,4,2,1,1,2,5,2,2,1,1,1,1,1,1,4.83,3.5,2.17,1
32,4,5,5,5,5,5,1,2,1,1,4,1,2,5,3,2,2,NA,2,2,1,1,1,NA,4.83,1.67,NA,NA
33,4,2,4,3,3,5,1,2,2,1,3,1,1,2,2,2,3,1,2,1,3,2,1,1,3.5,1.67,1.83,1.67
34,5,4,5,5,4,4,4,5,4,5,1,3,1,4,3,4,5,3,3,2,3,2,1,3,4.5,3.67,3.33,2.33
35,3,4,5,2,4,5,4,3,3,3,2,2,1,1,2,1,2,1,2,2,1,1,1,2,3.83,2.83,1.33,1.5
36,5,5,5,5,4,5,5,4,5,5,5,5,3,NA,5,4,4,2,1,1,1,1,1,2,4.83,4.83,NA,1.17
37,3,1,2,4,4,3,1,4,1,2,2,1,5,3,3,4,2,3,2,2,1,2,1,1,2.83,1.83,3.33,1.5
38,4,4,4,5,4,4,3,4,3,4,2,4,5,2,2,2,3,5,1,3,2,1,2,3,4.17,3.33,3.17,2
39,3,4,2,4,3,3,3,3,4,3,3,1,1,1,2,2,1,2,1,1,1,1,NA,2,3.17,2.83,1.5,NA
40,5,4,2,4,4,NA,3,3,4,4,4,4,3,2,1,1,1,1,2,1,1,2,1,1,NA,3.67,1.5,1.33
41,1,4,4,3,4,3,3,3,4,4,1,4,5,5,4,5,NA,5,3,2,2,2,2,3,3.17,3.17,NA,2.33
42,5,5,5,5,5,5,1,1,2,1,1,2,3,2,2,1,1,2,2,2,1,2,1,2,5,1.33,1.83,1.67
43,5,3,2,4,5,4,5,5,5,4,4,5,4,2,5,2,3,5,5,4,3,NA,NA,3,3.83,4.67,3.5,NA
44,5,5,5,5,5,5,2,5,4,4,4,4,2,1,3,2,3,2,1,1,1,1,1,1,5,3.83,2.17,1
45,3,4,4,5,5,2,3,4,5,4,4,3,1,1,1,2,1,4,1,2,1,1,2,1,3.83,3.83,1.67,1.33
46,5,5,5,4,5,5,3,3,4,4,4,3,1,2,2,1,3,3,1,3,1,2,1,2,4.83,3.5,2,1.67
47,5,5,5,5,5,5,4,4,3,5,5,3,2,2,4,5,2,4,2,3,2,3,1,2,5,4,3.17,2.17
48,5,3,4,5,3,5,2,2,1,1,2,1,1,2,2,2,4,NA,1,1,1,1,NA,2,4.17,1.5,NA,NA
49,1,5,3,3,5,NA,4,4,4,4,3,4,5,5,5,5,5,5,2,3,4,3,4,3,NA,3.83,5,3.17
50,4,3,5,3,3,4,3,5,3,4,4,4,2,4,4,5,5,NA,1,2,1,1,2,1,3.67,3.83,NA,1.33
51,5,4,5,5,5,5,3,3,4,4,2,3,3,3,2,5,4,5,2,1,2,2,NA,2,4.83,3.17,3.67,NA
52,5,5,5,4,3,4,3,3,3,2,4,1,3,1,1,1,1,1,2,1,1,2,2,1,4.33,2.67,1.33,1.5
53,3,5,5,4,2,2,1,1,2,1,1,3,1,3,3,3,2,2,2,1,1,1,1,1,3.5,1.5,2.33,1.17
54,5,4,3,5,4,4,5,5,4,5,5,5,5,2,2,2,3,5,1,NA,2,NA,3,1,4.17,4.83,3.17,NA
55,5,2,1,5,2,5,3,1,2,1,1,4,1,2,3,2,2,2,1,2,2,1,2,1,3.33,2,2,1.5
56,3,5,5,5,4,3,4,2,4,3,3,2,5,4,2,3,5,5,3,NA,3,2,1,2,4.17,3,4,NA
57,5,4,4,5,5,5,4,2,2,2,2,2,2,1,1,3,1,NA,1,2,2,1,2,1,4.67,2.33,NA,1.5
58,5,3,2,4,3,1,3,5,2,4,4,5,3,3,4,4,4,2,3,1,2,1,1,1,3,3.83,3.33,1.5
59,3,2,4,4,4,3,5,5,5,5,5,4,1,3,3,1,5,4,1,1,2,1,1,1,3.33,4.83,2.83,1.17
60,5,5,5,3,4,5,4,4,3,5,3,1,1,2,2,2,1,NA,1,1,1,1,1,NA,4.5,3.33,NA,NA
61,5,5,5,5,5,5,2,4,1,3,2,4,2,3,4,4,2,2,2,3,1,2,3,5,5,2.67,2.83,2.67
62,5,4,5,4,5,5,4,4,4,3,4,4,5,4,5,2,2,2,1,1,1,1,1,1,4.67,3.83,3.33,1
63,2,2,3,5,4,3,4,4,2,3,2,5,4,4,2,4,3,2,2,1,1,1,1,1,3.17,3.33,3.17,1.17
64,4,5,4,5,5,4,3,4,5,4,4,5,5,5,5,5,4,5,1,1,1,3,1,2,4.5,4.17,4.83,1.5
65,3,5,3,4,3,3,4,2,4,4,5,1,3,3,3,5,4,2,1,1,1,2,1,2,3.5,3.33,3.33,1.33
66,4,4,3,4,1,3,5,3,5,4,4,4,3,3,2,2,2,2,2,2,2,2,NA,1,3.17,4.17,2.33,NA
67,5,4,4,4,2,3,4,1,2,3,4,1,2,2,1,1,3,2,1,1,1,2,2,2,3.67,2.5,1.83,1.5
68,5,4,5,5,5,5,5,5,5,5,3,5,5,2,2,1,3,2,1,1,1,1,1,1,4.83,4.67,2.5,1
69,3,3,4,2,5,4,4,4,4,4,3,5,2,4,2,5,4,3,3,3,5,NA,3,2,3.5,4,3.33,NA
70,4,4,2,3,2,2,5,4,4,4,4,4,1,2,1,2,2,2,2,1,1,1,1,1,2.83,4.17,1.67,1.17
71,2,2,3,4,3,2,4,2,2,1,3,1,3,5,1,3,2,2,2,3,2,NA,2,2,2.67,2.17,2.67,NA
72,1,2,3,4,4,4,5,5,5,4,5,4,5,5,5,5,5,5,4,5,3,4,5,3,3,4.67,5,4
73,1,1,3,1,4,1,5,4,4,4,4,4,3,2,3,4,3,2,2,2,2,2,1,NA,1.83,4.17,2.83,NA
74,3,1,2,1,2,1,2,1,1,1,1,1,4,2,2,3,2,4,2,1,1,2,NA,3,1.67,1.17,2.83,NA
75,4,1,2,2,2,3,4,5,4,4,5,5,3,2,5,2,2,1,1,1,1,1,1,NA,2.33,4.5,2.5,NA
76,2,3,2,4,3,5,4,4,5,4,4,4,2,1,2,1,1,2,1,1,1,1,1,1,3.17,4.17,1.5,1
77,5,5,5,5,5,5,3,2,1,3,3,1,3,3,2,2,3,2,2,2,2,3,3,3,5,2.17,2.5,2.5
78,4,4,5,5,4,4,5,4,4,4,3,4,2,1,2,1,1,1,1,1,1,2,1,2,4.33,4,1.33,1.33
79,4,4,4,4,5,4,2,3,1,1,1,1,2,2,2,2,4,4,1,1,2,NA,1,2,4.17,1.5,2.67,NA
80,5,2,5,4,5,3,4,5,3,3,2,4,5,2,2,2,3,2,1,2,1,NA,NA,1,4,3.5,2.67,NA
81,3,5,4,4,4,3,5,3,2,4,3,3,2,1,2,1,1,3,2,2,3,2,3,3,3.83,3.33,1.67,2.5
82,5,5,5,5,5,5,2,4,5,4,4,4,2,2,3,3,2,2,1,1,2,2,NA,NA,5,3.83,2.33,NA
83,1,3,3,4,2,3,4,4,4,5,4,3,2,NA,4,2,4,3,2,2,2,2,2,1,2.67,4,NA,1.83
84,4,5,5,5,5,5,4,4,4,4,4,5,3,3,3,2,2,2,3,3,2,1,1,3,4.83,4.17,2.5,2.17
85,5,4,2,4,5,4,2,3,1,4,4,2,2,3,1,2,4,2,2,3,2,NA,1,1,4,2.67,2.33,NA
86,3,2,2,5,5,2,5,4,4,5,2,4,2,4,1,2,2,4,3,1,2,2,1,2,3.17,4,2.5,1.83
87,3,1,4,4,5,4,5,5,4,5,5,4,1,2,5,4,4,2,3,1,1,1,1,2,3.5,4.67,3,1.5
88,5,5,5,3,4,5,2,2,4,4,4,3,3,2,2,1,3,2,1,1,1,2,1,1,4.5,3.17,2.17,1.17
89,5,4,4,4,4,5,2,4,3,4,4,5,2,3,3,2,5,2,1,1,2,2,2,2,4.33,3.67,2.83,1.67
90,3,5,4,5,1,2,2,4,1,1,2,1,5,5,4,3,5,2,1,2,2,2,1,2,3.33,1.83,4,1.67
91,5,5,4,4,5,2,1,1,1,1,1,1,2,2,1,2,4,2,1,1,1,1,1,1,4.17,1,2.17,1
92,5,5,4,4,4,4,2,1,2,2,2,1,2,2,1,4,5,3,2,2,3,1,2,2,4.33,1.67,2.83,2
93,5,5,5,5,4,5,1,3,4,3,4,2,2,3,4,2,5,5,2,NA,2,1,1,2,4.83,2.83,3.5,NA
94,3,4,3,5,3,4,4,2,1,1,2,3,5,2,3,2,3,2,3,2,1,2,2,2,3.67,2.17,2.83,2
95,4,2,5,5,5,5,1,1,3,2,1,3,3,2,3,5,5,4,3,1,1,1,1,2,4.33,1.83,3.67,1.5
96,3,5,3,5,5,5,2,1,3,3,4,3,3,3,3,4,3,3,2,2,2,2,1,1,4.33,2.67,3.17,1.67
97,4,2,2,1,1,4,5,4,5,4,5,4,5,5,5,5,4,5,4,4,5,NA,3,3,2.33,4.5,4.83,NA
98,5,5,5,5,5,5,5,5,4,4,4,5,5,4,2,2,4,5,1,1,1,1,1,2,5,4.5,3.67,1.17
99,5,4,4,5,3,5,4,3,3,4,5,3,2,4,2,4,2,2,1,1,1,1,1,1,4.33,3.67,2.67,1
100,3,4,3,4,3,1,5,5,5,4,4,4,2,1,2,2,2,2,2,1,2,1,3,1,3,4.5,1.83,1.67
101,1,5,4,3,4,3,4,4,1,3,3,2,3,2,1,5,5,5,1,1,3,2,NA,2,3.33,2.83,3.5,NA
102,1,5,1,3,1,1,4,4,4,1,3,1,3,2,3,2,3,2,2,1,1,1,NA,NA,2,2.83,2.5,NA
103,5,5,5,5,5,5,4,5,5,4,4,4,3,5,3,3,3,4,2,1,1,1,NA,1,5,4.33,3.5,NA
104,5,4,5,5,5,5,4,4,4,4,5,5,2,3,2,2,3,2,1,1,1,1,1,1,4.83,4.33,2.33,1
105,3,5,4,3,5,4,2,5,4,4,3,4,2,4,2,3,4,5,1,1,2,1,2,3,4,3.67,3.33,1.67
106,5,3,4,3,5,NA,2,4,5,4,4,3,2,2,2,3,5,2,2,4,2,3,1,2,NA,3.67,2.67,2.33
107,5,4,5,4,4,5,5,4,4,4,4,5,1,2,2,2,2,2,1,2,1,1,1,1,4.5,4.33,1.83,1.17
108,3,2,3,3,3,2,4,3,2,2,4,4,1,2,2,3,2,2,1,1,2,1,2,1,2.67,3.17,2,1.33
109,5,5,5,5,5,5,5,5,5,5,5,5,4,2,2,2,NA,2,1,1,1,2,1,1,5,5,NA,1.17
110,5,2,4,4,5,2,3,4,4,4,4,2,2,2,2,2,2,1,1,1,1,1,1,1,3.67,3.5,1.83,1
111,4,4,5,2,5,4,5,4,4,5,5,5,2,4,4,4,3,5,1,2,1,2,NA,3,4,4.67,3.67,NA
112,5,5,5,3,4,5,3,1,1,1,1,2,5,5,5,5,5,5,2,2,2,2,3,3,4.5,1.5,5,2.33
113,2,2,2,2,4,3,1,3,1,1,2,4,5,5,4,3,5,3,2,2,4,2,4,3,2.5,2,4.17,2.83
114,5,5,5,5,5,5,4,2,4,5,4,5,4,2,2,1,2,4,2,1,1,2,1,1,5,4,2.5,1.33
115,4,5,5,5,4,5,3,2,1,2,1,1,3,5,4,3,1,2,2,2,2,2,2,2,4.67,1.67,3,2
116,1,1,1,2,2,1,5,5,3,4,4,5,3,3,3,3,4,5,3,3,2,4,2,2,1.33,4.33,3.5,2.67
117,4,5,5,5,5,5,4,4,5,4,4,4,5,3,3,2,5,4,1,1,3,2,1,1,4.83,4.17,3.67,1.5
118,5,5,4,5,5,4,3,1,4,4,4,3,3,3,3,4,2,5,2,2,2,NA,NA,NA,4.67,3.17,3.33,NA
119,4,5,4,4,4,5,5,2,5,4,3,4,2,1,2,2,2,1,2,2,1,1,1,2,4.33,3.83,1.67,1.5
120,4,5,3,4,5,4,4,1,4,4,4,4,4,2,5,2,2,2,3,3,2,2,3,3,4.17,3.5,2.83,2.67
121,4,4,4,3,4,4,4,4,5,4,4,4,2,2,5,5,4,NA,2,2,2,3,NA,3,3.83,4.17,NA,NA
122,3,4,3,4,5,3,2,4,4,2,3,3,3,2,3,2,2,2,1,1,1,NA,2,1,3.67,3,2.33,NA
123,4,5,2,1,2,4,4,4,4,5,5,4,4,NA,1,3,2,2,2,2,2,NA,1,1,3,4.33,NA,NA
124,3,1,3,1,5,3,5,5,5,5,4,5,2,3,2,2,1,2,1,1,1,1,2,1,2.67,4.83,2,1.17
125,4,4,5,3,2,2,5,4,4,4,5,3,1,2,1,3,NA,1,1,1,1,1,1,1,3.33,4.17,NA,1
126,1,3,4,2,4,1,3,1,1,4,4,4,5,4,5,4,5,4,3,3,2,2,3,2,2.5,2.83,4.5,2.5
127,5,5,5,5,5,5,2,4,4,5,5,4,5,3,2,3,2,4,1,1,1,1,1,1,5,4,3.17,1
128,2,4,4,3,5,5,3,5,5,4,5,3,5,3,3,3,4,4,1,2,2,1,2,NA,3.83,4.17,3.67,NA
129,5,3,5,3,5,5,5,4,5,3,4,4,3,NA,4,1,4,2,1,2,2,2,1,1,4.33,4.17,NA,1.5
130,2,3,3,2,3,4,4,5,2,2,4,1,3,3,3,5,4,5,2,2,1,2,3,2,2.83,3,3.83,2
131,1,1,1,1,3,1,2,3,4,1,5,4,1,3,1,3,2,2,1,2,1,NA,1,1,1.33,3.17,2,NA
132,5,5,5,5,5,5,4,2,2,2,1,2,1,3,2,5,2,3,2,3,1,3,1,2,5,2.17,2.67,2
133,2,3,5,2,3,3,2,4,2,4,4,3,3,4,2,5,3,4,3,3,3,NA,3,3,3,3.17,3.5,NA
134,5,5,5,5,5,5,5,4,5,4,4,5,2,3,2,1,2,2,2,2,2,2,3,NA,5,4.5,2,NA
135,4,4,5,5,4,3,4,5,4,3,4,3,2,2,3,3,2,2,1,1,1,1,1,1,4.17,3.83,2.33,1
136,4,5,5,4,5,1,3,4,2,1,1,2,2,NA,1,2,3,1,1,1,1,NA,1,1,4,2.17,NA,NA
137,5,4,5,5,5,5,4,2,2,5,4,4,1,2,2,1,2,NA,1,1,1,1,NA,1,4.83,3.5,NA,NA
138,4,1,1,1,3,1,5,2,4,4,4,4,3,2,3,2,3,2,3,2,3,2,1,3,1.83,3.83,2.5,2.33
139,5,5,5,5,4,NA,5,5,5,4,5,4,1,2,1,2,NA,1,1,1,1,1,1,1,NA,4.67,NA,1
140,3,3,1,2,4,2,1,1,2,2,2,1,2,NA,4,2,3,3,1,1,1,1,2,1,2.5,1.5,NA,1.17
141,3,4,5,5,5,5,4,4,4,4,5,5,1,4,4,3,1,3,3,NA,2,1,1,NA,4.5,4.33,2.67,NA
142,4,5,3,3,1,3,4,4,1,2,1,1,3,2,2,2,1,1,2,2,3,2,1,NA,3.17,2.17,1.83,NA
143,2,2,3,4,4,4,3,1,1,2,1,2,4,4,4,5,NA,5,2,2,2,2,1,2,3.17,1.67,NA,1.83
144,5,4,4,3,3,5,5,5,3,5,4,4,3,3,2,2,3,3,1,1,1,1,1,1,4,4.33,2.67,1
145,1,3,3,4,2,NA,2,2,4,3,3,4,5,5,3,3,1,2,1,5,2,2,1,1,NA,3,3.17,2
146,1,2,3,2,2,2,2,3,4,1,4,2,1,2,2,2,1,2,1,1,1,1,NA,2,2,2.67,1.67,NA
147,4,5,5,5,3,5,5,5,5,4,4,5,5,1,3,2,NA,3,1,1,1,1,2,1,4.5,4.67,NA,1.17
148,5,5,5,5,5,5,5,4,4,3,2,3,1,2,1,2,1,2,4,3,3,3,2,2,5,3.5,1.5,2.83
149,5,4,4,5,4,5,3,3,2,1,1,3,1,1,1,3,NA,2,1,2,1,1,1,NA,4.5,2.17,NA,NA
150,2,4,3,4,4,1,4,3,4,5,5,4,3,2,2,2,2,3,2,3,2,1,3,1,3,4.17,2.33,2
151,2,4,1,1,4,4,2,4,1,3,4,4,3,3,4,2,1,2,2,1,1,NA,1,2,2.67,3,2.5,NA
152,3,5,5,1,2,5,3,5,4,4,4,4,4,3,3,3,3,4,1,2,1,2,3,2,3.5,4,3.33,1.83
153,3,4,4,5,5,3,5,4,4,5,4,4,2,4,4,2,2,2,3,NA,2,3,2,1,4,4.33,2.67,NA
154,3,4,4,5,5,4,4,2,5,4,3,5,2,2,2,4,4,2,1,NA,1,1,1,1,4.17,3.83,2.67,NA
155,4,1,2,2,1,2,4,5,5,5,5,5,5,5,5,5,4,3,5,3,5,3,5,5,2,4.83,4.5,4.33
156,3,4,5,4,5,4,4,4,5,4,4,4,4,2,2,2,1,2,2,2,1,2,1,1,4.17,4.17,2.17,1.5
157,3,5,5,5,4,5,2,3,1,2,4,3,1,1,1,1,1,1,1,1,1,NA,1,1,4.5,2.5,1,NA
158,4,5,4,5,4,5,5,4,5,5,3,4,1,3,1,1,2,3,1,2,2,1,1,1,4.5,4.33,1.83,1.33
159,1,4,3,3,1,3,1,4,4,4,2,3,2,2,3,2,3,2,1,1,2,1,1,1,2.5,3,2.33,1.17
160,4,4,5,3,5,5,2,2,2,4,1,2,3,3,2,4,4,2,2,2,1,1,2,2,4.33,2.17,3,1.67
161,1,3,3,4,4,4,1,2,1,4,1,1,3,2,2,4,3,5,2,3,2,3,2,1,3.17,1.67,3.17,2.17
162,4,4,5,4,3,4,3,3,4,4,1,4,1,3,4,3,2,4,2,1,1,2,1,1,4,3.17,2.83,1.33
163,3,4,4,3,2,3,3,2,1,3,3,1,2,1,1,1,2,1,2,1,1,1,1,2,3.17,2.17,1.33,1.33
164,4,5,4,5,5,5,1,1,1,1,2,2,3,3,5,4,2,5,1,2,2,2,2,1,4.67,1.33,3.67,1.67
165,3,2,3,2,4,NA,4,3,2,1,2,3,2,4,2,4,3,3,2,2,2,1,2,NA,NA,2.5,3,NA
166,3,3,1,5,2,2,2,3,2,1,5,1,2,2,2,1,2,5,1,1,1,NA,1,1,2.67,2.33,2.33,NA
167,4,4,3,5,3,1,4,3,3,4,3,2,3,3,5,3,4,2,3,3,5,3,3,3,3.33,3.17,3.33,3.33
168,3,3,3,4,3,1,3,1,2,3,1,1,1,1,1,2,2,NA,1,1,1,1,1,1,2.83,1.83,NA,1
169,1,2,4,1,2,3,2,1,4,2,2,2,2,NA,2,2,3,2,3,2,1,2,2,1,2.17,2.17,NA,1.83
170,2,5,4,4,2,3,2,4,5,4,5,5,1,5,3,2,4,1,2,3,2,3,NA,2,3.33,4.17,2.67,NA
171,3,3,2,2,3,2,3,4,3,2,1,4,2,3,4,2,1,3,1,2,1,NA,1,1,2.5,2.83,2.5,NA
172,4,5,4,3,4,2,5,4,3,4,5,5,2,1,1,1,1,1,1,2,1,1,1,NA,3.67,4.33,1.17,NA
173,5,5,3,3,5,4,4,5,5,4,5,4,1,4,2,2,2,1,2,1,1,1,1,1,4.17,4.5,2,1.17
174,4,4,4,3,4,1,4,2,4,3,4,2,2,4,5,3,2,2,3,1,3,4,4,2,3.33,3.17,3,2.83
175,5,4,4,3,5,4,5,5,5,5,4,4,3,1,3,3,4,2,1,1,1,1,2,1,4.17,4.67,2.67,1.17
176,4,5,5,5,5,4,5,4,5,4,4,5,1,2,2,3,1,1,1,1,1,1,1,1,4.67,4.5,1.67,1
177,4,3,2,2,4,2,2,2,2,2,2,4,2,2,4,3,4,3,1,1,1,2,2,1,2.83,2.33,3,1.33
178,4,1,4,4,4,5,5,4,3,3,4,4,1,3,2,2,2,5,1,1,1,1,1,2,3.67,3.83,2.5,1.17
179,5,5,5,4,5,5,3,4,4,3,3,4,2,NA,2,2,1,1,2,2,2,2,1,1,4.83,3.5,NA,1.67
180,5,5,4,3,4,1,1,1,2,2,3,2,2,3,1,2,2,1,3,2,3,NA,3,2,3.67,1.83,1.83,NA
181,3,4,4,4,4,4,2,4,3,1,2,2,3,2,2,3,3,2,1,1,2,1,1,1,3.83,2.33,2.5,1.17
182,5,5,5,3,5,4,4,3,3,3,2,4,2,5,5,5,5,3,2,3,4,3,5,2,4.5,3.17,4.17,3.17
183,5,5,5,5,5,3,5,5,5,5,4,5,2,3,1,1,2,1,1,1,1,1,1,1,4.67,4.83,1.67,1
184,5,5,5,5,5,5,4,2,5,3,3,5,2,2,1,4,1,2,3,2,1,2,NA,2,5,3.67,2,NA
185,3,5,5,5,5,5,4,3,2,2,3,3,1,4,2,2,NA,NA,2,1,2,1,1,1,4.67,2.83,NA,1.33
186,3,4,4,5,4,5,2,2,4,4,4,4,1,2,1,3,1,2,2,1,1,1,1,1,4.17,3.33,1.67,1.17
187,4,2,1,3,1,1,4,2,4,1,2,4,5,NA,5,3,5,5,1,3,3,2,3,NA,2,2.83,NA,NA
188,5,5,4,5,4,4,3,1,4,4,4,4,2,3,2,2,2,1,1,1,3,1,1,1,4.5,3.33,2,1.33
189,1,1,3,4,1,5,2,3,4,3,1,4,1,1,1,1,2,1,1,1,1,1,NA,1,2.5,2.83,1.17,NA
190,5,5,4,4,4,5,3,2,4,4,2,5,3,3,5,2,4,3,2,5,2,2,NA,1,4.5,3.33,3.33,NA
191,1,3,3,1,1,4,2,4,4,4,5,4,2,3,2,5,2,3,2,1,1,1,1,2,2.17,3.83,2.83,1.33
192,5,5,5,5,5,5,1,3,4,4,4,4,2,2,2,4,2,3,2,1,1,1,1,2,5,3.33,2.5,1.33
193,5,5,4,4,3,5,3,4,4,3,1,5,3,4,5,5,2,2,2,1,2,2,1,1,4.33,3.33,3.5,1.5
194,4,5,4,4,4,3,4,2,4,3,2,2,5,4,5,5,4,5,5,3,3,NA,4,3,4,2.83,4.67,NA
195,3,5,5,2,5,3,4,5,5,4,4,5,2,4,1,2,4,2,1,1,2,1,1,1,3.83,4.5,2.5,1.17
196,5,5,4,5,5,5,1,5,4,4,4,4,2,2,4,2,3,3,2,1,1,NA,1,1,4.83,3.67,2.67,NA
197,5,3,2,4,2,1,1,1,1,2,3,3,5,2,4,2,3,4,2,3,2,2,3,3,2.83,1.83,3.33,2.5
198,5,3,2,2,4,4,5,4,2,1,4,4,2,1,2,2,4,3,2,2,3,2,3,2,3.33,3.33,2.33,2.33
199,5,5,5,5,4,4,1,2,3,2,3,3,1,1,2,1,NA,1,1,NA,2,NA,2,1,4.67,2.33,NA,NA
200,5,5,4,5,5,5,5,5,4,4,4,5,2,3,5,4,3,2,1,1,1,2,1,1,4.83,4.5,3.17,1.17
201,5,3,2,3,3,5,4,2,4,4,4,4,2,4,3,1,3,3,2,2,1,NA,2,1,3.5,3.67,2.67,NA
202,5,4,5,5,5,5,5,5,5,5,5,5,2,3,2,1,2,2,1,1,1,1,1,1,4.83,5,2,1
203,3,2,2,2,5,3,3,3,2,1,1,4,1,2,1,2,2,2,1,1,1,2,2,1,2.83,2.33,1.67,1.33
204,3,5,2,3,4,1,3,3,3,2,2,3,4,4,3,5,3,5,4,2,2,2,3,2,3,2.67,4,2.5
205,4,2,5,4,5,3,4,5,4,5,5,5,4,NA,2,2,4,3,3,2,1,4,NA,3,3.83,4.67,NA,NA
206,5,4,3,5,4,4,2,4,4,1,3,1,5,3,5,5,4,5,1,2,2,2,NA,3,4.17,2.5,4.5,NA
207,5,4,3,5,3,4,2,2,4,4,4,4,2,1,2,2,1,2,1,1,1,1,1,1,4,3.33,1.67,1
208,5,5,5,4,5,5,4,5,5,4,5,4,3,2,5,2,2,5,1,2,2,1,1,2,4.83,4.5,3.17,1.5
209,5,5,4,5,5,5,4,2,4,4,3,1,3,3,4,3,3,4,1,1,1,1,1,1,4.83,3,3.33,1
210,5,5,5,5,5,5,3,4,2,3,3,1,2,3,2,3,2,1,1,1,1,1,1,1,5,2.67,2.17,1
211,2,4,4,5,5,4,4,4,5,5,4,4,1,2,1,1,3,1,1,2,2,NA,1,1,4,4.33,1.5,NA
212,4,3,4,3,5,5,4,1,4,1,2,3,2,1,2,3,2,2,2,1,2,2,2,2,4,2.5,2,1.83
213,1,1,1,1,1,1,1,1,1,3,4,1,5,4,4,5,5,2,3,3,3,NA,2,2,1,1.83,4.17,NA
214,4,5,4,2,1,3,4,5,3,4,4,5,4,3,2,2,2,4,1,1,1,1,1,1,3.17,4.17,2.83,1
215,5,5,5,5,5,NA,4,4,5,4,4,1,2,3,3,4,2,2,1,1,1,1,1,1,NA,3.67,2.67,1
216,3,5,4,5,4,5,5,5,4,3,5,4,3,5,1,4,3,3,1,2,2,1,3,2,4.33,4.33,3.17,1.83
217,2,3,5,5,4,3,2,4,3,5,3,4,5,4,5,5,4,3,2,2,3,2,NA,3,3.67,3.5,4.33,NA
218,4,4,4,3,5,5,4,4,1,1,3,4,3,4,1,4,4,2,1,1,2,1,1,NA,4.17,2.83,3,NA
219,5,5,5,5,5,5,4,3,1,1,3,3,2,NA,3,2,2,5,1,NA,1,1,1,2,5,2.5,NA,NA
220,5,4,5,4,4,5,5,4,4,3,4,1,5,NA,5,4,4,4,2,2,2,3,2,NA,4.5,3.5,NA,NA
221,4,4,4,2,4,3,2,2,1,1,4,4,4,NA,4,5,4,4,1,1,2,1,NA,1,3.5,2.33,NA,NA
222,5,5,5,5,5,4,3,3,3,3,3,3,2,3,3,5,2,3,1,1,1,2,1,2,4.83,3,3,1.33
223,5,5,5,2,5,5,3,3,4,4,4,3,2,1,3,3,3,1,1,1,1,1,1,1,4.5,3.5,2.17,1
224,3,3,3,5,2,2,1,1,3,1,3,1,4,5,4,3,NA,5,3,3,2,2,4,1,3,1.67,NA,2.5
225,2,4,1,1,4,3,2,4,4,4,4,3,4,2,5,4,2,3,2,3,2,2,2,2,2.5,3.5,3.33,2.17
226,4,2,5,5,4,5,4,4,4,1,1,4,3,1,3,1,3,2,1,NA,2,1,1,1,4.17,3,2.17,NA
227,4,3,1,2,5,1,3,1,4,3,1,2,4,3,4,5,3,3,1,2,1,2,2,2,2.67,2.33,3.67,1.67
228,1,1,3,3,3,3,2,3,1,1,2,1,2,4,1,2,1,3,1,1,3,2,1,2,2.33,1.67,2.17,1.67
229,5,2,5,5,5,5,4,4,2,5,5,4,1,2,1,2,2,1,3,1,1,1,1,1,4.5,4,1.5,1.33
230,2,3,5,4,4,5,4,1,4,2,4,4,2,2,1,1,1,1,1,1,1,NA,1,1,3.83,3.17,1.33,NA
231,5,5,5,4,5,5,3,3,2,3,3,2,2,2,1,2,3,4,2,2,3,3,3,1,4.83,2.67,2.33,2.33
232,5,5,5,5,5,5,2,3,4,3,3,4,4,3,3,4,4,3,1,1,1,1,2,1,5,3.17,3.5,1.17
233,5,4,3,5,1,5,4,4,4,3,3,4,5,3,4,4,5,2,2,1,2,1,1,2,3.83,3.67,3.83,1.5
234,1,4,4,5,4,3,2,2,1,3,4,4,3,4,5,3,NA,5,2,2,1,1,NA,2,3.5,2.67,NA,NA
235,5,5,2,5,3,3,4,1,2,1,1,4,3,1,2,2,1,5,2,2,1,2,NA,2,3.83,2.17,2.33,NA
236,4,4,3,4,5,5,3,3,1,2,2,4,2,2,3,5,4,2,2,3,2,3,2,2,4.17,2.5,3,2.33
237,4,5,3,4,4,5,3,2,1,4,1,4,5,4,4,5,3,4,2,1,2,1,2,1,4.17,2.5,4.17,1.5
238,5,5,4,4,4,4,5,5,4,3,5,4,1,1,2,1,1,1,2,1,1,2,1,1,4.33,4.33,1.17,1.33
239,5,5,5,5,5,5,3,4,1,2,4,1,3,5,5,2,3,5,2,2,1,2,1,1,5,2.5,3.83,1.5
240,3,2,4,1,1,1,2,2,3,1,5,3,5,5,3,3,5,3,3,2,2,2,3,2,2,2.67,4,2.33
241,2,1,3,2,2,4,4,2,2,1,5,4,3,5,5,4,2,5,4,4,5,5,5,3,2.33,3,4,4.33
242,4,5,5,4,5,4,1,4,2,3,3,5,3,5,3,5,2,3,3,2,2,2,1,1,4.5,3,3.5,1.83
243,5,4,5,4,4,4,5,3,4,2,4,4,3,3,2,3,2,2,1,3,1,3,NA,1,4.33,3.67,2.5,NA
244,5,5,5,5,5,5,1,3,3,1,2,3,1,3,1,1,1,NA,1,1,1,1,1,1,5,2.17,NA,1
245,5,5,5,5,5,5,4,3,4,4,4,4,3,1,2,3,4,3,1,1,1,1,NA,1,5,3.83,2.67,NA
246,5,4,4,4,4,4,4,3,5,4,4,5,2,4,4,5,2,2,3,2,1,3,3,NA,4.17,4.17,3.17,NA
247,4,3,5,4,5,5,5,5,4,4,5,4,5,5,5,5,5,NA,2,1,1,2,2,2,4.33,4.5,NA,1.67
248,3,5,5,5,4,4,5,4,5,3,4,4,1,4,1,2,2,2,1,1,1,1,1,1,4.33,4.17,2,1
249,5,4,4,5,5,3,5,5,4,4,4,3,5,3,1,3,1,2,1,2,5,2,2,1,4.33,4.17,2.5,2.17
250,5,4,5,4,5,4,4,4,5,3,5,4,5,3,5,3,2,4,2,2,1,3,NA,1,4.5,4.17,3.67,NA
251,5,5,2,5,5,5,4,1,2,1,1,1,1,3,2,2,1,1,1,1,2,1,NA,2,4.5,1.67,1.67,NA
252,2,1,1,2,5,2,1,3,4,3,1,4,4,3,4,4,3,2,2,4,3,2,NA,2,2.17,2.67,3.33,NA
253,5,5,5,3,4,5,3,4,5,3,2,3,4,3,2,3,NA,3,2,2,1,1,1,1,4.5,3.33,NA,1.33
254,5,4,5,5,5,5,3,3,2,1,3,4,4,2,2,2,2,2,2,1,1,1,1,NA,4.83,2.67,2.33,NA
255,5,5,4,4,5,5,3,2,4,3,4,4,2,1,2,1,2,1,1,1,1,1,1,1,4.67,3.33,1.5,1
256,3,1,5,4,3,3,2,4,2,1,4,2,2,5,3,5,1,5,4,2,1,2,3,2,3.17,2.5,3.5,2.33
257,3,3,4,4,4,3,2,2,4,4,4,3,3,3,5,1,2,5,2,2,1,2,1,2,3.5,3.17,3.17,1.67
258,4,4,5,3,4,4,3,2,2,4,4,4,4,5,5,4,5,4,2,3,1,4,2,3,4,3.17,4.5,2.5
259,2,5,4,4,4,3,3,2,4,4,5,5,2,1,1,1,1,1,1,1,1,1,1,1,3.67,3.83,1.17,1
260,5,5,5,5,5,5,4,5,4,4,3,1,2,3,2,1,2,3,2,1,1,NA,3,NA,5,3.5,2.17,NA
261,4,5,5,5,5,5,4,3,5,2,4,4,1,1,3,4,4,1,1,1,1,1,1,1,4.83,3.67,2.33,1
262,4,4,3,5,4,5,4,3,2,1,2,1,5,5,5,5,5,5,1,1,1,2,1,1,4.17,2.17,5,1.17
263,4,5,5,5,4,4,3,4,2,1,4,3,3,1,1,2,3,2,3,1,2,1,1,1,4.5,2.83,2,1.5
264,4,5,5,4,4,3,5,1,3,4,5,3,2,NA,5,4,4,3,2,2,2,3,2,1,4.17,3.5,NA,2
265,5,5,5,5,5,5,3,4,3,4,5,4,2,4,3,2,2,2,1,1,1,1,1,1,5,3.83,2.5,1
266,3,2,3,2,4,2,4,2,1,3,1,1,5,5,5,5,4,5,3,3,5,2,2,NA,2.67,2,4.83,NA
267,4,3,3,4,5,4,1,1,1,2,3,1,5,4,5,5,5,5,2,2,1,1,1,1,3.83,1.5,4.83,1.33
268,4,3,4,5,4,5,3,4,5,5,5,3,2,2,1,2,1,2,1,1,2,1,NA,1,4.17,4.17,1.67,NA
269,5,5,3,5,4,5,3,3,1,3,1,2,4,1,4,5,5,4,2,2,1,2,2,2,4.5,2.17,3.83,1.83
270,5,3,4,4,4,5,5,5,4,4,4,5,3,NA,3,3,5,5,3,2,3,2,3,2,4.17,4.5,NA,2.5
271,4,3,4,2,3,2,4,4,5,4,5,4,3,2,2,2,2,3,1,1,1,2,1,1,3,4.33,2.33,1.17
272,3,5,4,3,3,5,4,4,5,5,5,4,2,2,2,1,2,2,2,2,2,2,2,1,3.83,4.5,1.83,1.83
273,3,4,2,3,3,NA,4,5,4,4,3,4,3,4,5,3,2,2,2,NA,1,1,NA,3,NA,4,3.17,NA
274,4,5,5,4,5,5,4,4,4,1,3,3,1,1,2,2,2,2,2,2,3,2,2,1,4.67,3.17,1.67,2
275,4,5,5,4,5,5,4,2,3,2,4,1,2,4,4,3,2,2,1,1,2,1,2,1,4.67,2.67,2.83,1.33
276,4,5,5,4,3,5,1,1,1,2,2,1,5,4,3,3,5,5,2,3,2,2,2,3,4.33,1.33,4.17,2.33
277,5,5,5,3,4,5,2,3,1,4,3,3,2,2,3,1,2,2,1,1,1,1,1,2,4.5,2.67,2,1.17
278,5,4,5,5,3,4,3,1,3,4,5,5,5,2,3,1,1,3,1,2,1,1,2,1,4.33,3.5,2.5,1.33
279,5,4,5,4,4,5,4,5,3,4,5,4,3,3,2,2,2,NA,1,2,1,1,1,1,4.5,4.17,NA,1.17
280,5,5,5,5,5,5,4,5,3,3,4,4,3,2,2,5,NA,5,3,3,2,2,4,2,5,3.83,NA,2.67
281,3,1,5,5,2,5,3,2,1,4,1,1,3,3,4,3,3,2,2,2,1,3,2,2,3.5,2,3,2
282,5,5,5,5,5,5,3,4,4,2,1,4,2,2,2,2,2,2,1,1,3,2,2,3,5,3,2,2
283,3,2,3,4,1,3,3,4,4,3,4,1,2,1,5,4,2,2,2,1,1,NA,2,1,2.67,3.17,2.67,NA
284,5,2,5,5,4,3,4,3,4,3,4,5,5,5,2,2,3,5,3,2,2,2,3,1,4,3.83,3.67,2.17
285,4,4,4,4,5,4,1,4,1,2,3,4,1,1,1,1,1,1,1,2,1,2,1,NA,4.17,2.5,1,NA
286,5,5,4,5,4,5,1,1,3,3,3,4,3,2,2,2,4,4,2,2,3,3,2,NA,4.67,2.5,2.83,NA
287,5,5,5,4,5,5,4,5,5,5,4,4,2,1,1,1,1,2,1,1,1,1,1,1,4.83,4.5,1.33,1
288,5,4,5,2,5,5,2,4,5,4,5,4,5,4,5,2,5,5,1,1,1,1,NA,2,4.33,4,4.33,NA
289,5,4,5,5,4,5,1,1,4,3,4,3,4,5,2,4,NA,5,1,2,1,2,2,1,4.67,2.67,NA,1.5
290,4,5,5,3,3,3,1,2,2,3,4,4,3,4,2,5,3,4,1,1,3,2,2,1,3.83,2.67,3.5,1.67
291,5,5,4,4,5,5,5,5,4,4,5,4,1,1,1,1,1,1,2,1,1,NA,1,1,4.67,4.5,1,NA
292,4,2,4,3,1,3,2,3,4,1,1,1,5,2,5,4,3,4,2,2,2,2,2,3,2.83,2,3.83,2.17
293,4,4,5,5,3,5,2,1,1,1,1,1,1,1,1,1,1,3,1,1,1,2,1,1,4.33,1.17,1.33,1.17
294,5,2,1,1,3,1,4,2,5,4,4,3,3,4,5,3,4,3,3,1,2,2,3,2,2.17,3.67,3.67,2.17
295,5,1,4,3,4,3,1,1,1,1,1,1,5,3,5,5,5,5,3,3,5,4,5,2,3.33,1,4.67,3.67
296,5,1,4,3,4,3,4,3,1,3,3,3,4,3,3,3,2,5,3,3,3,NA,3,5,3.33,2.83,3.33,NA
297,5,5,5,4,5,5,5,5,4,4,3,4,3,3,2,4,1,2,1,1,1,2,NA,1,4.83,4.17,2.5,NA
298,4,5,4,5,4,4,4,3,2,2,4,1,1,3,3,2,2,1,1,2,1,1,1,1,4.33,2.67,2,1.17
299,4,5,4,5,5,5,4,4,2,4,3,5,2,2,4,5,2,2,2,1,1,3,1,1,4.67,3.67,2.83,1.5
300,5,3,4,4,3,4,5,5,4,4,5,4,3,2,2,2,4,2,1,2,2,1,2,3,3.83,4.5,2.5,1.83
301,5,2,5,5,5,5,5,2,4,1,4,1,4,4,4,4,2,4,1,2,1,2,1,3,4.5,2.83,3.67,1.67
302,5,5,5,5,5,5,4,4,3,5,5,4,5,3,5,3,5,2,2,1,1,1,1,NA,5,4.17,3.83,NA
303,4,4,3,4,3,5,4,1,4,2,4,2,2,1,4,2,4,2,1,1,2,1,2,NA,3.83,2.83,2.5,NA
304,5,5,1,3,2,3,4,3,3,4,2,4,2,3,2,1,3,3,3,3,2,2,3,3,3.17,3.33,2.33,2.67
305,3,4,4,3,1,3,4,5,5,5,5,4,2,5,2,4,2,3,1,1,1,2,1,NA,3,4.67,3,NA
306,5,5,5,5,5,4,3,4,3,4,4,5,4,5,2,4,3,4,2,1,1,1,1,1,4.83,3.83,3.67,1.17
307,3,3,1,2,3,1,4,4,5,5,4,5,4,2,5,3,5,2,1,1,2,2,2,1,2.17,4.5,3.5,1.5
308,5,5,5,5,5,NA,1,3,4,1,4,3,3,3,3,2,2,2,1,1,1,1,1,1,NA,2.67,2.5,1
309,2,4,3,4,3,3,4,3,4,2,4,2,3,4,4,5,5,4,2,2,2,1,2,2,3.17,3.17,4.17,1.83
310,5,3,5,4,5,4,3,4,4,4,4,3,5,5,5,5,2,5,3,2,2,2,2,2,4.33,3.67,4.5,2.17
311,4,2,5,4,2,4,1,4,1,2,2,3,3,4,3,5,2,4,2,2,3,2,3,3,3.5,2.17,3.5,2.5
312,3,3,4,2,5,4,1,1,2,1,1,1,5,3,5,3,4,4,1,3,3,1,2,2,3.5,1.17,4,2
313,4,4,4,5,5,5,4,4,4,4,5,5,2,2,5,2,2,2,3,2,1,1,2,1,4.5,4.33,2.5,1.67
314,5,5,5,3,3,NA,3,4,4,2,5,4,5,4,2,5,3,NA,3,1,1,3,3,2,NA,3.67,NA,2.17
315,3,5,3,4,5,5,1,2,3,4,1,2,4,2,5,5,2,4,2,1,2,2,NA,2,4.17,2.17,3.67,NA
316,4,1,2,1,1,2,3,4,4,5,5,3,3,2,3,4,5,2,3,1,2,2,4,2,1.83,4,3.17,2.33
317,1,2,2,2,1,2,4,5,4,4,1,1,2,2,4,2,2,4,1,1,1,NA,NA,1,1.67,3.17,2.67,NA
318,5,5,2,5,5,5,4,4,3,4,4,2,5,2,3,4,3,5,1,1,2,2,2,2,4.5,3.5,3.67,1.67
319,2,5,5,4,3,4,5,5,4,4,3,5,2,3,2,5,2,2,2,2,2,1,3,1,3.83,4.33,2.67,1.83
320,4,3,4,5,5,5,4,5,5,5,4,5,4,3,3,5,3,3,1,1,3,2,2,2,4.33,4.67,3.5,1.83
321,5,5,5,3,5,NA,5,5,5,4,5,3,3,1,2,2,2,2,1,1,1,2,1,2,NA,4.5,2,1.33
322,2,3,2,1,2,4,3,2,1,3,2,1,2,3,2,2,2,3,1,1,1,1,1,1,2.33,2,2.33,1
323,4,4,5,3,4,5,2,2,1,2,3,1,3,2,4,1,2,1,1,1,1,1,1,1,4.17,1.83,2.17,1
324,5,4,5,5,4,NA,5,5,5,4,4,5,2,1,2,1,2,1,1,2,2,NA,3,1,NA,4.67,1.5,NA
325,1,4,3,4,4,5,2,1,1,3,2,1,3,2,5,2,2,NA,1,2,2,1,3,1,3.5,1.67,NA,1.67
326,5,4,5,5,5,5,5,5,4,4,4,4,2,2,2,4,3,2,3,2,3,2,3,3,4.83,4.33,2.5,2.67
327,4,5,4,5,4,4,5,4,4,5,5,5,1,1,2,3,NA,2,1,2,1,1,1,1,4.33,4.67,NA,1.17
328,4,1,3,4,2,5,1,2,1,4,1,3,3,2,2,2,2,3,2,1,1,3,2,2,3.17,2,2.33,1.83
329,4,5,5,5,5,5,3,4,2,4,5,4,1,1,2,3,1,2,2,2,1,1,2,1,4.83,3.67,1.67,1.5
330,5,5,5,5,5,5,4,5,5,5,5,5,2,2,4,5,2,5,1,1,1,1,1,1,5,4.83,3.33,1
331,5,4,4,4,5,5,2,1,5,1,4,4,5,2,3,3,3,4,3,3,3,3,2,3,4.5,2.83,3.33,2.83
332,4,2,3,2,4,4,3,4,4,3,2,3,5,3,5,2,NA,2,1,1,1,3,1,1,3.17,3.17,NA,1.33
333,2,3,5,4,5,3,3,2,4,3,3,3,1,2,1,5,2,2,1,2,2,1,1,3,3.67,3,2.17,1.67
334,4,4,2,3,4,4,1,1,1,1,1,1,3,2,2,3,2,NA,1,1,1,1,1,1,3.5,1,NA,1
335,5,4,5,5,4,4,5,5,4,4,5,5,5,5,5,4,5,5,1,2,3,3,1,1,4.5,4.67,4.83,1.83
336,5,5,4,5,4,5,4,4,4,4,4,4,2,2,3,3,3,2,1,1,1,1,1,1,4.67,4,2.5,1
337,5,4,4,4,4,4,4,3,1,3,5,4,2,2,1,2,2,2,1,1,1,1,1,1,4.17,3.33,1.83,1
338,5,4,4,2,2,3,5,2,5,4,5,5,2,1,1,1,4,4,1,2,1,1,1,1,3.33,4.33,2.17,1.17
339,3,3,5,4,3,3,4,2,5,2,4,4,2,2,2,2,2,2,1,1,1,1,1,2,3.5,3.5,2,1.17
340,4,3,3,3,2,2,4,3,3,3,4,4,5,5,3,3,4,5,2,1,3,2,3,3,2.83,3.5,4.17,2.33
341,4,5,5,5,4,5,4,4,4,4,4,4,4,4,3,2,NA,3,1,1,1,1,1,2,4.67,4,NA,1.17
342,4,1,4,3,2,4,2,3,2,1,4,1,3,5,5,5,5,1,2,2,2,2,3,NA,3,2.17,4,NA
343,4,5,4,5,5,3,3,4,2,3,5,4,5,3,5,2,4,5,1,1,2,2,2,1,4.33,3.5,4,1.5
344,4,3,4,3,1,4,5,1,2,1,2,4,2,2,2,2,2,2,1,1,2,1,1,1,3.17,2.5,2,1.17
345,5,5,4,5,4,4,4,5,4,5,5,4,2,NA,2,2,2,2,2,1,1,1,1,2,4.5,4.5,NA,1.33
346,2,4,3,5,4,5,4,3,4,3,3,5,1,3,2,2,2,1,1,1,1,2,2,1,3.83,3.67,1.83,1.33
347,5,4,4,5,5,5,3,4,5,4,3,2,2,2,1,2,2,2,1,2,2,1,3,1,4.67,3.5,1.83,1.67
348,4,5,2,5,5,5,1,4,3,4,4,4,2,1,2,2,3,2,1,1,1,1,1,2,4.33,3.33,2,1.17
349,5,3,5,5,5,4,1,4,5,2,5,3,3,NA,2,3,2,1,1,1,1,1,2,1,4.5,3.33,NA,1.17
350,4,2,2,4,1,3,4,5,4,4,3,5,1,2,4,1,2,1,1,2,2,1,1,1,2.67,4.17,1.83,1.33
351,5,5,5,4,5,5,3,3,4,5,5,3,1,3,3,4,3,2,1,1,1,2,1,1,4.83,3.83,2.67,1.17
352,5,4,4,5,5,5,3,2,4,3,5,4,5,5,5,2,3,4,1,1,1,1,1,1,4.67,3.5,4,1
353,4,5,4,3,5,2,4,3,4,3,4,4,3,5,3,2,3,4,2,2,2,2,NA,1,3.83,3.67,3.33,NA
354,5,4,5,5,5,4,5,5,5,5,5,5,4,2,2,3,3,2,2,3,4,2,5,2,4.67,5,2.67,3
355,4,3,5,5,1,3,4,4,5,4,4,3,2,2,3,2,2,1,1,2,2,2,1,NA,3.5,4,2,NA
356,5,5,5,5,5,3,3,5,4,5,4,5,2,5,3,2,2,3,1,2,1,3,2,NA,4.67,4.33,2.83,NA
357,5,4,4,4,4,4,2,1,3,3,3,2,3,3,2,3,4,NA,1,1,1,1,1,1,4.17,2.33,NA,1
358,3,1,4,1,3,3,4,3,4,4,4,5,3,5,2,4,2,3,2,2,2,2,2,1,2.5,4,3.17,1.83
359,5,4,5,5,4,4,3,2,3,4,2,4,2,NA,4,2,NA,2,3,2,3,3,2,2,4.5,3,NA,2.5
360,2,3,3,4,3,3,3,1,5,2,2,5,4,5,3,2,1,3,2,1,1,2,2,2,3,3,3,1.67
361,4,2,4,2,3,5,5,5,5,5,4,4,2,3,2,4,3,3,1,1,2,1,1,1,3.33,4.67,2.83,1.17
362,4,4,5,4,5,5,3,1,3,4,3,3,2,5,2,2,2,4,2,1,1,1,NA,2,4.5,2.83,2.83,NA
363,4,3,3,4,5,5,3,5,1,4,4,1,2,NA,2,1,1,3,2,1,1,NA,1,1,4,3,NA,NA
364,4,5,5,5,5,5,2,4,1,1,1,3,2,4,4,4,5,4,1,2,1,2,2,1,4.83,2,3.83,1.5
365,5,5,5,5,5,5,2,5,4,3,4,4,1,3,4,2,2,2,1,2,2,1,1,2,5,3.67,2.33,1.5
366,3,3,5,3,4,5,4,4,5,4,4,5,3,2,3,2,2,2,2,2,2,2,3,NA,3.83,4.33,2.33,NA
367,1,1,3,3,1,4,4,2,3,4,3,4,3,3,3,2,5,4,2,2,1,1,1,2,2.17,3.33,3.33,1.5
368,4,5,5,4,5,5,4,1,1,3,3,1,2,2,2,2,2,2,1,2,3,3,3,NA,4.67,2.17,2,NA
369,5,5,4,5,5,4,2,4,4,4,2,4,1,2,2,1,NA,2,1,2,1,2,1,2,4.67,3.33,NA,1.5
370,5,2,4,5,4,5,5,5,5,5,5,5,1,1,1,1,1,1,2,1,1,2,1,1,4.17,5,1,1.33
371,2,3,4,5,4,4,4,4,2,2,1,2,5,2,3,4,5,4,2,3,1,2,3,2,3.67,2.5,3.83,2.17
372,2,2,1,3,3,3,4,5,4,4,3,4,3,4,5,5,NA,3,2,1,2,2,2,2,2.33,4,NA,1.83
373,3,5,5,4,4,5,4,5,5,5,5,3,2,NA,2,2,2,4,1,2,1,1,2,1,4.33,4.5,NA,1.33
374,3,2,3,3,2,5,4,1,2,3,4,2,3,5,3,5,5,5,3,5,3,2,NA,NA,3,2.67,4.33,NA
375,2,4,2,4,1,1,4,4,4,2,3,5,2,3,2,1,1,2,2,1,1,2,2,1,2.33,3.67,1.83,1.5
376,1,2,3,4,3,3,2,1,1,3,1,1,3,5,2,2,4,3,2,2,1,NA,1,2,2.67,1.5,3.17,NA
377,4,5,5,5,4,4,1,4,3,1,1,1,5,5,5,4,4,5,2,2,1,2,1,2,4.5,1.83,4.67,1.67
378,2,5,3,4,4,5,2,1,1,3,3,2,5,4,5,3,2,4,2,NA,3,3,3,3,3.83,2,3.83,NA
379,5,5,5,5,5,5,5,3,4,5,4,4,2,4,2,1,4,2,1,1,2,1,1,1,5,4.17,2.5,1.17
380,4,4,4,4,3,4,2,4,3,4,3,3,4,3,5,3,3,5,2,3,3,3,2,3,3.83,3.17,3.83,2.67
381,2,5,3,4,3,5,4,4,5,4,3,3,2,5,3,3,5,2,2,2,2,2,2,3,3.67,3.83,3.33,2.17
382,5,3,5,5,5,5,3,5,5,5,4,4,4,NA,4,4,3,3,1,2,1,1,1,1,4.67,4.33,NA,1.17
383,5,4,4,4,4,5,1,3,1,3,1,1,3,2,2,2,3,3,3,2,3,3,2,3,4.33,1.67,2.5,2.67
384,5,5,4,5,5,5,4,4,3,4,4,4,2,2,2,3,2,3,2,1,1,1,1,2,4.83,3.83,2.33,1.33
385,5,5,5,4,5,4,5,4,4,5,4,3,1,2,3,2,2,2,1,1,1,1,1,1,4.67,4.17,2,1
386,1,1,2,2,2,1,4,5,5,4,5,3,4,3,3,5,5,5,1,3,3,3,5,3,1.5,4.33,4.17,3
387,1,1,1,1,1,2,1,2,1,3,1,3,5,1,2,4,4,4,3,2,1,1,2,3,1.17,1.83,3.33,2
388,3,4,3,4,3,3,4,4,4,3,2,5,5,4,2,5,NA,5,2,2,1,2,NA,NA,3.33,3.67,NA,NA
389,4,3,4,3,4,4,1,2,4,4,3,4,5,5,2,4,1,3,2,2,3,3,2,2,3.67,3,3.33,2.33
390,4,2,5,4,4,4,3,1,1,1,1,1,4,3,5,5,4,5,3,2,3,3,4,NA,3.83,1.33,4.33,NA
391,5,5,5,5,5,5,5,5,5,5,4,3,5,2,3,4,4,3,1,1,1,1,NA,NA,5,4.5,3.5,NA
392,4,4,5,3,3,4,1,4,3,2,2,1,3,3,3,5,4,2,1,3,1,1,3,2,3.83,2.17,3.33,1.83
393,5,5,4,5,5,5,4,4,4,4,4,5,3,1,3,5,3,3,1,1,1,1,1,1,4.83,4.17,3,1
394,4,4,3,1,4,5,2,3,3,4,4,4,5,5,5,3,5,2,2,1,1,NA,2,1,3.5,3.33,4.17,NA
395,1,1,2,1,4,2,4,2,2,3,4,4,2,2,1,4,2,4,1,1,1,1,1,1,1.83,3.17,2.5,1
396,1,4,5,2,3,3,4,5,5,3,4,4,1,1,1,1,1,NA,1,1,1,1,1,1,3,4.17,NA,1
397,5,5,3,2,5,4,5,4,4,4,2,4,5,2,4,4,4,5,2,3,2,2,2,NA,4,3.83,4,NA
398,2,4,1,3,2,1,4,5,4,3,4,1,1,1,2,1,2,1,1,1,1,1,NA,1,2.17,3.5,1.33,NA
399,4,4,4,5,4,5,4,2,4,5,4,3,2,3,2,2,3,NA,1,1,1,1,1,1,4.33,3.67,NA,1
400,4,3,3,4,1,4,4,2,1,3,3,4,2,1,3,2,2,1,1,1,3,NA,3,1,3.17,2.83,1.83,NA
401,4,4,4,3,4,4,1,1,2,1,2,3,2,4,4,1,2,2,3,4,2,2,3,NA,3.83,1.67,2.5,NA
402,5,5,5,5,4,4,4,3,1,2,3,1,4,5,5,3,NA,5,2,1,1,1,2,1,4.67,2.33,NA,1.33
403,1,2,1,1,2,3,5,4,5,4,5,5,2,2,2,2,2,2,3,1,2,NA,1,1,1.67,4.67,2,NA
404,5,5,5,5,5,5,2,5,3,2,3,3,5,3,4,3,2,5,1,1,1,1,2,1,5,3,3.67,1.17
405,4,5,2,4,1,1,4,5,5,5,4,5,5,5,3,2,2,5,1,1,2,2,1,1,2.83,4.67,3.67,1.33
406,5,5,5,4,5,4,2,3,4,1,1,2,2,1,1,1,3,1,1,1,1,2,1,2,4.67,2.17,1.5,1.33
407,4,3,4,4,5,5,4,4,4,4,4,4,3,2,2,1,4,2,1,1,1,3,2,2,4.17,4,2.33,1.67
408,2,4,3,2,3,5,3,4,4,5,2,2,3,2,2,2,4,1,2,1,1,1,1,2,3.17,3.33,2.33,1.33
409,4,5,4,5,4,5,3,4,3,5,4,2,2,1,2,1,2,1,1,2,2,1,1,1,4.5,3.5,1.5,1.33
410,4,4,5,5,5,5,4,5,4,4,4,4,4,3,3,4,2,4,2,1,1,3,1,3,4.67,4.17,3.33,1.83
411,5,5,5,5,5,4,3,4,3,2,4,3,2,2,1,2,5,1,2,2,1,1,2,NA,4.83,3.17,2.17,NA
412,2,3,4,4,2,1,2,3,4,1,1,1,3,5,5,5,5,5,5,NA,5,5,5,5,2.67,2,4.67,NA
413,1,4,5,2,1,1,4,1,4,2,3,4,2,4,1,1,2,NA,2,1,2,3,2,2,2.33,3,NA,2
414,2,4,1,5,4,4,2,1,1,1,1,1,3,4,2,5,NA,2,3,1,3,1,2,NA,3.33,1.17,NA,NA
415,5,1,4,5,4,2,4,3,1,2,4,1,5,5,5,5,5,5,1,2,1,1,1,1,3.5,2.5,5,1.17
416,4,4,4,4,5,4,4,3,4,3,4,4,2,2,1,2,4,4,2,2,2,1,NA,1,4.17,3.67,2.5,NA
417,3,4,2,4,3,4,4,2,2,3,3,1,5,5,3,5,5,2,2,2,1,1,1,2,3.33,2.5,4.17,1.5
418,4,3,5,4,4,2,4,3,3,4,3,2,5,5,5,5,NA,5,3,3,4,2,3,3,3.67,3.17,NA,3
419,3,5,3,3,4,4,3,4,2,4,5,4,1,2,1,2,2,NA,1,1,1,1,1,NA,3.67,3.67,NA,NA
420,2,1,3,3,2,4,1,1,1,2,4,3,3,3,4,3,3,3,2,1,1,2,1,1,2.5,2,3.17,1.33
421,5,5,5,5,5,5,4,4,3,3,4,4,3,4,2,1,1,2,2,1,1,2,1,1,5,3.67,2.17,1.33
422,4,5,5,3,3,5,4,1,2,4,4,3,2,2,3,5,3,3,2,1,1,1,1,2,4.17,3,3,1.33
423,5,4,4,3,4,4,4,4,3,5,4,4,2,3,4,2,2,2,1,2,2,NA,1,2,4,4,2.5,NA
424,5,4,4,5,4,4,3,3,3,3,3,1,1,1,1,1,2,3,2,1,1,1,2,1,4.33,2.67,1.5,1.33
425,5,5,4,4,4,3,1,4,2,2,3,1,1,1,2,1,1,2,1,2,1,1,1,1,4.17,2.17,1.33,1.17
426,2,2,3,4,4,4,1,2,1,1,3,2,1,2,2,2,2,2,2,2,3,1,3,2,3.17,1.67,1.83,2.17
427,5,5,5,5,5,5,2,1,2,4,5,3,2,1,2,1,2,2,2,2,1,1,NA,1,5,2.83,1.67,NA
428,4,5,4,4,4,5,2,4,5,4,4,4,1,2,2,1,1,2,1,1,1,1,NA,1,4.33,3.83,1.5,NA
429,5,4,4,5,4,5,1,3,3,5,3,3,3,5,5,5,3,5,2,2,3,1,2,1,4.5,3,4.33,1.83
430,4,5,5,5,5,5,4,5,3,4,4,3,2,NA,2,3,3,2,3,2,2,NA,2,1,4.83,3.83,NA,NA
431,5,5,5,2,5,5,4,5,5,5,4,4,3,5,2,4,4,2,1,3,2,2,2,2,4.5,4.5,3.33,2
432,5,3,3,4,4,5,1,2,5,1,1,3,1,3,1,2,2,1,1,1,2,2,2,2,4,2.17,1.67,1.67
433,4,5,5,5,5,NA,4,3,1,2,1,4,5,2,2,2,2,1,2,3,1,1,1,2,NA,2.5,2.33,1.67
434,3,4,3,4,4,5,4,3,4,3,2,3,2,4,3,5,2,5,3,2,2,NA,2,2,3.83,3.17,3.5,NA
435,5,5,3,5,5,5,4,5,4,4,4,4,3,4,5,2,4,5,1,2,2,1,NA,2,4.67,4.17,3.83,NA
436,3,3,4,1,4,4,2,3,4,2,1,1,2,3,2,2,1,2,1,1,1,1,1,1,3.17,2.17,2,1
437,4,5,4,5,3,4,1,2,1,2,3,4,5,5,5,2,5,3,2,3,3,2,3,2,4.17,2.17,4.17,2.5
438,5,4,5,3,3,4,2,2,1,3,1,4,3,2,3,4,2,2,2,1,1,1,1,1,4,2.17,2.67,1.17
439,4,3,5,4,5,4,4,4,4,5,2,5,5,3,4,5,5,3,3,3,4,3,3,4,4.17,4,4.17,3.33
440,4,4,3,5,3,2,2,3,3,4,4,3,1,1,1,1,1,1,1,1,1,1,1,1,3.5,3.17,1,1
441,4,4,1,5,4,4,5,4,5,5,5,4,2,2,4,2,1,2,1,2,1,NA,2,NA,3.67,4.67,2.17,NA
442,5,5,4,4,4,4,2,1,2,1,2,2,4,NA,2,4,4,1,1,1,1,1,1,NA,4.33,1.67,NA,NA
443,5,5,5,5,5,5,4,4,2,3,3,1,5,2,2,5,3,5,1,2,1,1,1,2,5,2.83,3.67,1.33
444,1,3,1,1,1,2,3,1,3,2,1,1,4,3,2,1,3,3,4,3,3,2,2,3,1.5,1.83,2.67,2.83
445,2,5,4,4,4,4,2,3,4,5,3,4,4,3,5,5,3,2,3,2,1,2,2,NA,3.83,3.5,3.67,NA
446,4,3,3,3,4,5,4,4,5,2,2,1,2,2,4,1,2,2,1,1,2,1,2,2,3.67,3,2.17,1.5
447,3,5,3,5,4,5,3,4,4,2,4,4,2,2,4,5,NA,4,1,1,1,1,1,1,4.17,3.5,NA,1
448,4,5,4,5,5,4,2,1,3,4,3,1,4,2,2,2,2,1,3,3,1,1,2,2,4.5,2.33,2.17,2
449,1,2,4,3,3,4,1,4,3,2,3,3,1,2,1,1,NA,1,1,1,1,1,1,1,2.83,2.67,NA,1
450,5,5,3,3,5,5,4,4,5,5,4,4,1,1,2,3,1,2,2,2,1,2,1,2,4.33,4.33,1.67,1.67
451,1,2,3,3,4,4,2,4,3,3,3,4,1,2,2,2,2,2,2,1,2,2,3,1,2.83,3.17,1.83,1.83
452,5,5,5,5,5,5,4,3,5,4,4,3,2,2,1,1,1,1,1,1,1,1,1,1,5,3.83,1.33,1
453,5,5,5,5,5,5,4,4,4,4,3,3,2,2,2,3,3,2,2,2,1,1,2,1,5,3.67,2.33,1.5
454,5,5,5,5,4,5,4,2,4,4,5,5,1,2,3,1,2,NA,1,1,2,1,1,1,4.83,4,NA,1.17
455,4,4,3,1,3,4,4,4,4,4,4,5,3,2,2,2,4,2,2,1,2,2,1,2,3.17,4.17,2.5,1.67
456,2,3,3,2,4,3,5,1,1,3,4,5,5,4,4,2,2,2,1,2,3,2,2,2,2.83,3.17,3.17,2
457,5,5,5,5,5,5,4,3,4,5,5,4,2,2,4,1,4,4,1,2,1,2,1,NA,5,4.17,2.83,NA
458,5,5,4,3,5,5,5,4,4,5,5,4,2,2,2,3,2,3,2,2,2,1,2,NA,4.5,4.5,2.33,NA
459,5,5,4,4,4,4,4,5,4,4,3,4,1,1,1,1,2,1,1,1,1,1,1,1,4.33,4,1.17,1
460,5,2,1,3,4,4,3,2,3,4,3,4,2,2,2,1,3,1,1,1,1,NA,1,NA,3.17,3.17,1.83,NA
461,3,4,4,3,4,5,3,5,2,2,3,4,2,2,4,2,3,4,1,1,1,1,1,1,3.83,3.17,2.83,1
462,5,5,2,5,4,5,2,3,4,4,4,2,2,2,3,1,1,NA,1,1,1,1,1,1,4.33,3.17,NA,1
463,4,5,4,4,5,4,2,4,5,3,3,4,4,2,5,2,4,3,1,1,1,NA,1,1,4.33,3.5,3.33,NA
464,5,4,5,4,5,4,4,4,3,5,4,4,3,5,3,4,4,4,1,2,2,2,1,1,4.5,4,3.83,1.5
465,5,5,3,5,5,5,1,4,1,1,1,1,2,1,2,2,2,1,1,2,1,1,1,1,4.67,1.5,1.67,1.17
466,4,5,4,4,5,5,1,2,4,2,3,3,5,3,4,5,4,4,3,5,2,NA,3,2,4.5,2.5,4.17,NA
467,5,5,5,5,5,4,5,3,4,3,2,4,2,2,2,1,2,1,1,1,2,1,1,1,4.83,3.5,1.67,1.17
468,2,2,3,1,2,5,4,4,4,3,4,4,2,3,3,1,3,4,1,2,3,1,1,2,2.5,3.83,2.67,1.67
469,1,1,4,3,4,2,4,5,4,4,4,5,5,3,5,5,4,5,3,1,2,2,NA,2,2.5,4.33,4.5,NA
470,4,2,3,3,3,2,3,4,5,5,4,4,5,5,5,5,4,5,3,3,2,3,2,2,2.83,4.17,4.83,2.5
471,5,5,5,5,5,5,2,4,4,4,4,4,4,3,3,3,2,2,1,2,1,1,1,2,5,3.67,2.83,1.33
472,3,4,3,3,4,3,5,5,4,5,4,4,2,2,1,1,1,NA,2,1,2,1,1,2,3.33,4.5,NA,1.5
473,4,1,1,1,5,4,3,4,1,1,2,2,4,2,4,5,3,5,1,2,1,1,1,2,2.67,2.17,3.83,1.33
474,5,5,4,5,5,5,4,1,3,2,3,4,2,2,2,2,5,1,2,1,1,1,NA,2,4.83,2.83,2.33,NA
475,5,3,5,5,5,5,2,2,4,1,1,3,2,3,3,1,1,4,1,1,1,1,1,1,4.67,2.17,2.33,1
476,3,1,5,5,5,1,1,1,1,1,1,1,4,3,5,5,3,3,1,2,1,1,NA,1,3.33,1,3.83,NA
477,4,4,3,3,4,3,4,4,5,4,3,4,2,3,3,2,5,2,3,3,3,NA,1,2,3.5,4,2.83,NA
478,5,4,4,2,5,5,4,1,5,4,2,4,5,5,4,5,5,3,3,2,2,NA,2,1,4.17,3.33,4.5,NA
479,4,2,4,5,4,5,3,4,4,4,3,4,1,2,2,2,1,2,1,2,1,1,1,1,4,3.67,1.67,1.17
480,3,2,3,3,1,1,2,1,2,2,2,2,2,1,2,1,1,NA,1,2,2,1,1,NA,2.17,1.83,NA,NA
481,5,5,5,4,4,4,4,4,4,5,3,2,4,3,5,5,5,5,4,3,2,3,5,3,4.5,3.67,4.5,3.33
482,5,3,4,2,5,5,2,2,4,1,1,3,1,1,2,1,NA,1,2,1,1,NA,1,1,4,2.17,NA,NA
483,2,4,4,5,4,3,3,1,5,3,5,1,2,NA,1,2,1,1,1,1,1,2,1,1,3.67,3,NA,1.17
484,3,2,2,5,3,3,1,3,3,3,1,4,5,3,2,4,3,3,2,2,2,3,2,NA,3,2.5,3.33,NA
485,5,3,5,3,3,3,4,4,2,2,3,1,3,2,1,3,2,1,1,1,1,1,NA,2,3.67,2.67,2,NA
486,4,5,4,4,5,4,4,1,2,1,2,1,4,2,2,4,5,5,3,3,5,2,2,2,4.33,1.83,3.67,2.83
487,2,2,1,4,2,3,4,3,1,2,2,1,3,3,2,2,4,2,3,2,2,3,3,2,2.33,2.17,2.67,2.5
488,4,4,5,4,3,3,4,3,2,2,4,3,3,3,2,3,3,4,1,1,1,1,1,NA,3.83,3,3,NA
489,1,2,1,1,3,1,4,2,4,5,3,4,1,2,2,2,2,2,1,2,2,2,3,NA,1.5,3.67,1.83,NA
490,2,3,1,3,2,1,2,1,2,1,3,1,2,4,2,2,2,1,2,2,2,NA,2,3,2,1.67,2.17,NA
491,4,5,5,4,5,5,5,4,5,4,4,4,3,2,2,4,2,2,1,1,2,1,2,1,4.67,4.33,2.5,1.33
492,5,5,5,5,5,5,5,5,4,5,4,4,2,2,3,2,1,3,1,1,1,1,NA,2,5,4.5,2.17,NA
493,5,4,3,5,5,NA,5,4,4,5,4,4,2,5,5,3,2,3,2,1,3,1,1,1,NA,4.33,3.33,1.5
494,4,5,5,4,4,5,4,2,4,4,3,3,2,2,2,2,2,2,1,1,1,NA,3,1,4.5,3.33,2,NA
495,5,2,5,4,4,5,1,1,1,1,1,3,3,3,3,2,2,2,1,2,1,1,1,2,4.17,1.33,2.5,1.33
496,3,4,2,3,3,1,1,3,3,2,4,1,5,2,2,5,3,2,1,1,1,1,1,1,2.67,2.33,3.17,1
497,5,5,5,5,4,4,3,4,5,5,4,3,3,4,1,1,1,3,5,3,2,2,2,2,4.67,4,2.17,2.67
498,5,4,4,4,3,4,4,4,2,4,4,3,2,1,1,5,3,1,2,2,1,2,3,3,4,3.5,2.17,2.17
499,4,5,5,5,2,4,2,3,4,3,4,4,2,3,2,2,3,3,3,1,2,3,3,NA,4.17,3.33,2.5,NA
500,4,4,4,4,3,5,4,3,3,2,3,2,5,4,5,2,3,3,3,3,2,3,3,2,4,2.83,3.67,2.67
501,5,5,5,5,5,5,5,4,4,5,3,2,2,2,2,2,2,4,1,2,1,1,1,1,5,3.83,2.33,1.17
502,5,5,4,4,5,4,4,4,4,5,4,4,5,3,3,4,4,4,3,3,3,2,3,NA,4.5,4.17,3.83,NA
503,3,3,3,3,5,4,4,5,4,4,5,3,5,2,4,5,2,5,2,4,2,2,2,NA,3.5,4.17,3.83,NA
504,2,3,5,5,3,4,5,4,5,4,4,5,1,1,2,2,2,NA,1,1,1,1,1,1,3.67,4.5,NA,1
505,4,5,5,5,4,4,3,2,3,4,1,1,2,2,2,1,2,2,1,1,2,NA,2,1,4.5,2.33,1.83,NA
506,5,5,5,5,5,5,4,2,4,3,1,3,4,5,5,5,4,3,1,1,1,1,NA,1,5,2.83,4.33,NA
507,5,5,5,4,5,5,4,4,4,4,4,5,3,1,2,1,1,1,1,1,1,1,1,1,4.83,4.17,1.5,1
508,2,1,3,3,4,1,4,4,5,2,5,3,2,3,2,4,2,3,2,3,1,3,3,1,2.33,3.83,2.67,2.17
509,5,2,4,3,4,3,4,2,2,5,4,3,2,2,2,1,2,5,2,3,2,2,5,3,3.5,3.33,2.33,2.83
510,5,5,3,5,4,5,4,4,4,5,4,4,3,5,5,2,5,2,1,1,1,2,1,2,4.5,4.17,3.67,1.33
511,4,4,5,5,4,4,4,4,4,4,4,5,2,2,1,2,1,NA,2,1,2,3,1,2,4.33,4.17,NA,1.83
512,2,4,2,3,5,5,3,2,4,4,4,2,2,1,1,1,1,1,1,1,1,NA,1,NA,3.5,3.17,1.17,NA
513,1,3,1,1,3,4,2,1,2,3,2,1,4,4,3,3,4,NA,2,1,3,1,1,1,2.17,1.83,NA,1.5
514,1,3,3,5,3,2,2,1,3,3,1,3,4,5,3,2,3,4,1,1,1,1,1,2,2.83,2.17,3.5,1.17
515,3,3,2,1,5,3,4,2,3,4,4,4,2,2,4,1,2,2,1,1,1,1,1,1,2.83,3.5,2.17,1
516,2,4,5,4,5,4,3,2,4,4,3,4,2,1,2,2,2,2,3,NA,2,2,2,2,4,3.33,1.83,NA
517,4,3,4,4,4,3,4,2,4,5,5,4,3,3,2,1,3,1,2,1,2,1,NA,2,3.67,4,2.17,NA
518,5,5,5,5,4,4,3,4,4,3,4,4,4,3,5,5,2,4,1,2,2,3,2,2,4.67,3.67,3.83,2
519,4,2,5,4,3,4,4,2,1,3,1,1,2,2,3,2,2,2,2,1,1,2,2,2,3.67,2,2.17,1.67
520,4,4,5,5,4,4,5,5,5,4,5,5,4,3,3,4,2,2,1,5,2,1,NA,4,4.33,4.83,3,NA
521,4,4,5,5,4,4,2,3,3,1,4,3,2,5,1,2,3,1,3,2,2,3,2,3,4.33,2.67,2.33,2.5
522,1,4,4,4,4,3,2,3,4,4,2,3,3,3,3,2,2,2,2,3,2,NA,3,NA,3.33,3,2.5,NA
523,4,2,5,5,2,3,1,1,1,2,1,3,2,1,3,3,3,1,1,1,1,1,1,1,3.5,1.5,2.17,1
524,4,3,5,5,5,5,4,5,4,4,1,4,5,5,2,2,2,3,1,1,1,1,1,1,4.5,3.67,3.17,1
525,3,3,4,5,5,4,1,1,1,1,1,1,2,2,1,1,2,2,1,2,1,1,1,NA,4,1,1.67,NA
526,3,5,3,5,5,5,5,4,5,5,5,5,2,2,4,2,2,4,3,1,1,3,NA,2,4.33,4.83,2.67,NA
527,5,5,5,5,5,5,4,3,3,4,4,4,2,2,1,3,2,2,1,1,1,1,1,1,5,3.67,2,1
528,5,5,5,5,5,5,4,4,3,4,5,4,3,4,1,3,3,2,2,3,1,2,1,2,5,4,2.67,1.83
529,4,3,4,5,3,5,2,3,4,2,1,5,3,3,2,2,3,2,2,1,1,1,1,1,4,2.83,2.5,1.17
530,5,3,3,2,4,4,2,2,3,2,4,3,1,NA,2,3,2,2,2,NA,1,2,1,1,3.5,2.67,NA,NA
531,4,5,5,5,5,4,4,2,4,4,4,4,1,1,1,1,1,2,1,2,1,1,1,2,4.67,3.67,1.17,1.33
532,2,4,2,1,2,4,4,3,4,4,3,5,5,5,5,4,5,5,3,3,5,5,NA,5,2.5,3.83,4.83,NA
533,3,5,2,4,1,3,5,4,3,4,4,1,4,3,5,4,3,5,3,2,5,3,2,2,3,3.5,4,2.83
534,3,2,4,5,5,5,4,4,4,4,4,4,3,3,2,2,2,2,1,1,1,1,1,1,4,4,2.33,1
535,2,5,1,4,4,5,3,2,4,1,3,3,5,4,2,3,5,2,1,2,3,2,2,NA,3.5,2.67,3.5,NA
536,2,1,4,1,3,1,5,2,4,4,3,4,2,2,1,4,5,1,5,3,3,3,1,2,2,3.67,2.5,2.83
537,5,5,4,3,5,5,5,3,4,4,4,4,5,2,3,5,4,NA,2,2,2,1,1,2,4.5,4,NA,1.67
538,5,5,4,1,4,2,3,2,4,3,2,2,2,3,5,3,4,1,2,2,1,2,1,NA,3.5,2.67,3,NA
539,4,3,3,2,3,2,5,2,5,5,5,3,1,2,2,1,2,2,1,2,1,1,2,2,2.83,4.17,1.67,1.5
540,5,4,5,4,4,5,4,5,5,5,5,5,4,2,4,2,3,2,2,4,1,1,1,NA,4.5,4.83,2.83,NA
541,4,4,5,3,5,2,1,1,1,1,1,1,2,2,2,1,2,2,1,2,2,1,NA,2,3.83,1,1.83,NA
542,5,4,5,5,5,5,3,4,2,1,4,1,3,2,2,2,3,2,1,2,1,3,1,NA,4.83,2.5,2.33,NA
543,1,3,4,2,1,2,1,1,2,1,1,4,5,5,2,2,4,2,2,NA,2,2,2,3,2.17,1.67,3.33,NA
544,5,5,4,1,4,4,4,4,3,4,4,4,2,2,2,4,2,NA,2,3,2,1,NA,2,3.83,3.83,NA,NA
545,3,5,5,5,5,5,4,1,3,3,1,2,2,1,2,2,1,3,2,3,2,2,3,3,4.67,2.33,1.83,2.5
546,5,5,5,5,4,5,1,1,1,1,2,1,2,1,2,2,2,1,3,1,2,2,1,NA,4.83,1.17,1.67,NA
547,5,5,3,4,5,5,1,3,3,2,1,2,3,3,4,3,4,4,1,1,2,1,2,2,4.5,2,3.5,1.5
548,5,4,4,4,5,2,4,4,3,4,2,4,2,2,3,3,2,2,1,2,2,2,1,1,4,3.5,2.33,1.5
549,5,4,2,1,4,4,5,2,4,2,4,1,5,5,2,5,4,5,2,2,2,2,2,2,3.33,3,4.33,2
550,5,4,3,4,3,2,2,4,5,4,5,5,3,2,2,2,1,1,1,1,1,1,1,1,3.5,4.17,1.83,1
551,5,5,5,5,4,4,1,2,2,3,2,5,2,3,3,3,3,2,2,1,1,1,NA,1,4.67,2.5,2.67,NA
552,3,5,2,4,5,3,3,3,1,3,4,3,2,3,2,3,5,5,1,NA,1,1,2,1,3.67,2.83,3.33,NA
553,1,2,4,4,1,4,3,3,2,3,3,1,5,2,3,3,3,5,2,3,2,1,2,1,2.67,2.5,3.5,1.83
554,4,5,4,5,4,5,1,1,4,4,4,4,4,1,2,3,2,2,3,1,1,1,NA,2,4.5,3,2.33,NA
555,4,5,4,2,4,NA,4,3,4,4,4,4,2,2,4,3,3,1,1,1,1,1,1,1,NA,3.83,2.5,1
556,1,4,4,5,2,4,4,1,1,2,2,2,5,NA,5,5,4,3,2,3,4,1,3,2,3.33,2,NA,2.5
557,5,5,5,5,5,5,1,2,3,1,2,3,5,4,4,5,4,4,1,1,2,1,1,1,5,2,4.33,1.17
558,5,3,3,3,4,2,4,2,3,4,4,4,2,2,2,2,2,1,1,1,2,1,2,1,3.33,3.5,1.83,1.33
559,4,4,4,4,3,5,4,4,4,4,4,4,2,NA,5,2,1,4,2,1,3,1,1,2,4,4,NA,1.67
560,4,5,4,4,4,5,1,3,3,4,3,1,4,3,2,5,5,3,1,1,2,3,2,NA,4.33,2.5,3.67,NA
561,5,5,5,5,5,5,4,4,4,3,4,4,2,2,3,3,4,5,2,2,2,2,1,1,5,3.83,3.17,1.67
562,5,4,4,5,5,5,4,5,3,4,4,4,4,2,2,4,4,5,2,1,1,2,2,2,4.67,4,3.5,1.67
563,4,3,4,3,4,4,3,2,2,4,3,1,4,2,5,2,5,5,1,2,1,NA,3,1,3.67,2.5,3.83,NA
564,4,5,3,5,4,4,3,3,4,4,4,2,2,1,2,2,1,2,1,1,1,1,1,1,4.17,3.33,1.67,1
565,5,2,3,4,4,5,3,3,3,4,3,4,2,1,1,1,NA,1,1,1,1,1,1,1,3.83,3.33,NA,1
566,1,3,4,3,3,1,4,5,5,5,5,5,1,5,3,3,NA,NA,1,2,2,2,2,1,2.5,4.83,NA,1.67
567,5,2,2,3,4,3,2,4,1,5,3,5,5,NA,4,4,3,3,1,2,2,1,NA,2,3.17,3.33,NA,NA
568,3,3,4,5,5,4,3,4,5,4,5,1,4,3,3,5,2,NA,2,2,3,NA,3,5,4,3.67,NA,NA
569,5,4,5,3,3,5,2,3,3,3,4,2,5,5,3,5,5,4,3,3,2,2,1,1,4.17,2.83,4.5,2
570,5,5,5,5,5,5,1,3,1,1,2,4,1,1,1,1,1,2,2,1,2,1,1,1,5,2,1.17,1.33
571,5,5,5,4,4,5,4,3,4,5,2,4,2,2,1,3,3,1,1,2,1,2,2,1,4.67,3.67,2,1.5
572,2,5,5,3,3,4,2,1,2,3,3,2,2,2,1,2,2,2,1,1,2,1,1,2,3.67,2.17,1.83,1.33
573,5,5,5,3,4,5,2,4,4,4,3,4,4,1,3,2,2,1,3,NA,3,NA,1,1,4.5,3.5,2.17,NA
574,3,2,1,2,1,1,3,5,3,4,3,2,2,1,1,2,2,1,1,1,1,1,1,1,1.67,3.33,1.5,1
575,5,2,3,5,4,4,4,5,3,2,4,4,4,4,2,4,4,3,2,2,3,2,2,1,3.83,3.67,3.5,2
576,4,4,5,3,4,2,4,3,3,2,4,4,3,3,4,4,4,3,1,3,1,1,2,1,3.67,3.33,3.5,1.5
577,3,5,4,3,3,4,4,4,2,3,3,3,4,3,4,4,2,2,1,2,1,2,1,2,3.67,3.17,3.17,1.5
578,5,5,5,4,4,NA,2,1,1,1,4,4,2,2,1,1,2,1,1,1,1,1,1,1,NA,2.17,1.5,1
579,5,2,5,3,5,4,5,2,4,3,3,4,2,2,1,2,2,2,1,1,2,1,1,1,4,3.5,1.83,1.17
580,3,5,4,4,3,5,2,1,1,1,1,3,1,2,3,2,2,2,1,1,1,1,1,1,4,1.5,2,1
581,4,4,5,5,4,5,4,3,4,4,3,5,5,4,2,3,3,4,2,2,3,1,2,NA,4.5,3.83,3.5,NA
582,3,5,5,3,5,5,4,1,1,1,1,1,3,3,3,5,3,4,2,5,2,2,5,3,4.33,1.5,3.5,3.17
583,2,2,2,4,1,4,3,1,4,1,3,1,3,2,3,2,2,NA,1,2,2,3,1,1,2.5,2.17,NA,1.67
584,4,3,5,4,5,5,2,1,5,3,4,4,1,1,2,3,2,4,1,1,2,2,1,1,4.33,3.17,2.17,1.33
585,2,3,5,4,3,3,3,3,3,1,2,4,3,4,2,4,2,2,1,1,1,2,NA,1,3.33,2.67,2.83,NA
586,4,5,4,2,2,4,1,1,1,3,3,1,4,2,2,2,3,NA,1,2,1,1,1,1,3.5,1.67,NA,1.17
587,5,3,5,5,4,5,5,4,3,2,1,4,3,2,4,2,2,4,1,1,2,1,1,1,4.5,3.17,2.83,1.17
588,4,5,3,5,5,5,2,3,1,1,1,4,2,2,2,2,2,4,1,1,2,1,2,1,4.5,2,2.33,1.33
589,5,4,3,4,5,5,5,5,5,4,5,4,3,5,5,5,2,4,1,1,1,2,1,1,4.33,4.67,4,1.17
590,1,1,4,1,3,1,5,5,4,5,5,5,5,NA,5,4,5,5,2,3,3,3,2,2,1.83,4.83,NA,2.5
591,3,4,5,4,4,4,4,2,2,1,3,2,1,2,5,4,2,3,2,1,2,2,1,1,4,2.33,2.83,1.5
592,2,3,3,4,4,5,4,1,1,1,1,1,2,3,1,1,2,2,2,2,1,1,1,1,3.5,1.5,1.83,1.33
593,2,4,1,2,2,2,4,4,5,4,5,5,2,4,3,3,NA,3,3,3,2,NA,3,2,2.17,4.5,NA,NA
594,5,5,4,4,2,5,4,4,3,5,2,1,3,2,2,2,2,2,1,1,1,1,2,1,4.17,3.17,2.17,1.17
595,1,2,4,4,3,5,2,3,4,4,2,3,2,5,5,5,2,2,1,1,1,1,NA,1,3.17,3,3.5,NA
596,4,4,3,5,4,5,1,3,4,2,3,4,5,4,5,5,5,3,3,1,3,1,2,NA,4.17,2.83,4.5,NA
597,5,4,4,5,4,NA,3,4,5,1,4,5,5,NA,5,3,3,4,5,1,3,2,3,2,NA,3.67,NA,2.67
598,4,4,3,1,5,2,1,2,1,1,1,1,2,2,2,2,1,2,2,1,1,1,1,1,3.17,1.17,1.83,1.17
599,5,5,3,2,2,4,5,4,5,5,5,4,4,5,5,1,5,3,4,2,3,4,3,NA,3.5,4.67,3.83,NA
600,2,2,3,3,3,5,5,5,5,5,5,5,3,4,3,3,NA,2,3,3,2,3,4,1,3,5,NA,2.67
601,4,5,3,5,5,4,2,1,1,1,2,3,1,4,2,2,3,2,1,2,3,2,NA,2,4.33,1.67,2.33,NA
602,5,5,5,4,5,5,4,4,4,4,4,3,1,1,1,1,1,1,1,1,1,1,1,1,4.83,3.83,1,1
603,1,4,2,3,2,4,1,2,4,1,1,4,1,1,2,3,2,2,3,3,2,NA,2,2,2.67,2.17,1.83,NA
604,1,5,2,4,3,1,5,3,4,2,4,4,5,4,5,5,3,4,3,2,2,NA,5,3,2.67,3.67,4.33,NA
605,5,5,4,5,5,5,3,4,5,4,4,2,1,1,1,2,1,1,1,1,1,2,1,1,4.83,3.67,1.17,1.17
606,5,4,3,2,2,4,4,2,5,3,4,5,1,2,1,3,2,1,1,1,1,1,1,1,3.33,3.83,1.67,1
607,5,5,5,4,4,NA,4,4,3,4,5,2,2,2,2,2,2,2,3,1,2,1,2,1,NA,3.67,2,1.67
608,1,1,2,2,1,2,2,1,2,2,1,2,4,2,4,4,2,4,3,2,3,2,2,3,1.5,1.67,3.33,2.5
609,5,5,5,5,5,5,5,5,4,2,4,4,5,3,3,3,2,2,3,3,2,2,1,1,5,4,3,2
610,2,3,2,5,2,1,2,2,3,4,4,2,1,4,1,1,1,1,1,1,3,2,2,2,2.5,2.83,1.5,1.83
611,5,5,3,3,5,3,4,5,5,5,5,5,1,1,2,2,1,1,1,2,1,1,1,1,4,4.83,1.33,1.17
612,4,5,3,5,4,2,4,4,4,4,3,4,5,3,1,2,3,4,2,1,1,2,1,2,3.83,3.83,3,1.5
613,5,4,5,5,5,5,2,1,1,2,2,3,2,2,5,3,5,NA,2,1,2,1,1,1,4.83,1.83,NA,1.33
614,5,2,4,4,5,5,1,2,1,1,2,1,1,1,2,2,1,1,1,1,2,1,1,NA,4.17,1.33,1.33,NA
615,5,5,3,4,5,4,2,4,4,3,4,4,5,4,3,4,2,5,2,2,1,NA,2,2,4.33,3.5,3.83,NA
616,4,1,3,4,3,4,2,2,2,3,2,4,5,5,4,5,NA,5,1,2,2,1,1,1,3.17,2.5,NA,1.33
617,5,5,5,5,5,5,1,2,1,1,1,1,2,2,2,4,2,5,2,1,2,1,2,2,5,1.17,2.83,1.67
618,5,4,5,5,4,4,1,1,2,1,2,2,2,2,1,2,1,2,3,2,2,1,2,2,4.5,1.5,1.67,2
619,1,5,4,1,3,1,1,1,1,1,3,1,3,1,4,1,2,2,1,2,1,2,1,1,2.5,1.33,2.17,1.33
620,4,5,4,5,5,4,1,3,2,2,2,2,3,5,1,2,5,2,1,1,1,1,1,1,4.5,2,3,1
621,4,4,5,4,5,5,4,3,3,2,4,3,2,NA,4,3,5,4,1,1,2,NA,3,1,4.5,3.17,NA,NA
622,5,5,5,5,5,5,1,5,3,5,2,3,3,4,3,2,3,5,1,2,1,2,1,1,5,3.17,3.33,1.33
623,3,4,4,3,3,5,4,5,5,5,5,5,1,1,2,1,1,1,1,1,1,1,1,1,3.67,4.83,1.17,1
624,4,4,4,4,4,5,4,5,5,5,5,5,1,2,3,2,4,3,1,1,1,2,1,1,4.17,4.83,2.5,1.17
625,2,3,3,4,1,3,4,2,4,3,4,4,2,1,2,2,1,1,1,2,1,1,2,1,2.67,3.5,1.5,1.33
626,4,5,4,1,4,5,3,2,2,3,5,3,2,NA,2,2,1,2,1,3,2,2,2,2,3.83,3,NA,2
627,3,5,5,5,5,5,3,3,2,3,3,3,1,1,1,2,2,1,1,1,1,1,1,1,4.67,2.83,1.33,1
628,5,5,4,5,4,5,2,2,1,1,1,2,2,4,5,3,5,4,2,2,2,2,NA,2,4.67,1.5,3.83,NA
629,5,4,3,5,5,4,1,3,3,2,4,1,4,5,5,1,2,2,1,2,1,2,1,1,4.33,2.33,3.17,1.33
630,3,5,3,4,5,5,2,4,2,1,1,2,1,NA,2,4,2,3,1,1,2,1,1,1,4.17,2,NA,1.17
631,4,5,2,3,1,5,1,3,3,2,3,3,5,5,5,5,5,2,2,2,2,3,2,NA,3.33,2.5,4.5,NA
632,4,2,4,4,3,1,5,4,5,4,4,5,2,2,3,2,2,2,1,1,1,1,1,NA,3,4.5,2.17,NA
633,5,3,4,3,4,4,5,4,5,4,3,3,5,3,4,4,4,4,1,2,3,2,1,NA,3.83,4,4,NA
634,5,5,5,5,4,5,5,4,4,4,4,5,1,1,2,1,3,2,1,1,1,1,1,1,4.83,4.33,1.67,1
635,5,5,5,5,5,5,2,2,3,1,1,1,2,2,2,2,1,2,1,1,1,1,1,1,5,1.67,1.83,1
636,4,5,4,5,4,5,4,4,4,4,4,5,2,3,3,2,2,3,1,1,3,2,2,1,4.5,4.17,2.5,1.67
637,2,4,4,5,5,4,4,3,1,4,3,1,4,1,2,1,1,2,1,1,1,1,2,1,4,2.67,1.83,1.17
638,4,3,5,4,4,4,2,1,2,3,1,4,2,1,5,4,2,2,3,2,2,2,2,2,4,2.17,2.67,2.17
639,4,2,4,3,4,5,4,3,2,4,4,3,1,2,1,1,2,3,1,1,1,NA,1,1,3.67,3.33,1.67,NA
640,5,5,4,5,5,4,3,4,1,2,1,3,3,5,2,2,2,3,2,1,2,3,NA,1,4.67,2.33,2.83,NA
641,3,5,5,3,4,4,2,1,1,1,1,5,4,2,2,2,1,1,1,1,1,2,2,1,4,1.83,2,1.33
642,5,5,5,5,4,5,4,2,4,5,5,2,2,1,1,2,3,1,1,1,1,2,1,1,4.83,3.67,1.67,1.17
643,1,4,3,2,2,4,1,4,5,4,5,4,2,4,2,5,5,3,2,2,2,2,2,2,2.67,3.83,3.5,2
644,4,4,4,3,3,NA,4,4,4,4,3,5,2,3,2,2,NA,1,1,2,1,1,1,2,NA,4,NA,1.33
645,5,5,5,5,5,5,2,2,4,3,4,3,2,5,2,1,3,5,1,2,3,2,1,1,5,3,3,1.67
646,3,3,4,3,1,4,1,1,3,2,1,2,4,2,3,4,1,4,2,2,3,2,1,3,3,1.67,3,2.17
647,3,5,5,4,5,5,4,1,2,1,2,4,2,3,2,3,3,4,1,1,2,2,1,2,4.5,2.33,2.83,1.5
648,5,5,5,5,5,5,4,3,3,1,5,3,4,2,1,1,2,2,2,1,2,1,2,1,5,3.17,2,1.5
649,3,5,3,5,4,5,3,5,5,5,4,4,1,1,1,3,1,2,1,1,1,1,1,1,4.17,4.33,1.5,1
650,2,2,4,5,5,5,2,3,5,3,1,4,3,3,3,2,2,1,1,2,1,1,1,1,3.83,3,2.33,1.17
651,4,4,3,3,3,NA,5,4,2,4,4,4,3,1,2,2,2,2,1,1,1,1,1,1,NA,3.83,2,1
652,5,5,5,5,4,5,3,2,2,3,2,2,3,5,5,3,4,3,1,1,2,1,1,2,4.83,2.33,3.83,1.33
653,5,5,5,5,5,5,5,4,5,5,5,5,2,2,1,2,2,3,1,NA,1,2,2,2,5,4.83,2,NA
654,4,4,5,3,2,3,5,3,5,4,4,5,2,2,2,1,1,NA,1,1,1,1,2,1,3.5,4.33,NA,1.17
655,5,5,5,5,4,5,1,3,2,1,3,1,2,5,2,4,1,4,1,2,1,NA,1,1,4.83,1.83,3,NA
656,3,4,4,2,4,4,4,1,3,3,3,4,2,1,2,2,2,2,1,2,3,1,1,2,3.5,3,1.83,1.67
657,1,5,4,5,3,3,1,2,2,1,1,3,4,4,1,2,3,5,2,2,1,1,2,1,3.5,1.67,3.17,1.5
658,4,3,2,5,1,2,1,2,4,2,4,2,1,4,3,2,2,2,1,1,1,1,NA,1,2.83,2.5,2.33,NA
659,1,2,3,2,5,4,3,3,4,4,5,4,1,1,1,1,1,2,1,1,1,1,1,NA,2.83,3.83,1.17,NA
660,5,5,2,4,4,5,2,3,4,3,4,4,4,2,2,4,2,4,1,2,3,1,2,1,4.17,3.33,3,1.67
661,2,4,4,1,3,2,5,4,3,2,4,5,1,2,5,2,2,2,2,2,3,2,2,2,2.67,3.83,2.33,2.17
662,5,5,4,5,5,5,1,4,4,2,2,4,5,4,4,4,1,5,2,1,2,1,1,1,4.83,2.83,3.83,1.33
663,4,4,5,5,3,5,4,2,1,3,4,3,5,2,2,1,3,3,3,3,3,3,3,1,4.33,2.83,2.67,2.67
664,3,3,4,4,4,3,1,2,3,3,2,1,1,1,1,2,2,1,1,1,1,NA,1,1,3.5,2,1.33,NA
665,5,4,4,4,5,5,5,3,4,5,4,4,3,3,5,2,3,2,1,1,1,NA,1,1,4.5,4.17,3,NA
666,5,5,4,5,4,4,4,2,3,1,3,5,3,3,3,2,2,5,1,1,1,1,1,NA,4.5,3,3,NA
667,5,5,3,5,5,5,5,4,5,4,5,4,5,3,3,2,2,5,1,1,1,1,2,1,4.67,4.5,3.33,1.17
668,1,1,2,3,2,1,3,4,3,1,3,1,1,3,2,2,2,2,1,1,1,2,1,1,1.67,2.5,2,1.17
669,5,5,5,5,5,5,4,5,4,5,5,5,2,2,2,5,2,2,1,2,3,1,2,1,5,4.67,2.5,1.67
670,4,4,5,5,5,2,5,5,4,5,4,5,3,1,2,1,4,1,1,1,1,1,1,1,4.17,4.67,2,1
671,5,5,5,5,5,5,3,4,1,1,4,2,2,2,2,3,4,3,1,2,1,1,1,2,5,2.5,2.67,1.33
672,5,5,5,5,5,5,2,2,1,1,4,5,2,2,2,2,2,1,1,2,1,1,NA,1,5,2.5,1.83,NA
673,2,2,1,4,2,3,5,3,4,4,4,4,4,4,2,5,3,2,3,1,3,2,3,2,2.33,4,3.33,2.33
674,4,5,4,5,4,5,2,3,1,2,3,2,3,NA,2,1,NA,NA,2,1,2,1,1,1,4.5,2.17,NA,1.33
675,2,2,2,3,1,5,2,4,3,2,2,1,4,1,4,4,3,2,3,2,2,2,2,2,2.5,2.33,3,2.17
676,5,3,4,2,3,5,1,2,1,1,4,1,4,2,2,2,2,1,2,2,2,NA,1,2,3.67,1.67,2.17,NA
677,3,1,1,2,3,1,5,3,4,4,5,3,5,3,5,5,4,2,4,3,5,2,NA,2,1.83,4,4,NA
678,3,2,2,2,4,1,4,3,4,4,4,4,2,3,2,2,1,NA,1,2,1,2,1,1,2.33,3.83,NA,1.33
679,1,3,4,2,2,3,3,4,4,2,5,4,3,1,2,2,2,2,4,3,2,2,2,3,2.5,3.67,2,2.67
680,4,4,5,4,5,5,4,5,3,3,4,5,2,3,3,3,2,2,1,2,1,2,2,2,4.5,4,2.5,1.67
681,1,4,4,4,4,3,3,1,1,1,1,1,2,1,1,2,3,2,1,1,1,1,1,1,3.33,1.33,1.83,1
682,5,4,4,3,5,4,3,5,2,1,3,2,2,2,2,1,2,2,1,2,2,2,1,1,4.17,2.67,1.83,1.5
683,5,4,5,5,4,4,3,2,1,5,2,3,5,4,4,5,5,2,2,2,1,2,1,3,4.5,2.67,4.17,1.83
684,4,2,3,5,5,1,4,2,2,2,2,2,5,5,5,5,3,3,5,5,5,3,NA,4,3.33,2.33,4.33,NA
685,5,4,5,3,5,5,4,2,3,4,5,2,4,3,3,2,1,3,1,1,1,1,1,1,4.5,3.33,2.67,1
686,4,3,5,4,4,3,4,4,2,4,4,2,3,2,1,2,3,4,1,1,1,1,1,1,3.83,3.33,2.5,1
687,5,5,5,5,4,5,2,4,4,4,4,3,2,4,4,4,2,5,1,2,2,1,2,2,4.83,3.5,3.5,1.67
688,5,4,5,5,3,3,3,4,4,3,1,3,2,1,1,2,3,3,2,2,2,2,1,2,4.17,3,2,1.83
689,5,5,5,5,4,5,3,1,2,1,1,2,3,5,2,4,5,5,2,1,1,1,2,1,4.83,1.67,4,1.33
690,4,3,3,3,3,3,4,4,4,4,5,4,1,2,5,4,2,2,1,1,1,NA,1,1,3.17,4.17,2.67,NA
691,5,4,5,5,5,4,3,4,2,1,4,3,2,2,2,2,2,2,1,1,2,1,1,1,4.67,2.83,2,1.17
692,5,4,5,3,5,5,5,3,3,5,4,2,5,4,3,3,2,2,3,1,2,1,2,1,4.5,3.67,3.17,1.67
693,1,2,1,2,1,4,2,3,1,3,3,4,3,2,5,3,5,2,2,1,1,1,1,1,1.83,2.67,3.33,1.17
694,3,3,4,5,3,1,4,4,2,2,2,3,2,2,3,2,2,2,1,2,2,2,2,2,3.17,2.83,2.17,1.83
695,5,5,5,5,4,5,5,2,2,4,3,4,3,5,5,3,4,5,3,4,3,3,4,1,4.83,3.33,4.17,3
696,5,5,5,5,5,5,2,1,3,4,2,1,3,2,2,2,2,5,2,1,2,2,NA,NA,5,2.17,2.67,NA
697,4,4,5,5,3,3,1,4,2,4,2,4,1,1,3,1,2,2,1,2,1,1,1,1,4,2.83,1.67,1.17
698,3,5,4,3,2,2,4,4,4,4,4,5,4,5,5,5,5,5,1,3,3,3,3,3,3.17,4.17,4.83,2.67
699,3,4,4,4,2,4,3,1,2,2,1,2,1,1,2,1,1,1,1,1,1,1,1,1,3.5,1.83,1.17,1
700,5,3,5,3,4,5,2,4,3,3,4,2,4,3,3,4,4,2,1,2,3,1,2,1,4.17,3,3.33,1.67
701,3,5,5,5,5,5,2,4,4,4,4,4,2,2,2,2,1,1,3,4,1,5,4,NA,4.67,3.67,1.67,NA
702,1,3,4,4,4,2,2,2,1,2,2,1,4,NA,4,3,4,2,2,1,1,NA,1,1,3,1.67,NA,NA
703,4,3,3,3,3,2,2,3,4,1,2,3,2,2,4,4,2,5,3,3,3,3,3,2,3,2.5,3.17,2.83
704,5,4,5,4,4,4,4,2,2,1,3,3,1,3,2,4,4,4,1,2,2,1,1,2,4.33,2.5,3,1.5
705,5,5,5,4,3,5,3,4,4,5,4,5,3,3,4,2,3,2,1,2,1,1,2,2,4.5,4.17,2.83,1.5
706,3,4,5,3,5,4,4,3,5,4,3,3,4,NA,5,2,4,NA,1,1,2,1,2,2,4,3.67,NA,1.5
707,4,2,2,1,3,1,1,2,4,1,2,4,4,4,4,3,5,4,2,1,3,3,3,2,2.17,2.33,4,2.33
708,4,2,3,4,4,1,3,4,3,4,4,3,3,3,4,4,2,5,1,1,1,1,1,1,3,3.5,3.5,1
709,4,5,4,5,5,5,3,1,1,3,1,1,2,1,2,2,NA,NA,1,1,2,1,1,2,4.67,1.67,NA,1.33
710,4,4,5,4,4,5,5,3,5,5,5,5,3,2,2,1,1,2,1,1,1,1,1,1,4.33,4.67,1.83,1
711,5,2,1,4,3,2,1,1,1,2,1,3,2,1,1,3,2,2,1,1,1,2,NA,NA,2.83,1.5,1.83,NA
712,5,4,5,5,5,3,5,5,3,4,4,5,5,5,3,3,5,4,1,1,1,1,2,2,4.5,4.33,4.17,1.33
713,2,4,2,5,3,3,3,4,4,5,4,4,2,2,4,5,3,1,2,2,1,1,2,2,3.17,4,2.83,1.67
714,5,5,5,5,5,5,4,1,3,3,2,2,3,5,3,3,4,2,1,1,1,1,2,2,5,2.5,3.33,1.33
715,4,4,3,4,5,NA,4,5,4,3,4,5,1,1,1,2,1,1,1,1,1,NA,NA,1,NA,4.17,1.17,NA
716,1,2,2,1,1,3,1,1,1,1,1,1,5,4,4,3,4,4,2,2,2,NA,4,1,1.67,1,4,NA
717,4,5,5,4,3,3,2,4,4,4,4,2,1,1,1,3,1,2,1,1,1,1,1,1,4,3.33,1.5,1
718,4,4,5,4,4,3,1,2,1,1,1,1,5,4,5,5,NA,5,3,2,2,2,2,NA,4,1.17,NA,NA
719,3,5,3,5,5,5,2,4,5,5,5,4,3,4,4,4,NA,NA,1,1,1,1,2,2,4.33,4.17,NA,1.33
720,5,2,1,3,3,2,4,2,2,4,4,3,3,2,5,2,3,5,2,1,3,1,2,2,2.67,3.17,3.33,1.83
721,2,3,1,3,3,4,5,2,4,4,4,4,3,5,4,4,2,4,3,2,5,5,4,5,2.67,3.83,3.67,4
722,5,5,5,5,2,4,1,3,3,3,1,1,4,5,2,4,4,5,3,3,2,2,NA,2,4.33,2,4,NA
723,5,5,5,5,5,5,3,2,4,1,1,4,2,5,2,4,4,4,1,1,1,1,1,2,5,2.5,3.5,1.17
724,5,5,3,5,5,3,4,5,4,2,2,5,1,2,1,2,2,1,1,1,1,1,1,NA,4.33,3.67,1.5,NA
725,1,2,2,3,1,4,4,1,2,4,2,2,3,1,3,3,2,NA,2,1,1,1,2,1,2.17,2.5,NA,1.33
726,5,5,4,4,5,4,4,3,2,4,4,4,2,4,3,2,4,3,1,1,2,1,1,1,4.5,3.5,3,1.17
727,3,4,5,5,5,5,1,1,1,1,1,1,1,1,3,2,2,2,2,1,1,2,1,1,4.5,1,1.83,1.33
728,3,2,1,2,2,2,1,1,1,1,1,1,4,5,4,3,NA,5,2,2,2,2,2,2,2,1,NA,2
729,5,5,5,5,5,5,4,4,4,2,4,4,1,1,2,1,2,1,1,1,1,1,1,1,5,3.67,1.33,1
730,5,4,5,5,3,5,5,4,2,2,5,2,4,2,2,4,2,2,1,1,1,1,1,1,4.5,3.33,2.67,1
731,2,1,1,2,2,NA,2,5,3,2,3,4,5,3,3,4,4,3,1,2,1,2,NA,2,NA,3.17,3.67,NA
732,5,3,2,3,3,4,2,3,2,3,1,2,2,5,4,5,5,4,1,2,1,1,2,1,3.33,2.17,4.17,1.33
733,4,5,4,4,5,5,4,4,5,4,3,4,1,4,2,3,2,2,1,1,1,NA,1,1,4.5,4,2.33,NA
734,5,4,5,5,4,5,5,4,5,4,5,5,1,1,1,1,1,2,1,1,1,1,1,1,4.67,4.67,1.17,1
735,4,5,5,5,5,5,4,5,5,4,4,4,2,NA,4,2,2,4,1,1,1,NA,1,1,4.83,4.33,NA,NA
736,5,5,2,5,5,4,3,4,4,4,4,3,2,3,2,3,2,2,2,1,2,2,2,2,4.33,3.67,2.33,1.83
737,5,5,5,5,5,5,4,5,5,4,4,2,1,1,3,3,2,2,1,1,1,1,1,1,5,4,2,1
738,5,4,4,5,5,5,4,5,4,5,4,4,1,1,2,1,1,1,2,1,1,1,2,NA,4.67,4.33,1.17,NA
739,3,3,3,5,1,1,3,1,3,2,1,2,2,4,2,2,2,2,2,2,2,2,1,1,2.67,2,2.33,1.67
740,2,3,2,1,4,4,4,3,2,4,5,4,4,NA,2,2,2,3,1,3,1,1,NA,1,2.67,3.67,NA,NA
741,5,5,3,5,2,4,4,3,4,5,4,3,5,NA,4,3,3,3,3,NA,2,3,NA,3,4,3.83,NA,NA
742,5,5,3,5,4,5,4,3,3,3,3,4,1,4,3,3,3,2,1,1,1,1,1,1,4.5,3.33,2.67,1
743,5,5,5,5,4,5,2,4,4,2,4,4,2,5,3,4,2,2,1,1,1,1,1,NA,4.83,3.33,3,NA
744,5,5,5,5,4,4,2,5,3,3,5,2,1,1,1,1,1,1,1,2,2,1,1,1,4.67,3.33,1,1.33
745,4,5,5,4,5,5,4,4,5,4,5,2,1,2,2,2,2,1,1,1,1,2,1,1,4.67,4,1.67,1.17
746,4,4,2,3,4,2,4,5,4,4,5,5,4,5,5,5,5,5,5,5,5,5,5,5,3.17,4.5,4.83,5
747,4,5,5,4,4,5,4,2,2,4,1,4,4,5,4,5,5,4,3,1,2,2,2,2,4.5,2.83,4.5,2
748,3,1,3,2,2,3,4,5,4,1,4,3,2,NA,3,2,3,1,1,1,2,2,2,2,2.33,3.5,NA,1.67
749,5,4,5,5,5,5,3,1,4,3,4,3,1,1,3,2,2,1,1,1,1,1,1,1,4.83,3,1.67,1
750,5,5,5,5,4,5,1,4,3,3,3,3,4,4,3,4,3,2,2,2,1,1,3,NA,4.83,2.83,3.33,NA
751,5,4,4,3,5,5,4,3,4,4,4,5,3,5,5,4,5,4,3,1,1,2,1,2,4.33,4,4.33,1.67
752,5,5,5,4,5,4,3,2,4,4,2,3,2,3,5,5,4,5,1,2,2,1,NA,1,4.67,3,4,NA
753,5,4,4,3,3,4,3,2,1,1,2,1,2,2,4,2,2,1,1,1,1,1,1,2,3.83,1.67,2.17,1.17
754,4,5,5,5,4,2,1,1,2,3,1,3,5,4,3,5,5,5,2,2,2,5,3,3,4.17,1.83,4.5,2.83
755,2,3,3,2,3,1,3,5,4,2,1,3,2,5,3,3,3,3,3,2,1,3,3,2,2.33,3,3.17,2.33
756,5,5,4,5,4,5,1,1,2,3,1,2,2,3,2,2,2,2,2,2,3,2,1,1,4.67,1.67,2.17,1.83
757,5,3,4,4,4,4,4,5,4,5,5,5,1,1,1,2,2,1,1,1,1,1,1,1,4,4.67,1.33,1
758,2,5,5,5,5,3,2,2,2,4,1,3,1,1,2,4,NA,2,1,1,1,1,1,1,4.17,2.33,NA,1
759,5,5,4,3,4,5,4,4,4,4,4,4,5,4,5,5,NA,5,5,3,5,5,5,5,4.33,4,NA,4.67
760,4,2,1,4,1,2,3,1,4,4,2,3,3,2,4,2,3,NA,2,2,3,2,2,3,2.33,2.83,NA,2.33
761,5,4,3,5,2,5,1,2,1,1,1,1,3,5,5,4,4,5,2,2,2,1,NA,1,4,1.17,4.33,NA
762,4,1,3,5,4,3,1,2,3,1,3,2,5,4,2,4,4,5,1,1,1,2,2,1,3.33,2,4,1.33
763,4,4,4,4,4,3,2,5,3,2,2,4,5,4,4,4,2,3,3,3,1,3,2,3,3.83,3,3.67,2.5
764,4,1,2,1,4,1,1,1,1,1,3,1,3,1,2,2,NA,1,1,2,1,1,1,3,2.17,1.33,NA,1.5
765,4,5,5,4,3,5,4,4,5,4,4,5,4,4,4,3,3,3,2,1,1,3,1,1,4.33,4.33,3.5,1.5
766,3,4,2,5,5,5,1,5,4,4,4,1,3,5,5,5,4,2,2,2,2,3,2,3,4,3.17,4,2.33
767,5,3,1,5,4,5,1,3,5,2,4,4,4,3,4,2,5,4,2,NA,2,1,1,2,3.83,3.17,3.67,NA
768,5,5,5,5,5,5,5,4,5,5,5,5,2,NA,2,2,1,1,2,2,1,1,NA,1,5,4.83,NA,NA
769,2,5,4,3,3,4,4,5,4,4,4,4,4,3,4,3,5,1,1,1,1,1,1,2,3.5,4.17,3.33,1.17
770,4,3,4,1,1,1,5,1,1,4,2,1,2,3,3,3,4,2,2,1,1,2,1,NA,2.33,2.33,2.83,NA
771,5,5,5,4,5,5,4,1,2,1,4,2,3,2,3,2,3,3,3,1,1,1,1,1,4.83,2.33,2.67,1.33
772,4,1,4,3,5,5,4,4,5,4,4,4,2,4,5,2,5,4,3,4,2,NA,2,5,3.67,4.17,3.67,NA
773,5,5,2,4,4,NA,1,2,5,3,4,4,5,2,3,2,2,NA,2,2,1,3,2,3,NA,3.17,NA,2.17
774,5,5,5,5,5,5,4,5,1,4,4,4,2,2,5,1,2,2,1,1,1,1,1,1,5,3.67,2.33,1
775,4,5,5,3,4,2,2,4,1,4,2,3,2,4,2,2,3,5,1,1,1,1,2,2,3.83,2.67,3,1.33
776,3,2,2,5,5,4,3,2,4,3,2,3,4,2,2,2,3,2,2,1,2,1,2,NA,3.5,2.83,2.5,NA
777,5,5,5,5,5,5,4,4,5,5,5,5,4,3,3,5,1,3,1,1,1,1,NA,1,5,4.67,3.17,NA
778,4,4,3,3,5,5,5,5,4,4,5,5,1,NA,1,1,1,2,1,1,1,1,1,1,4,4.67,NA,1
779,5,4,4,5,2,5,4,3,4,2,4,2,3,2,1,3,3,2,1,1,1,1,1,1,4.17,3.17,2.33,1
780,3,4,1,4,5,3,3,4,3,2,2,4,3,2,2,2,2,2,2,1,1,2,1,1,3.33,3,2.17,1.33
781,5,5,2,3,4,3,4,4,1,3,1,2,2,NA,3,1,2,2,1,2,2,2,1,1,3.67,2.5,NA,1.5
782,4,5,5,2,5,4,2,1,3,3,2,4,2,5,1,4,4,4,2,3,4,2,2,NA,4.17,2.5,3.33,NA
783,5,5,4,5,5,5,4,5,1,3,3,4,1,1,1,1,1,2,2,2,1,2,2,1,4.83,3.33,1.17,1.67
784,4,5,5,5,4,5,4,5,4,4,5,5,1,1,2,1,1,1,2,1,1,2,NA,1,4.67,4.5,1.17,NA
785,4,4,1,2,3,5,4,4,5,5,5,5,4,5,4,3,5,4,3,2,1,2,1,2,3.17,4.67,4.17,1.83
786,4,4,5,3,5,5,3,4,4,4,4,3,1,3,3,4,3,5,1,3,1,3,1,2,4.33,3.67,3.17,1.83
787,2,4,4,5,4,5,3,4,3,1,3,4,3,1,2,5,2,NA,1,1,2,NA,1,2,4,3,NA,NA
788,5,5,5,4,5,5,4,3,4,4,1,3,2,4,1,1,2,3,1,1,1,1,NA,3,4.83,3.17,2.17,NA
789,3,4,3,2,4,3,3,3,2,2,4,1,2,3,1,1,2,2,2,1,1,1,1,1,3.17,2.5,1.83,1.17
790,5,5,5,4,4,5,4,4,4,4,3,4,1,1,2,1,1,2,1,1,2,NA,1,1,4.67,3.83,1.33,NA
791,2,5,4,5,3,5,4,4,3,4,5,5,4,5,5,5,5,5,1,1,1,1,2,2,4,4.17,4.83,1.33
792,1,1,4,3,2,2,1,1,1,3,1,1,5,4,4,2,NA,5,1,1,1,1,1,NA,2.17,1.33,NA,NA
793,4,5,4,4,4,3,2,4,4,4,2,4,2,2,2,1,3,2,1,2,1,1,1,2,4,3.33,2,1.33
794,5,5,5,5,3,5,3,4,3,1,1,2,1,1,1,2,1,3,1,1,1,1,1,1,4.67,2.33,1.5,1
795,5,5,5,5,4,5,1,2,4,2,1,1,3,4,5,3,4,5,3,1,4,5,3,3,4.83,1.83,4,3.17
796,1,3,3,1,1,4,4,1,1,4,3,2,2,2,2,4,5,1,2,2,2,2,NA,2,2.17,2.5,2.67,NA
797,5,5,5,5,5,5,4,4,4,3,4,4,1,2,1,1,2,1,1,2,2,1,1,NA,5,3.83,1.33,NA
798,4,4,5,4,4,4,3,4,5,4,1,2,2,3,4,2,2,3,2,2,1,1,2,2,4.17,3.17,2.67,1.67
799,1,4,1,4,4,4,1,2,3,1,2,2,4,2,2,2,3,NA,2,3,2,3,3,1,3,1.83,NA,2.33
800,5,4,4,3,5,5,5,5,3,4,5,4,2,2,5,2,2,3,1,1,1,2,1,1,4.33,4.33,2.67,1.17
801,5,5,5,4,5,5,5,5,4,5,4,5,1,1,4,1,3,3,1,1,1,1,1,NA,4.83,4.67,2.17,NA
802,5,3,4,3,4,3,5,5,4,5,5,4,4,3,2,3,2,3,5,3,2,2,NA,3,3.67,4.67,2.83,NA
803,2,3,5,4,4,4,5,3,1,2,2,2,2,2,2,2,2,1,1,1,2,1,1,2,3.67,2.5,1.83,1.33
804,5,5,5,4,4,5,5,1,2,1,2,2,5,4,4,4,5,5,1,1,1,1,1,1,4.67,2.17,4.5,1
805,3,3,4,3,4,3,4,3,4,1,3,4,4,2,2,1,1,2,1,1,1,1,1,1,3.33,3.17,2,1
806,3,2,4,3,3,3,4,2,3,4,4,4,3,2,4,3,2,5,4,3,3,2,3,2,3,3.5,3.17,2.83
807,2,4,2,4,3,3,4,2,4,2,3,5,5,2,3,5,2,5,2,4,3,3,1,3,3,3.33,3.67,2.67
808,4,5,3,5,4,4,5,5,4,4,5,4,4,NA,2,3,2,2,3,1,3,1,NA,2,4.17,4.5,NA,NA
809,5,4,4,3,3,4,2,3,3,3,1,1,1,1,2,1,1,2,2,1,1,1,1,1,3.83,2.17,1.33,1.17
810,3,5,5,4,5,4,5,4,4,4,5,5,3,2,2,3,1,1,1,1,1,1,1,NA,4.33,4.5,2,NA
811,2,3,4,2,2,NA,5,1,1,4,5,5,5,5,2,1,3,NA,3,2,3,NA,3,2,NA,3.5,NA,NA
812,2,4,4,5,5,4,1,4,3,1,1,3,3,3,2,3,2,2,1,1,1,1,1,NA,4,2.17,2.5,NA
813,5,5,5,5,5,5,3,2,2,2,3,2,3,2,3,2,3,4,2,1,1,1,1,1,5,2.33,2.83,1.17
814,2,5,3,5,3,4,4,4,4,2,3,4,5,4,3,5,4,NA,3,1,2,1,1,1,3.67,3.5,NA,1.5
815,3,3,5,3,3,3,4,5,4,3,4,4,1,2,2,2,2,3,2,1,1,1,1,1,3.33,4,2,1.17
816,5,5,5,5,5,4,4,4,5,2,3,1,4,3,3,2,3,3,2,1,1,1,1,1,4.83,3.17,3,1.17
817,5,4,4,4,3,3,1,4,1,2,3,2,4,5,4,3,5,2,2,3,2,1,1,2,3.83,2.17,3.83,1.83
818,5,5,4,2,4,5,4,3,3,4,3,5,5,5,5,3,2,4,1,3,2,1,1,2,4.17,3.67,4,1.67
819,5,2,5,3,5,4,5,4,4,4,4,5,2,4,3,5,1,2,1,1,1,1,2,NA,4,4.33,2.83,NA
820,2,4,4,4,4,4,4,4,4,4,4,2,5,3,2,3,5,5,3,1,2,3,2,3,3.67,3.67,3.83,2.33
821,5,5,5,4,5,5,4,5,4,4,5,5,2,2,2,2,3,2,2,NA,1,1,1,NA,4.83,4.5,2.17,NA
822,3,2,4,2,2,5,5,5,5,4,5,5,5,3,5,3,2,4,1,1,1,1,1,1,3,4.83,3.67,1
823,2,5,4,4,4,2,1,1,4,3,3,4,3,5,4,5,2,4,2,1,1,3,NA,1,3.5,2.67,3.83,NA
824,5,5,5,5,4,2,3,3,3,2,2,3,3,4,2,3,2,2,1,1,1,1,1,1,4.33,2.67,2.67,1
825,2,4,2,4,3,2,1,1,1,3,1,2,3,1,2,2,4,2,1,1,3,1,1,1,2.83,1.5,2.33,1.33
826,4,4,4,5,4,4,4,3,1,3,4,1,2,2,2,2,2,2,2,3,2,NA,3,1,4.17,2.67,2,NA
827,5,1,3,4,4,3,4,3,1,1,4,4,1,NA,1,1,2,3,2,2,2,2,1,1,3.33,2.83,NA,1.67
828,4,4,2,4,3,3,2,2,1,4,4,3,4,4,2,5,5,3,2,1,1,NA,2,2,3.33,2.67,3.83,NA
829,5,5,5,4,5,5,5,4,4,4,5,4,5,NA,3,3,2,2,3,3,2,2,1,2,4.83,4.33,NA,2.17
830,5,5,5,4,5,5,5,4,3,4,4,2,3,5,4,3,2,1,1,2,1,1,1,1,4.83,3.67,3,1.17
831,5,5,5,5,5,5,5,5,5,2,5,4,2,NA,1,2,1,1,1,1,1,NA,1,1,5,4.33,NA,NA
832,1,2,4,2,2,4,2,3,4,2,2,3,5,2,4,5,3,2,2,2,2,2,2,3,2.5,2.67,3.5,2.17
833,5,3,5,3,5,2,4,4,4,3,4,1,3,4,4,4,4,2,1,2,1,1,1,1,3.83,3.33,3.5,1.17
834,3,4,2,5,5,4,5,4,5,5,5,5,1,1,3,2,4,2,1,1,1,1,1,1,3.83,4.83,2.17,1
835,4,3,4,4,4,3,4,4,5,4,3,3,1,3,2,3,1,2,1,2,2,1,1,1,3.67,3.83,2,1.33
836,5,5,5,5,5,5,4,5,5,5,4,4,3,2,2,1,2,2,1,1,1,1,2,1,5,4.5,2,1.17
837,3,5,4,3,4,4,1,3,2,3,2,4,5,3,3,3,4,4,2,2,2,2,1,1,3.83,2.5,3.67,1.67
838,5,4,4,3,3,5,3,5,3,5,4,4,2,3,1,2,2,2,1,1,1,1,1,1,4,4,2,1
839,2,4,5,4,4,5,1,4,3,5,4,4,5,NA,5,4,5,NA,2,1,1,1,3,1,4,3.5,NA,1.5
840,4,5,4,5,4,4,3,1,3,4,4,3,2,4,2,1,3,2,1,1,1,1,1,1,4.33,3,2.33,1
841,5,4,5,5,5,5,4,5,4,4,4,4,2,2,1,1,2,1,1,2,1,1,1,1,4.83,4.17,1.5,1.17
842,1,1,1,1,1,1,3,4,3,4,5,3,4,5,2,4,3,2,2,3,1,3,3,NA,1,3.67,3.33,NA
843,3,4,2,4,5,5,4,4,5,3,3,3,2,2,2,2,2,3,1,1,1,1,1,1,3.83,3.67,2.17,1
844,2,2,4,5,4,2,5,4,3,4,5,5,3,5,3,5,5,5,1,3,1,1,1,3,3.17,4.33,4.33,1.67
845,2,3,2,4,1,2,2,1,1,1,1,2,2,NA,3,4,5,5,2,NA,3,3,2,NA,2.33,1.33,NA,NA
846,4,4,4,5,5,4,4,4,4,5,3,4,2,1,4,2,1,2,1,1,2,1,1,1,4.33,4,2,1.17
847,3,1,2,4,4,4,4,4,3,5,4,4,5,5,2,5,NA,5,2,2,2,2,NA,1,3,4,NA,NA
848,5,5,5,5,5,5,3,4,4,5,3,4,2,1,2,2,2,2,1,1,1,1,NA,1,5,3.83,1.83,NA
849,5,5,5,5,5,5,5,5,4,4,5,4,2,2,2,5,4,3,1,1,1,2,1,1,5,4.5,3,1.17
850,5,3,4,3,3,3,4,3,2,4,1,2,1,2,1,1,3,1,1,1,1,1,1,1,3.5,2.67,1.5,1
851,4,4,4,5,5,4,1,3,1,1,1,1,4,1,3,1,2,3,1,2,1,NA,1,2,4.33,1.33,2.33,NA
852,4,3,4,3,5,5,5,4,5,4,5,3,2,3,1,4,2,2,2,1,1,2,2,1,4,4.33,2.33,1.5
853,5,5,5,5,4,5,3,4,3,5,5,2,5,3,5,4,4,4,1,2,2,2,2,3,4.83,3.67,4.17,2
854,2,4,3,4,4,5,4,1,2,1,2,1,5,4,5,5,5,5,2,3,2,3,3,3,3.67,1.83,4.83,2.67
855,1,3,2,4,3,1,1,2,1,1,2,1,5,3,3,5,3,3,2,2,2,2,2,NA,2.33,1.33,3.67,NA
856,5,4,5,4,4,5,4,4,4,5,4,3,3,3,2,5,2,3,3,1,2,2,2,2,4.5,4,3,2
857,4,2,5,5,5,3,4,5,5,5,4,5,2,NA,2,2,3,1,1,1,1,1,1,1,4,4.67,NA,1
858,5,4,5,5,5,4,3,4,4,4,5,3,4,3,5,3,4,1,2,2,1,1,2,2,4.67,3.83,3.33,1.67
859,5,3,4,3,5,5,3,5,4,4,4,5,2,3,1,1,2,3,1,1,1,3,1,2,4.17,4.17,2,1.5
860,5,5,5,4,5,5,4,4,5,4,5,5,1,2,2,5,2,2,2,1,1,2,1,2,4.83,4.5,2.33,1.5
861,4,4,4,4,4,5,3,5,3,5,4,3,3,3,1,2,2,2,1,1,2,1,NA,2,4.17,3.83,2.17,NA
862,4,4,5,3,4,5,4,2,4,4,4,4,2,2,3,2,3,2,1,2,1,1,NA,2,4.17,3.67,2.33,NA
863,4,4,5,3,5,4,5,3,5,5,5,5,1,1,1,1,1,1,1,2,2,1,2,1,4.17,4.67,1,1.5
864,4,2,3,2,5,5,2,4,2,1,4,2,2,2,3,4,3,2,1,1,2,1,1,1,3.5,2.5,2.67,1.17
865,5,3,4,3,5,5,5,5,4,4,5,4,2,2,1,2,4,4,1,1,1,1,2,1,4.17,4.5,2.5,1.17
866,5,4,5,2,4,3,3,4,1,4,4,4,2,4,5,5,4,2,2,2,1,2,2,2,3.83,3.33,3.67,1.83
867,1,1,4,2,2,3,2,3,4,3,2,1,2,3,4,3,3,3,2,3,2,2,2,2,2.17,2.5,3,2.17
868,4,2,1,1,2,1,4,4,2,4,5,3,3,2,2,4,2,4,2,2,3,5,3,2,1.83,3.67,2.83,2.83
869,5,5,5,5,5,5,4,4,2,3,4,4,3,4,2,2,NA,4,5,3,3,2,3,4,5,3.5,NA,3.33
870,5,5,5,4,4,4,1,1,3,3,4,4,2,1,1,2,1,1,1,2,1,2,1,1,4.5,2.67,1.33,1.33
871,3,3,4,5,1,5,4,3,4,4,4,4,1,5,2,2,3,NA,1,1,2,2,1,NA,3.5,3.83,NA,NA
872,4,3,2,3,2,3,3,4,4,1,4,4,5,5,5,5,4,5,2,1,3,2,NA,3,2.83,3.33,4.83,NA
873,1,2,4,2,2,3,3,5,4,3,4,3,3,5,3,4,3,3,3,1,3,3,2,4,2.33,3.67,3.5,2.67
874,3,3,5,4,4,5,2,3,1,3,3,2,1,1,2,2,NA,2,1,1,1,1,1,1,4,2.33,NA,1
875,4,4,5,5,3,5,4,4,5,4,5,4,5,5,3,2,4,2,1,NA,1,1,1,1,4.33,4.33,3.5,NA
876,5,4,4,4,5,5,2,4,3,3,1,2,5,NA,5,5,5,5,3,3,3,3,3,3,4.5,2.5,NA,3
877,2,3,3,3,4,3,2,4,3,2,3,1,4,3,4,5,4,5,2,1,1,2,3,2,3,2.5,4.17,1.83
878,4,5,5,3,3,3,4,5,3,1,3,5,5,5,5,5,5,NA,2,4,2,NA,NA,3,3.83,3.5,NA,NA
879,4,3,2,4,4,3,4,4,3,2,1,4,4,4,3,3,3,5,3,3,2,3,2,1,3.33,3,3.67,2.33
880,5,4,5,4,4,3,4,5,5,4,4,4,1,NA,2,1,1,4,2,2,2,2,2,3,4.17,4.33,NA,2.17
881,2,5,4,5,4,4,1,4,4,2,2,4,5,4,4,2,2,4,1,1,1,2,1,NA,4,2.83,3.5,NA
882,5,5,5,5,5,5,4,2,4,4,3,4,1,2,1,2,2,2,2,1,2,1,1,2,5,3.5,1.67,1.5
883,2,4,4,3,4,5,4,4,4,4,4,3,1,1,2,3,3,3,1,2,1,1,2,1,3.67,3.83,2.17,1.33
884,4,4,5,4,3,4,2,3,5,4,2,4,2,3,3,2,1,1,2,NA,1,NA,1,NA,4,3.33,2,NA
885,4,4,1,2,1,5,4,4,3,4,5,4,5,4,3,2,5,3,3,2,3,2,NA,1,2.83,4,3.67,NA
886,5,5,4,5,5,5,4,4,4,5,5,2,2,3,2,2,1,NA,2,2,1,1,2,1,4.83,4,NA,1.5
887,5,5,3,4,5,5,3,4,3,3,5,4,2,2,2,4,4,2,1,1,1,NA,1,2,4.5,3.67,2.67,NA
888,4,3,2,1,4,3,4,5,5,5,5,5,2,2,1,2,1,1,1,1,1,1,1,1,2.83,4.83,1.5,1
889,5,5,5,5,5,5,3,2,4,1,2,1,4,3,3,5,NA,5,1,2,2,1,2,NA,5,2.17,NA,NA
890,5,2,4,1,2,5,3,4,4,3,5,1,1,2,3,2,4,4,1,3,1,1,2,1,3.17,3.33,2.67,1.5
891,5,5,5,4,5,NA,4,4,4,4,4,3,3,3,3,3,3,5,1,1,1,1,2,3,NA,3.83,3.33,1.5
892,2,4,3,3,2,3,3,4,4,4,3,4,5,4,5,2,4,4,2,3,2,2,3,2,2.83,3.67,4,2.33
893,4,3,3,4,2,3,4,4,4,5,5,5,5,5,2,5,4,5,3,5,2,2,3,5,3.17,4.5,4.33,3.33
894,1,4,2,4,5,2,3,5,4,5,3,4,4,4,2,2,3,2,1,2,2,2,3,3,3,4,2.83,2.17
895,4,3,4,3,4,4,4,5,4,4,3,4,2,5,4,2,3,NA,2,2,2,3,3,2,3.67,4,NA,2.33
896,2,2,1,1,2,5,4,4,4,4,4,5,2,2,2,2,3,3,2,1,1,2,NA,1,2.17,4.17,2.33,NA
897,4,3,3,4,5,2,4,1,3,1,1,4,3,2,2,4,5,2,2,1,2,1,3,1,3.5,2.33,3,1.67
898,2,1,1,2,3,NA,1,1,1,1,1,4,2,2,2,4,2,2,1,1,1,1,NA,1,NA,1.5,2.33,NA
899,1,2,1,1,1,1,2,4,1,2,1,4,1,5,5,2,2,NA,2,1,2,1,2,2,1.17,2.33,NA,1.67
900,4,4,5,4,4,5,4,3,2,2,2,4,1,1,1,2,1,2,1,1,1,2,1,1,4.33,2.83,1.33,1.17
901,5,4,3,4,5,4,1,4,2,3,3,2,2,3,4,3,4,3,1,1,2,1,2,3,4.17,2.5,3.17,1.67
902,4,5,5,4,4,5,4,3,4,4,4,2,2,3,2,3,3,3,2,3,1,2,2,3,4.5,3.5,2.67,2.17
903,2,3,1,3,2,3,3,4,4,4,3,3,2,1,2,2,NA,2,1,1,1,1,1,1,2.33,3.5,NA,1
904,3,4,2,4,4,NA,2,4,3,4,3,3,1,1,1,1,2,2,1,3,2,1,1,1,NA,3.17,1.33,1.5
905,5,5,5,5,5,5,4,4,4,4,3,5,3,2,2,4,3,2,2,1,2,NA,1,1,5,4,2.67,NA
906,4,5,5,4,4,2,4,3,2,5,3,3,3,3,3,5,NA,3,3,1,1,2,2,2,4,3.33,NA,1.83
907,1,3,2,3,1,1,4,1,4,4,4,4,2,2,1,2,2,2,1,2,1,2,1,1,1.83,3.5,1.83,1.33
908,2,5,1,4,4,3,5,5,5,4,3,4,1,1,2,2,1,1,1,3,2,2,1,2,3.17,4.33,1.33,1.83
909,4,4,4,4,4,4,3,4,4,4,5,4,2,5,3,3,2,NA,3,5,3,5,3,3,4,4,NA,3.67
910,3,3,4,1,2,4,2,2,4,2,3,3,3,2,3,2,2,1,1,1,1,1,1,1,2.83,2.67,2.17,1
911,3,2,4,2,5,5,4,4,5,4,4,5,5,5,5,5,5,5,5,3,3,3,3,2,3.5,4.33,5,3.17
912,5,4,5,3,5,5,1,1,1,1,1,2,2,4,3,3,4,2,2,1,1,NA,1,NA,4.5,1.17,3,NA
913,4,4,3,5,5,4,4,5,4,5,4,5,4,2,2,3,4,3,1,1,1,1,NA,1,4.17,4.5,3,NA
914,3,4,4,3,4,4,4,4,4,5,5,5,2,5,3,4,2,5,1,3,1,3,3,3,3.67,4.5,3.5,2.33
915,1,3,4,3,4,3,3,3,3,4,3,2,2,1,1,2,4,2,1,1,1,1,1,1,3,3,2,1
916,5,4,3,1,4,3,4,4,2,4,3,4,3,2,2,3,3,5,3,2,2,1,NA,3,3.33,3.5,3,NA
917,3,4,4,4,5,3,2,1,2,1,1,1,5,3,2,3,4,3,1,2,1,1,1,1,3.83,1.33,3.33,1.17
918,3,2,1,2,3,3,1,1,1,1,1,1,2,1,1,2,3,2,2,3,2,3,3,2,2.33,1,1.83,2.5
919,1,4,4,4,2,5,4,4,3,3,2,4,2,2,1,1,2,1,1,1,1,2,1,2,3.33,3.33,1.5,1.33
920,4,5,5,4,4,4,3,3,3,2,4,4,5,2,5,2,3,5,3,3,2,1,3,3,4.33,3.17,3.67,2.5
921,3,3,2,1,1,4,5,4,4,5,5,4,5,4,5,5,2,NA,3,2,3,NA,4,2,2.33,4.5,NA,NA
922,2,5,4,5,3,3,3,3,3,4,1,2,2,2,5,5,4,5,2,1,1,2,1,1,3.67,2.67,3.83,1.33
923,5,4,4,4,4,5,2,1,3,2,2,1,2,4,2,3,3,5,3,3,1,3,3,2,4.33,1.83,3.17,2.5
924,3,3,2,4,1,1,4,2,4,4,5,4,5,2,2,2,3,3,2,2,1,NA,2,1,2.33,3.83,2.83,NA
925,5,5,5,5,5,5,4,2,4,4,4,4,4,4,3,3,5,5,1,2,1,NA,3,1,5,3.67,4,NA
926,5,5,5,5,5,5,3,2,5,4,5,3,5,5,5,5,5,5,1,1,1,1,2,1,5,3.67,5,1.17
927,1,4,3,4,3,1,3,2,2,3,2,1,3,4,5,2,3,3,1,2,2,2,2,2,2.67,2.17,3.33,1.83
928,4,5,5,1,4,5,1,3,4,3,5,3,1,4,2,2,3,2,3,2,2,2,2,3,4,3.17,2.33,2.33
929,2,4,5,4,4,5,2,2,3,2,2,1,5,5,5,4,2,3,4,5,2,2,1,1,4,2,4,2.5
930,3,1,4,2,3,3,5,5,5,4,5,4,3,2,2,4,3,4,2,2,2,1,1,1,2.67,4.67,3,1.5
931,2,2,4,1,4,4,3,2,3,2,1,3,2,2,4,5,4,2,3,2,3,3,3,3,2.83,2.33,3.17,2.83
932,5,4,5,5,2,5,4,4,4,3,5,1,3,2,2,2,3,2,1,1,1,1,1,1,4.33,3.5,2.33,1